country_iso3,year,population,padded_population_of_researchers,paddedpop,number_of_inmigrations,number_of_outmigrations,netmigration,outmigrationrate,inmigrationrate,netmigrationrate,decade,population_growth_rate,researcher_density_per_1000,migration_status
ABW,1996,79417.0,,,,,,,,,1990s,,,Unknown
ABW,1997,81858.0,1.0,1.0,0.0,0.0,0.0,0.0,0.0,0.0,1990s,0.0307,0.012,Balanced
ABW,1998,84355.0,,,,,,,,,1990s,0.0305,,Unknown
ABW,1999,86867.0,,,,,,,,,1990s,0.0298,,Unknown
ABW,2000,89101.0,2.0,2.0,0.0,0.0,0.0,0.0,0.0,0.0,2000s,0.0257,0.022,Balanced
ABW,2001,90691.0,,,,,,,,,2000s,0.0178,,Unknown
ABW,2002,91781.0,,,,,,,,,2000s,0.012,,Unknown
ABW,2003,92701.0,,,,,,,,,2000s,0.01,,Unknown
ABW,2004,93540.0,,,,,,,,,2000s,0.0091,,Unknown
ABW,2005,94483.0,,,,,,,,,2000s,0.0101,,Unknown
ABW,2006,95606.0,,,,,,,,,2000s,0.0119,,Unknown
ABW,2007,96787.0,,,,,,,,,2000s,0.0124,,Unknown
ABW,2008,97996.0,,,,,,,,,2000s,0.0125,,Unknown
ABW,2009,99212.0,9.0,9.0,0.0,0.0,0.0,0.0,0.0,0.0,2000s,0.0124,0.091,Balanced
ABW,2010,100341.0,11.0,11.0,1.0,0.0,1.0,0.0,0.09090909,0.09090909,2010s,0.0114,0.11,Brain Gain
ABW,2011,101288.0,14.0,14.0,0.0,0.0,0.0,0.0,0.0,0.0,2010s,0.0094,0.138,Balanced
ABW,2012,102112.0,18.0,18.0,1.0,3.0,-2.0,0.16666667,0.055555556,-0.11111111,2010s,0.0081,0.176,Brain Drain
ABW,2013,102880.0,19.0,19.0,1.0,1.0,0.0,0.05263158,0.05263158,0.0,2010s,0.0075,0.185,Balanced
ABW,2014,103594.0,20.0,20.0,2.0,1.0,1.0,0.05,0.1,0.05,2010s,0.0069,0.193,Brain Gain
ABW,2015,104257.0,18.0,18.0,2.0,4.0,-2.0,0.22222222,0.11111111,-0.11111111,2010s,0.0064,0.173,Brain Drain
ABW,2016,104874.0,16.0,16.0,0.0,1.0,-1.0,0.0625,0.0,-0.0625,2010s,0.0059,0.153,Brain Drain
ABW,2017,105439.0,,,,,,,,,2010s,0.0054,,Unknown
ABW,2018,105962.0,,,,,,,,,2010s,0.005,,Unknown
ABW,2019,106442.0,27.0,27.0,6.0,0.0,6.0,0.0,0.22222222,0.22222222,2010s,0.0045,0.254,Brain Gain
ABW,2020,106585.0,24.0,24.0,2.0,4.0,-2.0,0.16666667,0.083333336,-0.083333336,2020s,0.0013,0.225,Brain Drain
ABW,2021,106537.0,27.0,27.0,4.0,3.0,1.0,0.11111111,0.14814815,0.037037037,2020s,-0.0005,0.253,Brain Gain
ABW,2022,106445.0,0.0,0.0,5.0,1.0,4.0,,,,2020s,-0.0009,0.0,Brain Gain
ABW,2023,106445.0,,,,,,,,,2020s,0.0,,Unknown
AFG,1996,17106595.0,,,,,,,,,1990s,,,Unknown
AFG,1997,17788819.0,,,,,,,,,1990s,0.0399,,Unknown
AFG,1998,18493132.0,,,,,,,,,1990s,0.0396,,Unknown
AFG,1999,19262847.0,6.0,6.0,1.0,0.0,1.0,0.0,0.16666667,0.16666667,1990s,0.0416,0.0,Brain Gain
AFG,2000,19542982.0,10.0,10.0,2.0,0.0,2.0,0.0,0.2,0.2,2000s,0.0145,0.001,Brain Gain
AFG,2001,19688632.0,15.0,15.0,0.0,2.0,-2.0,0.13333334,0.0,-0.13333334,2000s,0.0075,0.001,Brain Drain
AFG,2002,21000256.0,18.0,18.0,2.0,1.0,1.0,0.055555556,0.11111111,0.055555556,2000s,0.0666,0.001,Brain Gain
AFG,2003,22645130.0,24.0,24.0,6.0,3.0,3.0,0.125,0.25,0.125,2000s,0.0783,0.001,Brain Gain
AFG,2004,23553551.0,33.0,33.0,7.0,2.0,5.0,0.060606062,0.21212122,0.15151516,2000s,0.0401,0.001,Brain Gain
AFG,2005,24411191.0,39.0,39.0,5.0,6.0,-1.0,0.15384616,0.12820514,-0.025641026,2000s,0.0364,0.002,Brain Drain
AFG,2006,25442944.0,50.0,50.0,10.0,6.0,4.0,0.12,0.2,0.08,2000s,0.0423,0.002,Brain Gain
AFG,2007,25903301.0,60.0,60.0,2.0,6.0,-4.0,0.1,0.033333335,-0.06666667,2000s,0.0181,0.002,Brain Drain
AFG,2008,26427199.0,68.0,68.0,6.0,10.0,-4.0,0.14705883,0.0882353,-0.05882353,2000s,0.0202,0.003,Brain Drain
AFG,2009,27385307.0,105.0,105.0,22.0,6.0,16.0,0.057142857,0.20952381,0.15238096,2000s,0.0363,0.004,Brain Gain
AFG,2010,28189672.0,124.0,124.0,16.0,13.0,3.0,0.10483871,0.12903225,0.024193548,2010s,0.0294,0.004,Brain Gain
AFG,2011,29249157.0,144.0,144.0,16.0,12.0,4.0,0.083333336,0.11111111,0.027777778,2010s,0.0376,0.005,Brain Gain
AFG,2012,30466479.0,165.0,165.0,15.0,9.0,6.0,0.054545455,0.09090909,0.036363635,2010s,0.0416,0.005,Brain Gain
AFG,2013,31541209.0,157.0,157.0,7.0,16.0,-9.0,0.10191083,0.044585988,-0.05732484,2010s,0.0353,0.005,Brain Drain
AFG,2014,32716210.0,171.0,171.0,13.0,14.0,-1.0,0.081871346,0.07602339,-0.0058479533,2010s,0.0373,0.005,Brain Drain
AFG,2015,33753499.0,192.0,192.0,23.0,20.0,3.0,0.104166664,0.119791664,0.015625,2010s,0.0317,0.006,Brain Gain
AFG,2016,34636207.0,251.0,251.0,29.0,8.0,21.0,0.03187251,0.11553785,0.08366534,2010s,0.0262,0.007,Brain Gain
AFG,2017,35643418.0,328.0,328.0,45.0,25.0,20.0,0.076219514,0.13719513,0.06097561,2010s,0.0291,0.009,Brain Gain
AFG,2018,36686784.0,421.0,421.0,53.0,22.0,31.0,0.052256532,0.12589073,0.07363421,2010s,0.0293,0.011,Brain Gain
AFG,2019,37769499.0,487.0,487.0,54.0,50.0,4.0,0.1026694,0.11088296,0.008213553,2010s,0.0295,0.013,Brain Gain
AFG,2020,38972230.0,527.0,527.0,47.0,58.0,-11.0,0.11005693,0.08918406,-0.020872865,2020s,0.0318,0.014,Brain Drain
AFG,2021,40099462.0,485.0,485.0,27.0,68.0,-41.0,0.14020619,0.055670105,-0.08453608,2020s,0.0289,0.012,Brain Drain
AFG,2022,41128771.0,0.0,0.0,26.0,34.0,-8.0,,,,2020s,0.0257,0.0,Brain Drain
AFG,2023,41128771.0,0.0,0.0,20.0,27.0,-7.0,,,,2020s,0.0,0.0,Brain Drain
AGO,1996,14383350.0,10.0,10.0,0.0,0.0,0.0,0.0,0.0,0.0,1990s,,0.001,Balanced
AGO,1997,14871146.0,13.0,13.0,0.0,2.0,-2.0,0.15384616,0.0,-0.15384616,1990s,0.0339,0.001,Brain Drain
AGO,1998,15366864.0,21.0,21.0,3.0,0.0,3.0,0.0,0.14285715,0.14285715,1990s,0.0333,0.001,Brain Gain
AGO,1999,15870753.0,24.0,24.0,2.0,2.0,0.0,0.083333336,0.083333336,0.0,1990s,0.0328,0.002,Balanced
AGO,2000,16394062.0,24.0,24.0,1.0,2.0,-1.0,0.083333336,0.041666668,-0.041666668,2000s,0.033,0.001,Brain Drain
AGO,2001,16941587.0,23.0,23.0,2.0,4.0,-2.0,0.17391305,0.08695652,-0.08695652,2000s,0.0334,0.001,Brain Drain
AGO,2002,17516139.0,27.0,27.0,4.0,3.0,1.0,0.11111111,0.14814815,0.037037037,2000s,0.0339,0.002,Brain Gain
AGO,2003,18124342.0,38.0,38.0,5.0,0.0,5.0,0.0,0.13157895,0.13157895,2000s,0.0347,0.002,Brain Gain
AGO,2004,18771125.0,44.0,44.0,4.0,3.0,1.0,0.06818182,0.09090909,0.022727273,2000s,0.0357,0.002,Brain Gain
AGO,2005,19450959.0,48.0,48.0,6.0,5.0,1.0,0.104166664,0.125,0.020833334,2000s,0.0362,0.002,Brain Gain
AGO,2006,20162340.0,57.0,57.0,4.0,1.0,3.0,0.01754386,0.07017544,0.05263158,2000s,0.0366,0.003,Brain Gain
AGO,2007,20909684.0,68.0,68.0,2.0,2.0,0.0,0.029411765,0.029411765,0.0,2000s,0.0371,0.003,Balanced
AGO,2008,21691522.0,75.0,75.0,4.0,7.0,-3.0,0.093333334,0.053333335,-0.04,2000s,0.0374,0.003,Brain Drain
AGO,2009,22507674.0,85.0,85.0,6.0,2.0,4.0,0.023529412,0.07058824,0.047058824,2000s,0.0376,0.004,Brain Gain
AGO,2010,23364185.0,99.0,99.0,4.0,4.0,0.0,0.04040404,0.04040404,0.0,2010s,0.0381,0.004,Balanced
AGO,2011,24259111.0,118.0,118.0,7.0,2.0,5.0,0.016949153,0.059322033,0.042372882,2010s,0.0383,0.005,Brain Gain
AGO,2012,25188292.0,134.0,134.0,9.0,6.0,3.0,0.04477612,0.06716418,0.02238806,2010s,0.0383,0.005,Brain Gain
AGO,2013,26147002.0,156.0,156.0,12.0,2.0,10.0,0.012820513,0.07692308,0.06410257,2010s,0.0381,0.006,Brain Gain
AGO,2014,27128337.0,178.0,178.0,17.0,6.0,11.0,0.033707865,0.09550562,0.061797753,2010s,0.0375,0.007,Brain Gain
AGO,2015,28127721.0,200.0,200.0,16.0,4.0,12.0,0.02,0.08,0.06,2010s,0.0368,0.007,Brain Gain
AGO,2016,29154746.0,207.0,207.0,7.0,11.0,-4.0,0.053140096,0.033816423,-0.019323671,2010s,0.0365,0.007,Brain Drain
AGO,2017,30208628.0,225.0,225.0,11.0,13.0,-2.0,0.057777777,0.04888889,-0.008888889,2010s,0.0361,0.007,Brain Drain
AGO,2018,31273533.0,222.0,222.0,13.0,10.0,3.0,0.045045044,0.058558557,0.013513514,2010s,0.0353,0.007,Brain Gain
AGO,2019,32353588.0,253.0,253.0,23.0,5.0,18.0,0.019762846,0.09090909,0.07114624,2010s,0.0345,0.008,Brain Gain
AGO,2020,33428486.0,245.0,245.0,8.0,7.0,1.0,0.028571429,0.03265306,0.0040816325,2020s,0.0332,0.007,Brain Gain
AGO,2021,34503774.0,244.0,244.0,19.0,9.0,10.0,0.036885247,0.07786885,0.040983606,2020s,0.0322,0.007,Brain Gain
AGO,2022,35588987.0,0.0,0.0,7.0,9.0,-2.0,,,,2020s,0.0315,0.0,Brain Drain
AGO,2023,35588987.0,,,,,,,,,2020s,0.0,,Unknown
AIA,2012,,5.0,5.0,1.0,0.0,1.0,0.0,0.2,0.2,2010s,,,Brain Gain
AIA,2013,,12.0,12.0,1.0,0.0,1.0,0.0,0.083333336,0.083333336,2010s,,,Brain Gain
AIA,2014,,20.0,20.0,4.0,0.0,4.0,0.0,0.2,0.2,2010s,,,Brain Gain
AIA,2015,,22.0,22.0,2.0,0.0,2.0,0.0,0.09090909,0.09090909,2010s,,,Brain Gain
AIA,2016,,23.0,23.0,1.0,0.0,1.0,0.0,0.04347826,0.04347826,2010s,,,Brain Gain
AIA,2018,,16.0,16.0,1.0,1.0,0.0,0.0625,0.0625,0.0,2010s,,,Balanced
AIA,2019,,11.0,11.0,0.0,1.0,-1.0,0.09090909,0.0,-0.09090909,2010s,,,Brain Drain
AIA,2020,,12.0,12.0,2.0,3.0,-1.0,0.25,0.16666667,-0.083333336,2020s,,,Brain Drain
ALB,1996,3168033.0,77.0,77.0,0.0,0.0,0.0,0.0,0.0,0.0,1990s,,0.024,Balanced
ALB,1997,3148281.0,96.0,96.0,3.0,3.0,0.0,0.03125,0.03125,0.0,1990s,-0.0062,0.03,Balanced
ALB,1998,3128530.0,109.0,109.0,5.0,4.0,1.0,0.036697246,0.04587156,0.0091743115,1990s,-0.0063,0.035,Brain Gain
ALB,1999,3108778.0,113.0,113.0,2.0,5.0,-3.0,0.044247787,0.017699115,-0.026548672,1990s,-0.0063,0.036,Brain Drain
ALB,2000,3089027.0,131.0,131.0,4.0,7.0,-3.0,0.053435113,0.030534351,-0.022900764,2000s,-0.0064,0.042,Brain Drain
ALB,2001,3060173.0,132.0,132.0,3.0,6.0,-3.0,0.045454547,0.022727273,-0.022727273,2000s,-0.0093,0.043,Brain Drain
ALB,2002,3051010.0,137.0,137.0,3.0,6.0,-3.0,0.04379562,0.02189781,-0.02189781,2000s,-0.003,0.045,Brain Drain
ALB,2003,3039616.0,138.0,138.0,3.0,6.0,-3.0,0.04347826,0.02173913,-0.02173913,2000s,-0.0037,0.045,Brain Drain
ALB,2004,3026939.0,152.0,152.0,4.0,7.0,-3.0,0.04605263,0.02631579,-0.019736841,2000s,-0.0042,0.05,Brain Drain
ALB,2005,3011487.0,180.0,180.0,8.0,5.0,3.0,0.027777778,0.044444446,0.016666668,2000s,-0.0051,0.06,Brain Gain
ALB,2006,2992547.0,212.0,212.0,9.0,6.0,3.0,0.028301887,0.04245283,0.014150944,2000s,-0.0063,0.071,Brain Gain
ALB,2007,2970017.0,292.0,292.0,14.0,3.0,11.0,0.0102739725,0.047945205,0.037671234,2000s,-0.0075,0.098,Brain Gain
ALB,2008,2947314.0,396.0,396.0,10.0,6.0,4.0,0.015151516,0.025252525,0.01010101,2000s,-0.0076,0.134,Brain Gain
ALB,2009,2927519.0,507.0,507.0,17.0,4.0,13.0,0.007889546,0.03353057,0.025641026,2000s,-0.0067,0.173,Brain Gain
ALB,2010,2913021.0,635.0,635.0,21.0,15.0,6.0,0.023622047,0.033070866,0.009448819,2010s,-0.005,0.218,Brain Gain
ALB,2011,2905195.0,793.0,793.0,15.0,16.0,-1.0,0.020176545,0.01891551,-0.001261034,2010s,-0.0027,0.273,Brain Drain
ALB,2012,2900401.0,947.0,947.0,32.0,16.0,16.0,0.01689546,0.03379092,0.01689546,2010s,-0.0017,0.327,Brain Gain
ALB,2013,2895092.0,1004.0,1004.0,22.0,24.0,-2.0,0.023904383,0.021912351,-0.001992032,2010s,-0.0018,0.347,Brain Drain
ALB,2014,2889104.0,1073.0,1073.0,31.0,14.0,17.0,0.01304753,0.02889096,0.01584343,2010s,-0.0021,0.371,Brain Gain
ALB,2015,2880703.0,1067.0,1067.0,22.0,23.0,-1.0,0.021555765,0.020618556,-0.00093720714,2010s,-0.0029,0.37,Brain Drain
ALB,2016,2876101.0,1041.0,1041.0,45.0,24.0,21.0,0.023054754,0.043227665,0.02017291,2010s,-0.0016,0.362,Brain Gain
ALB,2017,2873457.0,1017.0,1017.0,36.0,26.0,10.0,0.025565388,0.03539823,0.009832841,2010s,-0.0009,0.354,Brain Gain
ALB,2018,2866376.0,1067.0,1067.0,43.0,19.0,24.0,0.017806936,0.040299907,0.022492971,2010s,-0.0025,0.372,Brain Gain
ALB,2019,2854191.0,1168.0,1168.0,40.0,28.0,12.0,0.023972603,0.034246575,0.0102739725,2010s,-0.0043,0.409,Brain Gain
ALB,2020,2837849.0,1268.0,1268.0,38.0,37.0,1.0,0.029179811,0.029968454,0.00078864355,2020s,-0.0057,0.447,Brain Gain
ALB,2021,2811666.0,1295.0,1295.0,47.0,32.0,15.0,0.024710424,0.036293436,0.011583012,2020s,-0.0092,0.461,Brain Gain
ALB,2022,2777689.0,0.0,0.0,32.0,36.0,-4.0,,,,2020s,-0.0121,0.0,Brain Drain
ALB,2023,2777689.0,,,,,,,,,2020s,0.0,,Unknown
AND,1996,64147.0,3.0,3.0,0.0,0.0,0.0,0.0,0.0,0.0,1990s,,0.047,Balanced
AND,1997,64682.0,,,,,,,,,1990s,0.0083,,Unknown
AND,1998,65186.0,2.0,2.0,0.0,0.0,0.0,0.0,0.0,0.0,1990s,0.0078,0.031,Balanced
AND,1999,65655.0,,,,,,,,,1990s,0.0072,,Unknown
AND,2000,66097.0,,,,,,,,,2000s,0.0067,,Unknown
AND,2001,67820.0,13.0,13.0,2.0,1.0,1.0,0.07692308,0.15384616,0.07692308,2000s,0.0261,0.192,Brain Gain
AND,2002,70849.0,13.0,13.0,0.0,1.0,-1.0,0.07692308,0.0,-0.07692308,2000s,0.0447,0.183,Brain Drain
AND,2003,73907.0,17.0,17.0,4.0,4.0,0.0,0.23529412,0.23529412,0.0,2000s,0.0432,0.23,Balanced
AND,2004,76933.0,19.0,19.0,2.0,2.0,0.0,0.10526316,0.10526316,0.0,2000s,0.0409,0.247,Balanced
AND,2005,79826.0,20.0,20.0,1.0,3.0,-2.0,0.15,0.05,-0.1,2000s,0.0376,0.251,Brain Drain
AND,2006,80221.0,52.0,52.0,6.0,2.0,4.0,0.03846154,0.115384616,0.07692308,2000s,0.0049,0.648,Brain Gain
AND,2007,78168.0,58.0,58.0,4.0,0.0,4.0,0.0,0.06896552,0.06896552,2000s,-0.0256,0.742,Brain Gain
AND,2008,76055.0,60.0,60.0,6.0,3.0,3.0,0.05,0.1,0.05,2000s,-0.027,0.789,Brain Gain
AND,2009,73852.0,60.0,60.0,4.0,2.0,2.0,0.033333335,0.06666667,0.033333335,2000s,-0.029,0.812,Brain Gain
AND,2010,71519.0,,,,,,,,,2010s,-0.0316,,Unknown
AND,2011,70567.0,57.0,57.0,1.0,9.0,-8.0,0.15789473,0.01754386,-0.14035088,2010s,-0.0133,0.808,Brain Drain
AND,2012,71013.0,53.0,53.0,2.0,4.0,-2.0,0.0754717,0.03773585,-0.03773585,2010s,0.0063,0.746,Brain Drain
AND,2013,71367.0,26.0,26.0,4.0,0.0,4.0,0.0,0.15384616,0.15384616,2010s,0.005,0.364,Brain Gain
AND,2014,71621.0,30.0,30.0,2.0,2.0,0.0,0.06666667,0.06666667,0.0,2010s,0.0036,0.419,Balanced
AND,2015,71746.0,32.0,32.0,3.0,3.0,0.0,0.09375,0.09375,0.0,2010s,0.0017,0.446,Balanced
AND,2016,72540.0,35.0,35.0,3.0,0.0,3.0,0.0,0.08571429,0.08571429,2010s,0.0111,0.482,Brain Gain
AND,2017,73837.0,38.0,38.0,6.0,2.0,4.0,0.05263158,0.15789473,0.10526316,2010s,0.0179,0.515,Brain Gain
AND,2018,75013.0,35.0,35.0,2.0,4.0,-2.0,0.114285715,0.057142857,-0.057142857,2010s,0.0159,0.467,Brain Drain
AND,2019,76343.0,40.0,40.0,3.0,2.0,1.0,0.05,0.075,0.025,2010s,0.0177,0.524,Brain Gain
AND,2020,77700.0,40.0,40.0,3.0,4.0,-1.0,0.1,0.075,-0.025,2020s,0.0178,0.515,Brain Drain
AND,2021,79034.0,48.0,48.0,11.0,3.0,8.0,0.0625,0.22916667,0.16666667,2020s,0.0172,0.607,Brain Gain
AND,2022,79824.0,0.0,0.0,10.0,3.0,7.0,,,,2020s,0.01,0.0,Brain Gain
AND,2023,79824.0,,,,,,,,,2020s,0.0,,Unknown
ARE,1996,2572735.0,460.0,460.0,0.0,0.0,0.0,0.0,0.0,0.0,1990s,,0.179,Balanced
ARE,1997,2746119.0,545.0,545.0,40.0,19.0,21.0,0.034862384,0.07339449,0.03853211,1990s,0.0674,0.198,Brain Gain
ARE,1998,2921130.0,609.0,609.0,36.0,40.0,-4.0,0.06568144,0.0591133,-0.0065681445,1990s,0.0637,0.208,Brain Drain
ARE,1999,3097563.0,707.0,707.0,70.0,42.0,28.0,0.05940594,0.0990099,0.03960396,1990s,0.0604,0.228,Brain Gain
ARE,2000,3275333.0,790.0,790.0,111.0,48.0,63.0,0.060759492,0.14050633,0.079746835,2000s,0.0574,0.241,Brain Gain
ARE,2001,3454198.0,927.0,927.0,100.0,48.0,52.0,0.051779937,0.10787486,0.05609493,2000s,0.0546,0.268,Brain Gain
ARE,2002,3633655.0,1024.0,1024.0,105.0,61.0,44.0,0.059570312,0.10253906,0.04296875,2000s,0.052,0.282,Brain Gain
ARE,2003,3813443.0,1146.0,1146.0,100.0,58.0,42.0,0.05061082,0.08726004,0.036649216,2000s,0.0495,0.301,Brain Gain
ARE,2004,3993339.0,1267.0,1267.0,108.0,67.0,41.0,0.05288082,0.08524073,0.032359906,2000s,0.0472,0.317,Brain Gain
ARE,2005,4280993.0,1428.0,1428.0,132.0,61.0,71.0,0.042717088,0.09243698,0.04971989,2000s,0.072,0.334,Brain Gain
ARE,2006,4898954.0,1620.0,1620.0,139.0,66.0,73.0,0.04074074,0.085802466,0.04506173,2000s,0.1443,0.331,Brain Gain
ARE,2007,5872624.0,1854.0,1854.0,148.0,83.0,65.0,0.04476807,0.0798274,0.035059333,2000s,0.1988,0.316,Brain Gain
ARE,2008,6988685.0,2103.0,2103.0,217.0,77.0,140.0,0.036614362,0.10318592,0.06657156,2000s,0.19,0.301,Brain Gain
ARE,2009,7992644.0,2360.0,2360.0,209.0,75.0,134.0,0.03177966,0.08855932,0.05677966,2000s,0.1437,0.295,Brain Gain
ARE,2010,8481771.0,2648.0,2648.0,233.0,101.0,132.0,0.038141996,0.08799094,0.049848944,2010s,0.0612,0.312,Brain Gain
ARE,2011,8575205.0,2970.0,2970.0,253.0,125.0,128.0,0.042087544,0.085185185,0.04309764,2010s,0.011,0.346,Brain Gain
ARE,2012,8664969.0,3373.0,3373.0,292.0,131.0,161.0,0.03883783,0.086569816,0.047731988,2010s,0.0105,0.389,Brain Gain
ARE,2013,8751847.0,3852.0,3852.0,355.0,156.0,199.0,0.040498443,0.09215992,0.051661473,2010s,0.01,0.44,Brain Gain
ARE,2014,8835951.0,4402.0,4402.0,414.0,180.0,234.0,0.040890504,0.09404816,0.053157657,2010s,0.0096,0.498,Brain Gain
ARE,2015,8916899.0,5117.0,5117.0,485.0,182.0,303.0,0.035567716,0.0947821,0.059214383,2010s,0.0092,0.574,Brain Gain
ARE,2016,8994263.0,5929.0,5929.0,530.0,246.0,284.0,0.041490976,0.08939113,0.04790015,2010s,0.0087,0.659,Brain Gain
ARE,2017,9068296.0,6814.0,6814.0,609.0,289.0,320.0,0.04241268,0.08937482,0.04696214,2010s,0.0082,0.751,Brain Gain
ARE,2018,9140169.0,7958.0,7958.0,713.0,332.0,381.0,0.041719023,0.08959538,0.04787635,2010s,0.0079,0.871,Brain Gain
ARE,2019,9211657.0,9005.0,9005.0,686.0,373.0,313.0,0.041421432,0.0761799,0.034758467,2010s,0.0078,0.978,Brain Gain
ARE,2020,9287289.0,9810.0,9810.0,773.0,417.0,356.0,0.042507645,0.07879715,0.036289502,2020s,0.0082,1.056,Brain Gain
ARE,2021,9365145.0,9902.0,9902.0,779.0,437.0,342.0,0.044132497,0.07867098,0.034538478,2020s,0.0084,1.057,Brain Gain
ARE,2022,9441129.0,0.0,0.0,680.0,401.0,279.0,,,,2020s,0.0081,0.0,Brain Gain
ARE,2023,9441129.0,0.0,0.0,533.0,299.0,234.0,,,,2020s,0.0,0.0,Brain Gain
ARG,1996,35389362.0,11370.0,11370.0,0.0,0.0,0.0,0.0,0.0,0.0,1990s,,0.321,Balanced
ARG,1997,35815971.0,13346.0,13346.0,210.0,189.0,21.0,0.014161547,0.015735053,0.0015735051,1990s,0.0121,0.373,Brain Gain
ARG,1998,36233195.0,15202.0,15202.0,212.0,259.0,-47.0,0.017037231,0.013945534,-0.0030916985,1990s,0.0116,0.42,Brain Drain
ARG,1999,36653031.0,16414.0,16414.0,257.0,338.0,-81.0,0.020592177,0.015657365,-0.004934812,1990s,0.0116,0.448,Brain Drain
ARG,2000,37070774.0,17568.0,17568.0,291.0,363.0,-72.0,0.020662569,0.016564207,-0.0040983604,2000s,0.0114,0.474,Brain Drain
ARG,2001,37480493.0,18576.0,18576.0,329.0,410.0,-81.0,0.02207149,0.017711025,-0.0043604653,2000s,0.0111,0.496,Brain Drain
ARG,2002,37885028.0,19739.0,19739.0,381.0,436.0,-55.0,0.022088252,0.01930189,-0.002786362,2000s,0.0108,0.521,Brain Drain
ARG,2003,38278164.0,20580.0,20580.0,321.0,499.0,-178.0,0.024246842,0.015597668,-0.008649174,2000s,0.0104,0.538,Brain Drain
ARG,2004,38668796.0,21747.0,21747.0,279.0,467.0,-188.0,0.021474225,0.012829356,-0.0086448705,2000s,0.0102,0.562,Brain Drain
ARG,2005,39070501.0,22970.0,22970.0,284.0,422.0,-138.0,0.018371789,0.012363953,-0.006007836,2000s,0.0104,0.588,Brain Drain
ARG,2006,39476851.0,24521.0,24521.0,346.0,414.0,-68.0,0.016883487,0.014110355,-0.0027731333,2000s,0.0104,0.621,Brain Drain
ARG,2007,39876111.0,26207.0,26207.0,389.0,407.0,-18.0,0.015530202,0.014843362,-0.0006868394,2000s,0.0101,0.657,Brain Drain
ARG,2008,40273769.0,28277.0,28277.0,401.0,371.0,30.0,0.013120203,0.014181136,0.0010609329,2000s,0.01,0.702,Brain Gain
ARG,2009,40684338.0,30093.0,30093.0,410.0,410.0,0.0,0.013624431,0.013624431,0.0,2000s,0.0102,0.74,Balanced
ARG,2010,40788453.0,31989.0,31989.0,408.0,427.0,-19.0,0.013348338,0.012754384,-0.0005939542,2010s,0.0026,0.784,Brain Drain
ARG,2011,41261490.0,33855.0,33855.0,455.0,436.0,19.0,0.012878452,0.013439669,0.00056121696,2010s,0.0116,0.82,Brain Gain
ARG,2012,41733271.0,35588.0,35588.0,449.0,464.0,-15.0,0.013038103,0.012616612,-0.0004214904,2010s,0.0114,0.853,Brain Drain
ARG,2013,42202935.0,37233.0,37233.0,430.0,483.0,-53.0,0.012972363,0.011548894,-0.0014234685,2010s,0.0113,0.882,Brain Drain
ARG,2014,42669500.0,38855.0,38855.0,503.0,484.0,19.0,0.012456569,0.012945567,0.00048899755,2010s,0.0111,0.911,Brain Gain
ARG,2015,43131966.0,40340.0,40340.0,522.0,520.0,2.0,0.012890431,0.01294001,4.9578583e-05,2010s,0.0108,0.935,Brain Gain
ARG,2016,43590368.0,42035.0,42035.0,560.0,502.0,58.0,0.011942429,0.013322231,0.0013798026,2010s,0.0106,0.964,Brain Gain
ARG,2017,44044811.0,43444.0,43444.0,569.0,569.0,0.0,0.013097321,0.013097321,0.0,2010s,0.0104,0.986,Balanced
ARG,2018,44494502.0,44749.0,44749.0,568.0,558.0,10.0,0.012469552,0.012693021,0.00022346868,2010s,0.0102,1.006,Brain Gain
ARG,2019,44938712.0,45466.0,45466.0,511.0,627.0,-116.0,0.013790525,0.011239167,-0.002551357,2010s,0.01,1.012,Brain Drain
ARG,2020,45376763.0,44850.0,44850.0,486.0,682.0,-196.0,0.015206243,0.010836121,-0.0043701227,2020s,0.0097,0.988,Brain Drain
ARG,2021,45808747.0,43101.0,43101.0,460.0,693.0,-233.0,0.016078513,0.0106726065,-0.005405907,2020s,0.0095,0.941,Brain Drain
ARG,2022,46234830.0,0.0,0.0,344.0,587.0,-243.0,,,,2020s,0.0093,0.0,Brain Drain
ARG,2023,46234830.0,0.0,0.0,207.0,319.0,-112.0,,,,2020s,0.0,0.0,Brain Drain
ARM,1996,3298898.0,743.0,743.0,0.0,0.0,0.0,0.0,0.0,0.0,1990s,,0.225,Balanced
ARM,1997,3271418.0,844.0,844.0,13.0,23.0,-10.0,0.027251184,0.015402843,-0.011848342,1990s,-0.0083,0.258,Brain Drain
ARM,1998,3240550.0,990.0,990.0,15.0,32.0,-17.0,0.032323234,0.015151516,-0.017171716,1990s,-0.0094,0.306,Brain Drain
ARM,1999,3206030.0,1076.0,1076.0,17.0,27.0,-10.0,0.025092937,0.015799256,-0.00929368,1990s,-0.0107,0.336,Brain Drain
ARM,2000,3168523.0,1158.0,1158.0,26.0,29.0,-3.0,0.025043178,0.022452503,-0.0025906735,2000s,-0.0117,0.365,Brain Drain
ARM,2001,3133133.0,1187.0,1187.0,27.0,32.0,-5.0,0.026958719,0.02274642,-0.0042123,2000s,-0.0112,0.379,Brain Drain
ARM,2002,3105037.0,1250.0,1250.0,20.0,28.0,-8.0,0.0224,0.016,-0.0064,2000s,-0.009,0.403,Brain Drain
ARM,2003,3084102.0,1250.0,1250.0,32.0,35.0,-3.0,0.028,0.0256,-0.0024,2000s,-0.0067,0.405,Brain Drain
ARM,2004,3065745.0,1291.0,1291.0,21.0,17.0,4.0,0.013168086,0.01626646,0.0030983733,2000s,-0.006,0.421,Brain Gain
ARM,2005,3047246.0,1358.0,1358.0,21.0,25.0,-4.0,0.018409425,0.0154639175,-0.002945508,2000s,-0.006,0.446,Brain Drain
ARM,2006,3026486.0,1426.0,1426.0,27.0,22.0,5.0,0.01542777,0.018934082,0.0035063114,2000s,-0.0068,0.471,Brain Gain
ARM,2007,3004393.0,1483.0,1483.0,17.0,26.0,-9.0,0.01753203,0.01146325,-0.0060687796,2000s,-0.0073,0.494,Brain Drain
ARM,2008,2983421.0,1567.0,1567.0,15.0,33.0,-18.0,0.02105935,0.009572431,-0.011486918,2000s,-0.007,0.525,Brain Drain
ARM,2009,2964296.0,1656.0,1656.0,25.0,30.0,-5.0,0.018115941,0.015096619,-0.0030193236,2000s,-0.0064,0.559,Brain Drain
ARM,2010,2946293.0,1754.0,1754.0,20.0,39.0,-19.0,0.022234892,0.011402508,-0.010832383,2010s,-0.0061,0.595,Brain Drain
ARM,2011,2928976.0,1805.0,1805.0,30.0,43.0,-13.0,0.023822716,0.016620498,-0.007202216,2010s,-0.0059,0.616,Brain Drain
ARM,2012,2914421.0,1854.0,1854.0,42.0,43.0,-1.0,0.023193097,0.022653721,-0.0005393743,2010s,-0.005,0.636,Brain Drain
ARM,2013,2901385.0,1870.0,1870.0,22.0,44.0,-22.0,0.023529412,0.011764706,-0.011764706,2010s,-0.0045,0.645,Brain Drain
ARM,2014,2889930.0,1926.0,1926.0,39.0,35.0,4.0,0.018172378,0.020249221,0.0020768433,2010s,-0.0039,0.666,Brain Gain
ARM,2015,2878595.0,1959.0,1959.0,28.0,36.0,-8.0,0.018376723,0.014293007,-0.0040837163,2010s,-0.0039,0.681,Brain Drain
ARM,2016,2865835.0,2006.0,2006.0,35.0,47.0,-12.0,0.02342971,0.017447658,-0.005982054,2010s,-0.0044,0.7,Brain Drain
ARM,2017,2851923.0,2124.0,2124.0,38.0,33.0,5.0,0.015536723,0.017890772,0.002354049,2010s,-0.0049,0.745,Brain Gain
ARM,2018,2836557.0,2192.0,2192.0,33.0,41.0,-8.0,0.018704379,0.015054745,-0.003649635,2010s,-0.0054,0.773,Brain Drain
ARM,2019,2820602.0,2258.0,2258.0,36.0,38.0,-2.0,0.016829053,0.015943313,-0.0008857396,2010s,-0.0056,0.801,Brain Drain
ARM,2020,2805608.0,2298.0,2298.0,47.0,34.0,13.0,0.014795475,0.020452568,0.005657093,2020s,-0.0053,0.819,Brain Gain
ARM,2021,2790974.0,2254.0,2254.0,33.0,34.0,-1.0,0.015084295,0.014640639,-0.00044365574,2020s,-0.0052,0.808,Brain Drain
ARM,2022,2780469.0,0.0,0.0,28.0,27.0,1.0,,,,2020s,-0.0038,0.0,Brain Gain
ARM,2023,2780469.0,,,,,,,,,2020s,0.0,,Unknown
ASM,1996,54500.0,5.0,5.0,0.0,0.0,0.0,0.0,0.0,0.0,1990s,,0.092,Balanced
ASM,1997,55578.0,3.0,3.0,0.0,2.0,-2.0,0.6666667,0.0,-0.6666667,1990s,0.0198,0.054,Brain Drain
ASM,1998,56603.0,,,,,,,,,1990s,0.0184,,Unknown
ASM,1999,57594.0,,,,,,,,,1990s,0.0175,,Unknown
ASM,2000,58230.0,4.0,4.0,0.0,1.0,-1.0,0.25,0.0,-0.25,2000s,0.011,0.069,Brain Drain
ASM,2001,58324.0,,,,,,,,,2000s,0.0016,,Unknown
ASM,2002,58177.0,5.0,5.0,1.0,0.0,1.0,0.0,0.2,0.2,2000s,-0.0025,0.086,Brain Gain
ASM,2003,57941.0,,,,,,,,,2000s,-0.0041,,Unknown
ASM,2004,57626.0,12.0,12.0,1.0,1.0,0.0,0.083333336,0.083333336,0.0,2000s,-0.0054,0.208,Balanced
ASM,2005,57254.0,,,,,,,,,2000s,-0.0065,,Unknown
ASM,2006,56837.0,22.0,22.0,5.0,1.0,4.0,0.045454547,0.22727273,0.18181819,2000s,-0.0073,0.387,Brain Gain
ASM,2007,56383.0,21.0,21.0,0.0,1.0,-1.0,0.04761905,0.0,-0.04761905,2000s,-0.008,0.372,Brain Drain
ASM,2008,55891.0,21.0,21.0,2.0,3.0,-1.0,0.14285715,0.0952381,-0.04761905,2000s,-0.0087,0.376,Brain Drain
ASM,2009,55366.0,29.0,29.0,10.0,1.0,9.0,0.03448276,0.3448276,0.31034482,2000s,-0.0094,0.524,Brain Gain
ASM,2010,54849.0,26.0,26.0,5.0,9.0,-4.0,0.34615386,0.1923077,-0.15384616,2010s,-0.0093,0.474,Brain Drain
ASM,2011,54310.0,26.0,26.0,2.0,5.0,-3.0,0.1923077,0.07692308,-0.115384616,2010s,-0.0098,0.479,Brain Drain
ASM,2012,53691.0,27.0,27.0,4.0,5.0,-1.0,0.18518518,0.14814815,-0.037037037,2010s,-0.0114,0.503,Brain Drain
ASM,2013,52995.0,28.0,28.0,3.0,2.0,1.0,0.071428575,0.10714286,0.035714287,2010s,-0.013,0.528,Brain Gain
ASM,2014,52217.0,23.0,23.0,3.0,4.0,-1.0,0.17391305,0.13043478,-0.04347826,2010s,-0.0147,0.44,Brain Drain
ASM,2015,51368.0,25.0,25.0,4.0,4.0,0.0,0.16,0.16,0.0,2010s,-0.0163,0.487,Balanced
ASM,2016,50448.0,26.0,26.0,2.0,3.0,-1.0,0.115384616,0.07692308,-0.03846154,2010s,-0.0179,0.515,Brain Drain
ASM,2017,49463.0,23.0,23.0,2.0,2.0,0.0,0.08695652,0.08695652,0.0,2010s,-0.0195,0.465,Balanced
ASM,2018,48424.0,23.0,23.0,5.0,4.0,1.0,0.17391305,0.2173913,0.04347826,2010s,-0.021,0.475,Brain Gain
ASM,2019,47321.0,22.0,22.0,4.0,3.0,1.0,0.13636364,0.18181819,0.045454547,2010s,-0.0228,0.465,Brain Gain
ASM,2020,46189.0,,,,,,,,,2020s,-0.0239,,Unknown
ASM,2021,45035.0,,,,,,,,,2020s,-0.025,,Unknown
ASM,2022,44273.0,,,,,,,,,2020s,-0.0169,,Unknown
ASM,2023,44273.0,,,,,,,,,2020s,0.0,,Unknown
ATA,2000,,4.0,4.0,1.0,0.0,1.0,0.0,0.25,0.25,2000s,,,Brain Gain
ATA,2008,,4.0,4.0,2.0,0.0,2.0,0.0,0.5,0.5,2000s,,,Brain Gain
ATA,2010,,5.0,5.0,2.0,4.0,-2.0,0.8,0.4,-0.4,2010s,,,Brain Drain
ATA,2014,,3.0,3.0,0.0,0.0,0.0,0.0,0.0,0.0,2010s,,,Balanced
ATA,2017,,6.0,6.0,1.0,0.0,1.0,0.0,0.16666667,0.16666667,2010s,,,Brain Gain
ATA,2018,,6.0,6.0,0.0,1.0,-1.0,0.16666667,0.0,-0.16666667,2010s,,,Brain Drain
ATA,2020,,6.0,6.0,0.0,2.0,-2.0,0.33333334,0.0,-0.33333334,2020s,,,Brain Drain
ATA,2021,,4.0,4.0,0.0,1.0,-1.0,0.25,0.0,-0.25,2020s,,,Brain Drain
ATG,1996,69798.0,,,,,,,,,1990s,,,Unknown
ATG,1997,71218.0,1.0,1.0,0.0,0.0,0.0,0.0,0.0,0.0,1990s,0.0203,0.014,Balanced
ATG,1998,72572.0,,,,,,,,,1990s,0.019,,Unknown
ATG,1999,73821.0,,,,,,,,,1990s,0.0172,,Unknown
ATG,2000,75055.0,4.0,4.0,0.0,0.0,0.0,0.0,0.0,0.0,2000s,0.0167,0.053,Balanced
ATG,2001,76215.0,,,,,,,,,2000s,0.0155,,Unknown
ATG,2002,77195.0,,,,,,,,,2000s,0.0129,,Unknown
ATG,2003,78075.0,5.0,5.0,2.0,0.0,2.0,0.0,0.4,0.4,2000s,0.0114,0.064,Brain Gain
ATG,2004,78941.0,,,,,,,,,2000s,0.0111,,Unknown
ATG,2005,79869.0,13.0,13.0,3.0,0.0,3.0,0.0,0.23076923,0.23076923,2000s,0.0118,0.163,Brain Gain
ATG,2006,80895.0,14.0,14.0,0.0,1.0,-1.0,0.071428575,0.0,-0.071428575,2000s,0.0128,0.173,Brain Drain
ATG,2007,82016.0,17.0,17.0,1.0,0.0,1.0,0.0,0.05882353,0.05882353,2000s,0.0139,0.207,Brain Gain
ATG,2008,83251.0,17.0,17.0,0.0,1.0,-1.0,0.05882353,0.0,-0.05882353,2000s,0.0151,0.204,Brain Drain
ATG,2009,84534.0,15.0,15.0,1.0,2.0,-1.0,0.13333334,0.06666667,-0.06666667,2000s,0.0154,0.177,Brain Drain
ATG,2010,85695.0,16.0,16.0,4.0,1.0,3.0,0.0625,0.25,0.1875,2010s,0.0137,0.187,Brain Gain
ATG,2011,86729.0,,,,,,,,,2010s,0.0121,,Unknown
ATG,2012,87674.0,9.0,9.0,3.0,2.0,1.0,0.22222222,0.33333334,0.11111111,2010s,0.0109,0.103,Brain Gain
ATG,2013,88497.0,,,,,,,,,2010s,0.0094,,Unknown
ATG,2014,89236.0,,,,,,,,,2010s,0.0084,,Unknown
ATG,2015,89941.0,17.0,17.0,3.0,2.0,1.0,0.11764706,0.1764706,0.05882353,2010s,0.0079,0.189,Brain Gain
ATG,2016,90564.0,20.0,20.0,1.0,0.0,1.0,0.0,0.05,0.05,2010s,0.0069,0.221,Brain Gain
ATG,2017,91119.0,17.0,17.0,4.0,5.0,-1.0,0.29411766,0.23529412,-0.05882353,2010s,0.0061,0.187,Brain Drain
ATG,2018,91626.0,20.0,20.0,2.0,1.0,1.0,0.05,0.1,0.05,2010s,0.0056,0.218,Brain Gain
ATG,2019,92117.0,21.0,21.0,2.0,3.0,-1.0,0.14285715,0.0952381,-0.04761905,2010s,0.0054,0.228,Brain Drain
ATG,2020,92664.0,24.0,24.0,5.0,3.0,2.0,0.125,0.20833333,0.083333336,2020s,0.0059,0.259,Brain Gain
ATG,2021,93219.0,20.0,20.0,2.0,4.0,-2.0,0.2,0.1,-0.1,2020s,0.006,0.215,Brain Drain
ATG,2022,93763.0,0.0,0.0,11.0,6.0,5.0,,,,2020s,0.0058,0.0,Brain Gain
ATG,2023,93763.0,,,,,,,,,2020s,0.0,,Unknown
AUS,1996,18224767.0,38329.0,38329.0,0.0,0.0,0.0,0.0,0.0,0.0,1990s,,2.103,Balanced
AUS,1997,18423037.0,44545.0,44545.0,1055.0,1019.0,36.0,0.022875743,0.023683915,0.0008081715,1990s,0.0109,2.418,Brain Gain
AUS,1998,18607584.0,50596.0,50596.0,1333.0,1316.0,17.0,0.026009962,0.026345957,0.00033599493,1990s,0.01,2.719,Brain Gain
AUS,1999,18812264.0,54827.0,54827.0,1460.0,1560.0,-100.0,0.028453134,0.026629215,-0.0018239189,1990s,0.011,2.914,Brain Drain
AUS,2000,19028802.0,58116.0,58116.0,1599.0,1714.0,-115.0,0.02949274,0.027513938,-0.001978801,2000s,0.0115,3.054,Brain Drain
AUS,2001,19274701.0,61123.0,61123.0,1818.0,1955.0,-137.0,0.031984687,0.029743304,-0.0022413821,2000s,0.0129,3.171,Brain Drain
AUS,2002,19495210.0,64914.0,64914.0,2090.0,2063.0,27.0,0.03178051,0.032196444,0.00041593492,2000s,0.0114,3.33,Brain Gain
AUS,2003,19720737.0,68375.0,68375.0,2083.0,1988.0,95.0,0.029074954,0.030464351,0.0013893967,2000s,0.0116,3.467,Brain Gain
AUS,2004,19932722.0,72589.0,72589.0,1913.0,1770.0,143.0,0.02438386,0.026353855,0.0019699954,2000s,0.0107,3.642,Brain Gain
AUS,2005,20176844.0,76771.0,76771.0,1987.0,1895.0,92.0,0.0246838,0.02588217,0.0011983692,2000s,0.0122,3.805,Brain Gain
AUS,2006,20450966.0,81879.0,81879.0,2188.0,1798.0,390.0,0.021959232,0.026722359,0.004763126,2000s,0.0136,4.004,Brain Gain
AUS,2007,20827622.0,87488.0,87488.0,2509.0,2045.0,464.0,0.023374634,0.028678218,0.0053035845,2000s,0.0184,4.201,Brain Gain
AUS,2008,21249199.0,93575.0,93575.0,2811.0,2194.0,617.0,0.023446433,0.030040074,0.0065936414,2000s,0.0202,4.404,Brain Gain
AUS,2009,21691653.0,99544.0,99544.0,3006.0,2305.0,701.0,0.023155589,0.030197702,0.007042112,2000s,0.0208,4.589,Brain Gain
AUS,2010,22031750.0,105823.0,105823.0,3364.0,2508.0,856.0,0.023699952,0.03178893,0.008088979,2010s,0.0157,4.803,Brain Gain
AUS,2011,22340024.0,112623.0,112623.0,3426.0,2892.0,534.0,0.025678592,0.030420074,0.0047414824,2010s,0.014,5.041,Brain Gain
AUS,2012,22733465.0,120004.0,120004.0,3688.0,2803.0,885.0,0.023357555,0.03073231,0.007374754,2010s,0.0176,5.279,Brain Gain
AUS,2013,23128129.0,127544.0,127544.0,4081.0,2879.0,1202.0,0.022572603,0.0319968,0.009424198,2010s,0.0174,5.515,Brain Gain
AUS,2014,23475686.0,134573.0,134573.0,4114.0,3231.0,883.0,0.024009274,0.030570768,0.0065614944,2010s,0.015,5.732,Brain Gain
AUS,2015,23815995.0,140934.0,140934.0,4202.0,3542.0,660.0,0.025132332,0.029815374,0.0046830433,2010s,0.0145,5.918,Brain Gain
AUS,2016,24190907.0,146893.0,146893.0,4243.0,3865.0,378.0,0.02631167,0.028884972,0.0025733016,2010s,0.0157,6.072,Brain Gain
AUS,2017,24592588.0,152677.0,152677.0,4422.0,4010.0,412.0,0.026264599,0.028963106,0.0026985074,2010s,0.0166,6.208,Brain Gain
AUS,2018,24963258.0,157714.0,157714.0,4525.0,4356.0,169.0,0.027619615,0.028691174,0.00107156,2010s,0.0151,6.318,Brain Gain
AUS,2019,25334826.0,161829.0,161829.0,4795.0,4385.0,410.0,0.027096502,0.02963004,0.0025335385,2010s,0.0149,6.388,Brain Gain
AUS,2020,25649248.0,161965.0,161965.0,4684.0,4586.0,98.0,0.02831476,0.028919829,0.000605069,2020s,0.0124,6.315,Brain Gain
AUS,2021,25685412.0,155473.0,155473.0,4195.0,4409.0,-214.0,0.028358622,0.026982177,-0.0013764448,2020s,0.0014,6.053,Brain Drain
AUS,2022,26005540.0,0.0,0.0,3203.0,3723.0,-520.0,,,,2020s,0.0125,0.0,Brain Drain
AUS,2023,26005540.0,0.0,0.0,2064.0,2302.0,-238.0,,,,2020s,0.0,0.0,Brain Drain
AUT,1996,7959017.0,11790.0,11790.0,0.0,0.0,0.0,0.0,0.0,0.0,1990s,,1.481,Balanced
AUT,1997,7968041.0,13648.0,13648.0,358.0,385.0,-27.0,0.028209262,0.02623095,-0.001978312,1990s,0.0011,1.713,Brain Drain
AUT,1998,7976789.0,15302.0,15302.0,390.0,513.0,-123.0,0.03352503,0.025486864,-0.008038165,1990s,0.0011,1.918,Brain Drain
AUT,1999,7992324.0,16845.0,16845.0,526.0,520.0,6.0,0.030869694,0.031225882,0.00035618877,1990s,0.0019,2.108,Brain Gain
AUT,2000,8011566.0,17941.0,17941.0,540.0,595.0,-55.0,0.03316426,0.030098656,-0.003065604,2000s,0.0024,2.239,Brain Drain
AUT,2001,8042293.0,19023.0,19023.0,637.0,674.0,-37.0,0.035430793,0.03348578,-0.0019450139,2000s,0.0038,2.365,Brain Drain
AUT,2002,8081957.0,20128.0,20128.0,723.0,717.0,6.0,0.03562202,0.03592011,0.0002980922,2000s,0.0049,2.49,Brain Gain
AUT,2003,8121423.0,21327.0,21327.0,716.0,635.0,81.0,0.029774465,0.033572465,0.0037980026,2000s,0.0049,2.626,Brain Gain
AUT,2004,8171966.0,22548.0,22548.0,617.0,543.0,74.0,0.024081958,0.027363846,0.0032818876,2000s,0.0062,2.759,Brain Gain
AUT,2005,8227829.0,23764.0,23764.0,670.0,599.0,71.0,0.025206193,0.028193906,0.0029877126,2000s,0.0068,2.888,Brain Gain
AUT,2006,8268641.0,25067.0,25067.0,689.0,635.0,54.0,0.02533211,0.027486337,0.0021542266,2000s,0.005,3.032,Brain Gain
AUT,2007,8295487.0,26578.0,26578.0,739.0,688.0,51.0,0.025886072,0.027804952,0.0019188803,2000s,0.0032,3.204,Brain Gain
AUT,2008,8321496.0,27983.0,27983.0,784.0,738.0,46.0,0.026373155,0.02801701,0.0016438552,2000s,0.0031,3.363,Brain Gain
AUT,2009,8343323.0,29505.0,29505.0,836.0,851.0,-15.0,0.028842568,0.02833418,-0.0005083884,2000s,0.0026,3.536,Brain Drain
AUT,2010,8363404.0,30800.0,30800.0,958.0,916.0,42.0,0.029740259,0.031103896,0.0013636363,2010s,0.0024,3.683,Brain Gain
AUT,2011,8391643.0,32199.0,32199.0,1018.0,970.0,48.0,0.03012516,0.031615887,0.0014907295,2010s,0.0034,3.837,Brain Gain
AUT,2012,8429991.0,33788.0,33788.0,1050.0,1041.0,9.0,0.030809755,0.031076122,0.00026636675,2010s,0.0046,4.008,Brain Gain
AUT,2013,8479823.0,35285.0,35285.0,1050.0,1147.0,-97.0,0.03250673,0.029757688,-0.0027490435,2010s,0.0059,4.161,Brain Drain
AUT,2014,8546356.0,36873.0,36873.0,1236.0,1116.0,120.0,0.030266048,0.033520464,0.0032544138,2010s,0.0078,4.314,Brain Gain
AUT,2015,8642699.0,38300.0,38300.0,1273.0,1134.0,139.0,0.029608356,0.0332376,0.0036292428,2010s,0.0113,4.431,Brain Gain
AUT,2016,8736668.0,39661.0,39661.0,1341.0,1204.0,137.0,0.030357277,0.033811554,0.003454275,2010s,0.0109,4.54,Brain Gain
AUT,2017,8797566.0,40822.0,40822.0,1352.0,1260.0,92.0,0.03086571,0.033119395,0.0022536868,2010s,0.007,4.64,Brain Gain
AUT,2018,8840521.0,42211.0,42211.0,1407.0,1213.0,194.0,0.028736586,0.033332545,0.0045959586,2010s,0.0049,4.775,Brain Gain
AUT,2019,8879920.0,43408.0,43408.0,1385.0,1264.0,121.0,0.029119056,0.03190656,0.0027875046,2010s,0.0045,4.888,Brain Gain
AUT,2020,8916864.0,43590.0,43590.0,1569.0,1252.0,317.0,0.028722184,0.035994492,0.00727231,2020s,0.0042,4.888,Brain Gain
AUT,2021,8955797.0,41913.0,41913.0,1464.0,1216.0,248.0,0.029012479,0.034929495,0.0059170187,2020s,0.0044,4.68,Brain Gain
AUT,2022,9041851.0,0.0,0.0,1259.0,1127.0,132.0,,,,2020s,0.0096,0.0,Brain Gain
AUT,2023,9041851.0,0.0,0.0,808.0,704.0,104.0,,,,2020s,0.0,0.0,Brain Gain
AZE,1996,7763000.0,445.0,445.0,0.0,0.0,0.0,0.0,0.0,0.0,1990s,,0.057,Balanced
AZE,1997,7838250.0,517.0,517.0,13.0,10.0,3.0,0.01934236,0.025145067,0.0058027077,1990s,0.0097,0.066,Brain Gain
AZE,1998,7913000.0,580.0,580.0,10.0,20.0,-10.0,0.03448276,0.01724138,-0.01724138,1990s,0.0095,0.073,Brain Drain
AZE,1999,7982750.0,607.0,607.0,11.0,9.0,2.0,0.014827018,0.018121911,0.0032948928,1990s,0.0088,0.076,Brain Gain
AZE,2000,8048600.0,644.0,644.0,14.0,16.0,-2.0,0.024844721,0.02173913,-0.0031055901,2000s,0.0082,0.08,Brain Drain
AZE,2001,8111200.0,698.0,698.0,10.0,18.0,-8.0,0.025787966,0.014326648,-0.0114613185,2000s,0.0078,0.086,Brain Drain
AZE,2002,8171950.0,793.0,793.0,10.0,12.0,-2.0,0.015132409,0.0126103405,-0.002522068,2000s,0.0075,0.097,Brain Drain
AZE,2003,8234100.0,878.0,878.0,11.0,15.0,-4.0,0.017084282,0.0125284735,-0.004555809,2000s,0.0076,0.107,Brain Drain
AZE,2004,8306500.0,926.0,926.0,19.0,16.0,3.0,0.017278617,0.020518359,0.0032397409,2000s,0.0088,0.111,Brain Gain
AZE,2005,8391850.0,1070.0,1070.0,13.0,13.0,0.0,0.012149532,0.012149532,0.0,2000s,0.0103,0.128,Balanced
AZE,2006,8484550.0,1270.0,1270.0,29.0,14.0,15.0,0.011023622,0.022834646,0.011811024,2000s,0.011,0.15,Brain Gain
AZE,2007,8581300.0,1468.0,1468.0,12.0,19.0,-7.0,0.012942779,0.008174387,-0.0047683925,2000s,0.0114,0.171,Brain Drain
AZE,2008,8763400.0,1650.0,1650.0,26.0,23.0,3.0,0.013939394,0.015757576,0.0018181818,2000s,0.0212,0.188,Brain Gain
AZE,2009,8947243.0,1824.0,1824.0,20.0,20.0,0.0,0.010964912,0.010964912,0.0,2000s,0.021,0.204,Balanced
AZE,2010,9054332.0,1869.0,1869.0,26.0,39.0,-13.0,0.020866774,0.013911182,-0.006955591,2010s,0.012,0.206,Brain Drain
AZE,2011,9173082.0,1901.0,1901.0,26.0,28.0,-2.0,0.01472909,0.013677012,-0.0010520779,2010s,0.0131,0.207,Brain Drain
AZE,2012,9295784.0,1922.0,1922.0,28.0,15.0,13.0,0.0078043705,0.014568158,0.006763788,2010s,0.0134,0.207,Brain Gain
AZE,2013,9416801.0,1968.0,1968.0,29.0,29.0,0.0,0.014735772,0.014735772,0.0,2010s,0.013,0.209,Balanced
AZE,2014,9535079.0,2043.0,2043.0,41.0,26.0,15.0,0.012726382,0.020068526,0.007342144,2010s,0.0126,0.214,Brain Gain
AZE,2015,9649341.0,2144.0,2144.0,27.0,23.0,4.0,0.010727612,0.012593283,0.0018656716,2010s,0.012,0.222,Brain Gain
AZE,2016,9757812.0,2300.0,2300.0,49.0,28.0,21.0,0.012173913,0.021304348,0.009130435,2010s,0.0112,0.236,Brain Gain
AZE,2017,9854033.0,2655.0,2655.0,38.0,27.0,11.0,0.010169491,0.0143126175,0.0041431263,2010s,0.0099,0.269,Brain Gain
AZE,2018,9939771.0,2889.0,2889.0,41.0,29.0,12.0,0.010038075,0.014191762,0.0041536866,2010s,0.0087,0.291,Brain Gain
AZE,2019,10024283.0,3013.0,3013.0,34.0,36.0,-2.0,0.011948224,0.011284434,-0.00066379027,2010s,0.0085,0.301,Brain Drain
AZE,2020,10093121.0,3096.0,3096.0,43.0,37.0,6.0,0.0119509045,0.013888889,0.0019379845,2020s,0.0069,0.307,Brain Gain
AZE,2021,10137750.0,2978.0,2978.0,40.0,32.0,8.0,0.010745467,0.013431833,0.0026863667,2020s,0.0044,0.294,Brain Gain
AZE,2022,10141756.0,0.0,0.0,31.0,24.0,7.0,,,,2020s,0.0004,0.0,Brain Gain
AZE,2023,10141756.0,0.0,0.0,23.0,12.0,11.0,,,,2020s,0.0,0.0,Brain Gain
BDI,1996,5930507.0,25.0,25.0,0.0,0.0,0.0,0.0,0.0,0.0,1990s,,0.004,Balanced
BDI,1997,5923862.0,25.0,25.0,1.0,2.0,-1.0,0.08,0.04,-0.04,1990s,-0.0011,0.004,Brain Drain
BDI,1998,6035340.0,25.0,25.0,3.0,3.0,0.0,0.12,0.12,0.0,1990s,0.0188,0.004,Balanced
BDI,1999,6180180.0,22.0,22.0,1.0,1.0,0.0,0.045454547,0.045454547,0.0,1990s,0.024,0.004,Balanced
BDI,2000,6307659.0,,,,,,,,,2000s,0.0206,,Unknown
BDI,2001,6465729.0,,,,,,,,,2000s,0.0251,,Unknown
BDI,2002,6648938.0,,,,,,,,,2000s,0.0283,,Unknown
BDI,2003,6860846.0,15.0,15.0,2.0,0.0,2.0,0.0,0.13333334,0.13333334,2000s,0.0319,0.002,Brain Gain
BDI,2004,7120496.0,16.0,16.0,1.0,0.0,1.0,0.0,0.0625,0.0625,2000s,0.0378,0.002,Brain Gain
BDI,2005,7388874.0,,,,,,,,,2000s,0.0377,,Unknown
BDI,2006,7658190.0,,,,,,,,,2000s,0.0364,,Unknown
BDI,2007,7944609.0,26.0,26.0,1.0,1.0,0.0,0.03846154,0.03846154,0.0,2000s,0.0374,0.003,Balanced
BDI,2008,8278109.0,33.0,33.0,2.0,1.0,1.0,0.030303031,0.060606062,0.030303031,2000s,0.042,0.004,Brain Gain
BDI,2009,8709366.0,42.0,42.0,3.0,0.0,3.0,0.0,0.071428575,0.071428575,2000s,0.0521,0.005,Brain Gain
BDI,2010,9126605.0,53.0,53.0,4.0,1.0,3.0,0.018867925,0.0754717,0.056603774,2010s,0.0479,0.006,Brain Gain
BDI,2011,9455733.0,71.0,71.0,5.0,1.0,4.0,0.014084507,0.07042254,0.056338027,2010s,0.0361,0.008,Brain Gain
BDI,2012,9795479.0,85.0,85.0,6.0,2.0,4.0,0.023529412,0.07058824,0.047058824,2010s,0.0359,0.009,Brain Gain
BDI,2013,10149577.0,91.0,91.0,6.0,3.0,3.0,0.032967035,0.06593407,0.032967035,2010s,0.0361,0.009,Brain Gain
BDI,2014,10494913.0,102.0,102.0,5.0,3.0,2.0,0.029411765,0.04901961,0.019607844,2010s,0.034,0.01,Brain Gain
BDI,2015,10727148.0,108.0,108.0,6.0,7.0,-1.0,0.06481481,0.055555556,-0.009259259,2010s,0.0221,0.01,Brain Drain
BDI,2016,10903327.0,130.0,130.0,12.0,4.0,8.0,0.03076923,0.092307694,0.06153846,2010s,0.0164,0.012,Brain Gain
BDI,2017,11155593.0,143.0,143.0,10.0,6.0,4.0,0.04195804,0.06993007,0.027972028,2010s,0.0231,0.013,Brain Gain
BDI,2018,11493472.0,166.0,166.0,16.0,3.0,13.0,0.018072288,0.09638554,0.078313254,2010s,0.0303,0.014,Brain Gain
BDI,2019,11874838.0,191.0,191.0,20.0,8.0,12.0,0.041884817,0.10471204,0.06282722,2010s,0.0332,0.016,Brain Gain
BDI,2020,12220227.0,193.0,193.0,11.0,11.0,0.0,0.05699482,0.05699482,0.0,2020s,0.0291,0.016,Balanced
BDI,2021,12551213.0,189.0,189.0,13.0,9.0,4.0,0.04761905,0.06878307,0.02116402,2020s,0.0271,0.015,Brain Gain
BDI,2022,12889576.0,0.0,0.0,11.0,6.0,5.0,,,,2020s,0.027,0.0,Brain Gain
BDI,2023,12889576.0,,,,,,,,,2020s,0.0,,Unknown
BEL,1996,10156637.0,16938.0,16938.0,0.0,0.0,0.0,0.0,0.0,0.0,1990s,,1.668,Balanced
BEL,1997,10181245.0,19468.0,19468.0,509.0,523.0,-14.0,0.026864598,0.02614547,-0.0007191288,1990s,0.0024,1.912,Brain Drain
BEL,1998,10203008.0,21829.0,21829.0,574.0,606.0,-32.0,0.027761236,0.026295295,-0.0014659398,1990s,0.0021,2.139,Brain Drain
BEL,1999,10226419.0,23688.0,23688.0,635.0,722.0,-87.0,0.030479567,0.026806822,-0.0036727458,1990s,0.0023,2.316,Brain Drain
BEL,2000,10251250.0,25436.0,25436.0,805.0,845.0,-40.0,0.033220634,0.03164806,-0.0015725743,2000s,0.0024,2.481,Brain Drain
BEL,2001,10286570.0,26858.0,26858.0,983.0,890.0,93.0,0.03313724,0.036599897,0.0034626555,2000s,0.0034,2.611,Brain Gain
BEL,2002,10332785.0,28284.0,28284.0,967.0,1056.0,-89.0,0.037335597,0.03418894,-0.0031466554,2000s,0.0045,2.737,Brain Drain
BEL,2003,10376133.0,29671.0,29671.0,911.0,1016.0,-105.0,0.03424219,0.03070338,-0.003538809,2000s,0.0042,2.86,Brain Drain
BEL,2004,10421137.0,31089.0,31089.0,711.0,844.0,-133.0,0.027147865,0.022869825,-0.0042780405,2000s,0.0043,2.983,Brain Drain
BEL,2005,10478617.0,32740.0,32740.0,816.0,845.0,-29.0,0.025809407,0.024923641,-0.00088576664,2000s,0.0055,3.124,Brain Drain
BEL,2006,10547958.0,34488.0,34488.0,815.0,906.0,-91.0,0.026270008,0.023631409,-0.002638599,2000s,0.0066,3.27,Brain Drain
BEL,2007,10625700.0,36509.0,36509.0,881.0,928.0,-47.0,0.02541839,0.024131035,-0.0012873538,2000s,0.0074,3.436,Brain Drain
BEL,2008,10709973.0,38273.0,38273.0,991.0,1017.0,-26.0,0.026572257,0.025892926,-0.0006793301,2000s,0.0079,3.574,Brain Drain
BEL,2009,10796493.0,40291.0,40291.0,1149.0,1022.0,127.0,0.025365466,0.028517535,0.0031520687,2000s,0.0081,3.732,Brain Gain
BEL,2010,10895586.0,42253.0,42253.0,1206.0,1217.0,-11.0,0.02880269,0.028542353,-0.00026033656,2010s,0.0092,3.878,Brain Drain
BEL,2011,11038264.0,44314.0,44314.0,1260.0,1246.0,14.0,0.028117524,0.028433451,0.00031592726,2010s,0.0131,4.015,Brain Gain
BEL,2012,11106932.0,46336.0,46336.0,1313.0,1297.0,16.0,0.027991194,0.028336499,0.00034530388,2010s,0.0062,4.172,Brain Gain
BEL,2013,11159407.0,48422.0,48422.0,1494.0,1393.0,101.0,0.028767915,0.030853745,0.0020858287,2010s,0.0047,4.339,Brain Gain
BEL,2014,11209057.0,50343.0,50343.0,1553.0,1578.0,-25.0,0.031344973,0.03084838,-0.00049659336,2010s,0.0044,4.491,Brain Drain
BEL,2015,11274196.0,52010.0,52010.0,1613.0,1605.0,8.0,0.03085945,0.031013267,0.00015381657,2010s,0.0058,4.613,Brain Gain
BEL,2016,11331422.0,53412.0,53412.0,1701.0,1779.0,-78.0,0.03330712,0.031846777,-0.001460346,2010s,0.0051,4.714,Brain Drain
BEL,2017,11375158.0,54351.0,54351.0,1725.0,1906.0,-181.0,0.03506835,0.031738147,-0.0033302056,2010s,0.0039,4.778,Brain Drain
BEL,2018,11427054.0,55555.0,55555.0,1831.0,1986.0,-155.0,0.03574836,0.03295833,-0.002790028,2010s,0.0046,4.862,Brain Drain
BEL,2019,11488980.0,56342.0,56342.0,1924.0,1911.0,13.0,0.03391786,0.034148593,0.00023073373,2010s,0.0054,4.904,Brain Gain
BEL,2020,11538604.0,56136.0,56136.0,2038.0,1977.0,61.0,0.03521804,0.03630469,0.0010866467,2020s,0.0043,4.865,Brain Gain
BEL,2021,11586195.0,53776.0,53776.0,2061.0,1881.0,180.0,0.03497843,0.03832565,0.003347218,2020s,0.0041,4.641,Brain Gain
BEL,2022,11685814.0,0.0,0.0,1712.0,1581.0,131.0,,,,2020s,0.0086,0.0,Brain Gain
BEL,2023,11685814.0,0.0,0.0,1109.0,986.0,123.0,,,,2020s,0.0,0.0,Brain Gain
BEN,1996,6203860.0,140.0,140.0,0.0,0.0,0.0,0.0,0.0,0.0,1990s,,0.023,Balanced
BEN,1997,6387026.0,172.0,172.0,5.0,2.0,3.0,0.011627907,0.029069768,0.017441861,1990s,0.0295,0.027,Brain Gain
BEN,1998,6584183.0,192.0,192.0,5.0,13.0,-8.0,0.067708336,0.026041666,-0.041666668,1990s,0.0309,0.029,Brain Drain
BEN,1999,6788589.0,199.0,199.0,10.0,9.0,1.0,0.04522613,0.050251257,0.0050251256,1990s,0.031,0.029,Brain Gain
BEN,2000,6998023.0,209.0,209.0,8.0,12.0,-4.0,0.057416268,0.03827751,-0.019138755,2000s,0.0309,0.03,Brain Drain
BEN,2001,7212041.0,218.0,218.0,17.0,29.0,-12.0,0.13302752,0.07798165,-0.055045873,2000s,0.0306,0.03,Brain Drain
BEN,2002,7431783.0,261.0,261.0,24.0,16.0,8.0,0.06130268,0.09195402,0.03065134,2000s,0.0305,0.035,Brain Gain
BEN,2003,7659208.0,308.0,308.0,34.0,14.0,20.0,0.045454547,0.11038961,0.064935066,2000s,0.0306,0.04,Brain Gain
BEN,2004,7894554.0,355.0,355.0,24.0,21.0,3.0,0.059154928,0.06760564,0.008450705,2000s,0.0307,0.045,Brain Gain
BEN,2005,8149419.0,430.0,430.0,41.0,15.0,26.0,0.034883723,0.095348835,0.060465116,2000s,0.0323,0.053,Brain Gain
BEN,2006,8402631.0,480.0,480.0,32.0,22.0,10.0,0.045833334,0.06666667,0.020833334,2000s,0.0311,0.057,Brain Gain
BEN,2007,8647761.0,527.0,527.0,25.0,20.0,5.0,0.037950665,0.04743833,0.009487666,2000s,0.0292,0.061,Brain Gain
BEN,2008,8906469.0,576.0,576.0,27.0,24.0,3.0,0.041666668,0.046875,0.0052083335,2000s,0.0299,0.065,Brain Gain
BEN,2009,9172514.0,661.0,661.0,44.0,33.0,11.0,0.04992436,0.06656581,0.016641453,2000s,0.0299,0.072,Brain Gain
BEN,2010,9445710.0,774.0,774.0,32.0,23.0,9.0,0.029715762,0.04134367,0.011627907,2010s,0.0298,0.082,Brain Gain
BEN,2011,9726380.0,899.0,899.0,44.0,29.0,15.0,0.032258064,0.04894327,0.016685206,2010s,0.0297,0.092,Brain Gain
BEN,2012,10014078.0,971.0,971.0,42.0,43.0,-1.0,0.044284243,0.043254375,-0.0010298662,2010s,0.0296,0.097,Brain Drain
BEN,2013,10308730.0,1086.0,1086.0,34.0,37.0,-3.0,0.03406998,0.031307552,-0.002762431,2010s,0.0294,0.105,Brain Drain
BEN,2014,10614844.0,1162.0,1162.0,44.0,38.0,6.0,0.032702237,0.03786575,0.0051635113,2010s,0.0297,0.109,Brain Gain
BEN,2015,10932783.0,1264.0,1264.0,57.0,44.0,13.0,0.034810126,0.045094937,0.01028481,2010s,0.03,0.116,Brain Gain
BEN,2016,11260085.0,1381.0,1381.0,51.0,38.0,13.0,0.027516292,0.03692976,0.009413469,2010s,0.0299,0.123,Brain Gain
BEN,2017,11596779.0,1524.0,1524.0,50.0,70.0,-20.0,0.04593176,0.0328084,-0.0131233595,2010s,0.0299,0.131,Brain Drain
BEN,2018,11940683.0,1646.0,1646.0,74.0,68.0,6.0,0.041312274,0.044957474,0.0036452005,2010s,0.0297,0.138,Brain Gain
BEN,2019,12290444.0,1739.0,1739.0,56.0,70.0,-14.0,0.04025302,0.032202415,-0.008050604,2010s,0.0293,0.141,Brain Drain
BEN,2020,12643123.0,1793.0,1793.0,61.0,50.0,11.0,0.027886225,0.034021195,0.006134969,2020s,0.0287,0.142,Brain Gain
BEN,2021,12996895.0,1741.0,1741.0,54.0,61.0,-7.0,0.035037335,0.031016657,-0.004020678,2020s,0.028,0.134,Brain Drain
BEN,2022,13352864.0,0.0,0.0,50.0,44.0,6.0,,,,2020s,0.0274,0.0,Brain Gain
BEN,2023,13352864.0,0.0,0.0,31.0,26.0,5.0,,,,2020s,0.0,0.0,Brain Gain
BFA,1996,10621210.0,229.0,229.0,0.0,0.0,0.0,0.0,0.0,0.0,1990s,,0.022,Balanced
BFA,1997,10897353.0,280.0,280.0,9.0,6.0,3.0,0.021428572,0.03214286,0.010714286,1990s,0.026,0.026,Brain Gain
BFA,1998,11201063.0,317.0,317.0,18.0,13.0,5.0,0.041009463,0.056782335,0.01577287,1990s,0.0279,0.028,Brain Gain
BFA,1999,11533554.0,355.0,355.0,18.0,19.0,-1.0,0.053521127,0.050704226,-0.0028169013,1990s,0.0297,0.031,Brain Drain
BFA,2000,11882888.0,409.0,409.0,33.0,23.0,10.0,0.056234717,0.080684595,0.024449877,2000s,0.0303,0.034,Brain Gain
BFA,2001,12249764.0,429.0,429.0,22.0,18.0,4.0,0.04195804,0.051282052,0.0093240095,2000s,0.0309,0.035,Brain Gain
BFA,2002,12632269.0,458.0,458.0,32.0,17.0,15.0,0.037117902,0.069869,0.03275109,2000s,0.0312,0.036,Brain Gain
BFA,2003,13030591.0,498.0,498.0,35.0,28.0,7.0,0.0562249,0.070281126,0.014056225,2000s,0.0315,0.038,Brain Gain
BFA,2004,13445977.0,543.0,543.0,20.0,28.0,-8.0,0.05156538,0.03683241,-0.014732965,2000s,0.0319,0.04,Brain Drain
BFA,2005,13876127.0,585.0,585.0,24.0,25.0,-1.0,0.042735044,0.041025642,-0.0017094017,2000s,0.032,0.042,Brain Drain
BFA,2006,14316242.0,651.0,651.0,27.0,36.0,-9.0,0.05529954,0.041474655,-0.013824885,2000s,0.0317,0.045,Brain Drain
BFA,2007,14757074.0,756.0,756.0,45.0,25.0,20.0,0.033068784,0.05952381,0.026455026,2000s,0.0308,0.051,Brain Gain
BFA,2008,15197915.0,844.0,844.0,36.0,28.0,8.0,0.033175357,0.04265403,0.009478673,2000s,0.0299,0.056,Brain Gain
BFA,2009,15650022.0,938.0,938.0,45.0,23.0,22.0,0.024520256,0.047974415,0.023454158,2000s,0.0297,0.06,Brain Gain
BFA,2010,16116845.0,1047.0,1047.0,41.0,37.0,4.0,0.035339065,0.039159503,0.0038204393,2010s,0.0298,0.065,Brain Gain
BFA,2011,16602651.0,1122.0,1122.0,42.0,50.0,-8.0,0.04456328,0.037433155,-0.0071301246,2010s,0.0301,0.068,Brain Drain
BFA,2012,17113732.0,1240.0,1240.0,55.0,46.0,9.0,0.037096772,0.044354837,0.0072580646,2010s,0.0308,0.072,Brain Gain
BFA,2013,17636408.0,1370.0,1370.0,70.0,48.0,22.0,0.035036497,0.05109489,0.016058395,2010s,0.0305,0.078,Brain Gain
BFA,2014,18169842.0,1480.0,1480.0,60.0,45.0,15.0,0.030405406,0.04054054,0.010135135,2010s,0.0302,0.081,Brain Gain
BFA,2015,18718019.0,1521.0,1521.0,57.0,86.0,-29.0,0.05654175,0.037475344,-0.019066405,2010s,0.0302,0.081,Brain Drain
BFA,2016,19275498.0,1611.0,1611.0,60.0,52.0,8.0,0.032278087,0.037243947,0.00496586,2010s,0.0298,0.084,Brain Gain
BFA,2017,19835858.0,1747.0,1747.0,67.0,65.0,2.0,0.03720664,0.03835146,0.0011448197,2010s,0.0291,0.088,Brain Gain
BFA,2018,20392723.0,1851.0,1851.0,73.0,61.0,12.0,0.03295516,0.039438143,0.006482982,2010s,0.0281,0.091,Brain Gain
BFA,2019,20951639.0,1989.0,1989.0,75.0,50.0,25.0,0.02513826,0.037707392,0.01256913,2010s,0.0274,0.095,Brain Gain
BFA,2020,21522626.0,2065.0,2065.0,70.0,43.0,27.0,0.020823244,0.033898305,0.01307506,2020s,0.0273,0.096,Brain Gain
BFA,2021,22100683.0,2047.0,2047.0,71.0,53.0,18.0,0.025891548,0.034684904,0.008793356,2020s,0.0269,0.093,Brain Gain
BFA,2022,22673762.0,0.0,0.0,52.0,45.0,7.0,,,,2020s,0.0259,0.0,Brain Gain
BFA,2023,22673762.0,,,,,,,,,2020s,0.0,,Unknown
BGD,1996,119876868.0,1082.0,1082.0,0.0,0.0,0.0,0.0,0.0,0.0,1990s,,0.009,Balanced
BGD,1997,122039226.0,1323.0,1323.0,44.0,37.0,7.0,0.027966741,0.03325775,0.005291005,1990s,0.018,0.011,Brain Gain
BGD,1998,124350471.0,1564.0,1564.0,45.0,53.0,-8.0,0.03388747,0.028772378,-0.0051150895,1990s,0.0189,0.013,Brain Drain
BGD,1999,126754824.0,1733.0,1733.0,74.0,50.0,24.0,0.028851703,0.042700518,0.013848817,1990s,0.0193,0.014,Brain Gain
BGD,2000,129193327.0,1856.0,1856.0,58.0,97.0,-39.0,0.052262932,0.03125,-0.02101293,2000s,0.0192,0.014,Brain Drain
BGD,2001,131670484.0,2031.0,2031.0,79.0,77.0,2.0,0.037912358,0.038897093,0.0009847366,2000s,0.0192,0.015,Brain Gain
BGD,2002,134139826.0,2218.0,2218.0,84.0,92.0,-8.0,0.04147881,0.037871957,-0.003606853,2000s,0.0188,0.017,Brain Drain
BGD,2003,136503206.0,2397.0,2397.0,84.0,98.0,-14.0,0.04088444,0.035043806,-0.005840634,2000s,0.0176,0.018,Brain Drain
BGD,2004,138789725.0,2723.0,2723.0,79.0,89.0,-10.0,0.03268454,0.02901212,-0.00367242,2000s,0.0168,0.02,Brain Drain
BGD,2005,140912590.0,3153.0,3153.0,124.0,106.0,18.0,0.033618774,0.039327625,0.0057088486,2000s,0.0153,0.022,Brain Gain
BGD,2006,142628831.0,3541.0,3541.0,94.0,107.0,-13.0,0.030217452,0.026546173,-0.0036712794,2000s,0.0122,0.025,Brain Drain
BGD,2007,144135934.0,4052.0,4052.0,138.0,126.0,12.0,0.031095754,0.034057256,0.0029615005,2000s,0.0106,0.028,Brain Gain
BGD,2008,145421318.0,4602.0,4602.0,131.0,178.0,-47.0,0.038678836,0.028465884,-0.010212951,2000s,0.0089,0.032,Brain Drain
BGD,2009,146706810.0,5210.0,5210.0,155.0,201.0,-46.0,0.038579654,0.02975048,-0.008829175,2000s,0.0088,0.036,Brain Drain
BGD,2010,148391139.0,5861.0,5861.0,165.0,206.0,-41.0,0.035147585,0.028152192,-0.0069953934,2010s,0.0115,0.039,Brain Drain
BGD,2011,150211005.0,6548.0,6548.0,217.0,266.0,-49.0,0.04062309,0.03313989,-0.007483201,2010s,0.0123,0.044,Brain Drain
BGD,2012,152090649.0,7327.0,7327.0,261.0,286.0,-25.0,0.03903371,0.035621673,-0.0034120376,2010s,0.0125,0.048,Brain Drain
BGD,2013,154030139.0,8079.0,8079.0,264.0,292.0,-28.0,0.036143087,0.03267731,-0.0034657754,2010s,0.0128,0.052,Brain Drain
BGD,2014,155961299.0,8720.0,8720.0,297.0,361.0,-64.0,0.041399084,0.034059633,-0.0073394496,2010s,0.0125,0.056,Brain Drain
BGD,2015,157830000.0,9264.0,9264.0,322.0,395.0,-73.0,0.042638168,0.034758203,-0.007879965,2010s,0.012,0.059,Brain Drain
BGD,2016,159784568.0,9869.0,9869.0,332.0,445.0,-113.0,0.045090687,0.033640694,-0.0114499945,2010s,0.0124,0.062,Brain Drain
BGD,2017,161793964.0,10975.0,10975.0,434.0,476.0,-42.0,0.043371297,0.03954442,-0.0038268792,2010s,0.0126,0.068,Brain Drain
BGD,2018,163683958.0,12745.0,12745.0,480.0,527.0,-47.0,0.04134955,0.037661828,-0.0036877207,2010s,0.0117,0.078,Brain Drain
BGD,2019,165516222.0,15052.0,15052.0,549.0,504.0,45.0,0.033483922,0.036473557,0.002989636,2010s,0.0112,0.091,Brain Gain
BGD,2020,167420951.0,16449.0,16449.0,619.0,601.0,18.0,0.036537174,0.037631467,0.0010942915,2020s,0.0115,0.098,Brain Gain
BGD,2021,169356251.0,16348.0,16348.0,657.0,621.0,36.0,0.037986297,0.040188402,0.0022021043,2020s,0.0116,0.097,Brain Gain
BGD,2022,171186372.0,0.0,0.0,559.0,632.0,-73.0,,,,2020s,0.0108,0.0,Brain Drain
BGD,2023,171186372.0,0.0,0.0,354.0,443.0,-89.0,,,,2020s,0.0,0.0,Brain Drain
BGR,1996,8362826.0,4171.0,4171.0,0.0,0.0,0.0,0.0,0.0,0.0,1990s,,0.499,Balanced
BGR,1997,8312068.0,4798.0,4798.0,84.0,90.0,-6.0,0.018757816,0.017507294,-0.001250521,1990s,-0.0061,0.577,Brain Drain
BGR,1998,8256786.0,5285.0,5285.0,82.0,132.0,-50.0,0.024976349,0.015515611,-0.009460738,1990s,-0.0067,0.64,Brain Drain
BGR,1999,8210624.0,5481.0,5481.0,83.0,161.0,-78.0,0.029374203,0.015143222,-0.01423098,1990s,-0.0056,0.668,Brain Drain
BGR,2000,8170172.0,5534.0,5534.0,111.0,161.0,-50.0,0.02909288,0.020057824,-0.009035056,2000s,-0.0049,0.677,Brain Drain
BGR,2001,8009142.0,5545.0,5545.0,112.0,242.0,-130.0,0.043642923,0.020198377,-0.023444545,2000s,-0.0197,0.692,Brain Drain
BGR,2002,7837161.0,5639.0,5639.0,129.0,167.0,-38.0,0.02961518,0.022876397,-0.0067387833,2000s,-0.0215,0.72,Brain Drain
BGR,2003,7775327.0,5703.0,5703.0,127.0,168.0,-41.0,0.02945818,0.02226898,-0.007189199,2000s,-0.0079,0.733,Brain Drain
BGR,2004,7716860.0,5886.0,5886.0,105.0,133.0,-28.0,0.02259599,0.01783894,-0.0047570504,2000s,-0.0075,0.763,Brain Drain
BGR,2005,7658972.0,6234.0,6234.0,104.0,107.0,-3.0,0.01716394,0.016682709,-0.00048123195,2000s,-0.0075,0.814,Brain Drain
BGR,2006,7601022.0,6504.0,6504.0,93.0,141.0,-48.0,0.021678967,0.014298893,-0.007380074,2000s,-0.0076,0.856,Brain Drain
BGR,2007,7545338.0,7019.0,7019.0,120.0,90.0,30.0,0.012822339,0.017096452,0.004274113,2000s,-0.0073,0.93,Brain Gain
BGR,2008,7492561.0,7286.0,7286.0,115.0,108.0,7.0,0.014822948,0.015783696,0.00096074666,2000s,-0.007,0.972,Brain Gain
BGR,2009,7444443.0,7510.0,7510.0,103.0,98.0,5.0,0.013049267,0.013715046,0.00066577893,2000s,-0.0064,1.009,Brain Gain
BGR,2010,7395599.0,7811.0,7811.0,91.0,135.0,-44.0,0.017283319,0.011650237,-0.005633082,2010s,-0.0066,1.056,Brain Drain
BGR,2011,7348328.0,8157.0,8157.0,111.0,107.0,4.0,0.013117568,0.013607944,0.0004903764,2010s,-0.0064,1.11,Brain Gain
BGR,2012,7305888.0,8343.0,8343.0,97.0,107.0,-10.0,0.012825123,0.011626514,-0.0011986096,2010s,-0.0058,1.142,Brain Drain
BGR,2013,7265115.0,8559.0,8559.0,94.0,95.0,-1.0,0.011099428,0.010982592,-0.000116836076,2010s,-0.0056,1.178,Brain Drain
BGR,2014,7223938.0,8805.0,8805.0,87.0,116.0,-29.0,0.013174333,0.0098807495,-0.0032935832,2010s,-0.0057,1.219,Brain Drain
BGR,2015,7177991.0,9062.0,9062.0,102.0,93.0,9.0,0.010262636,0.011255793,0.0009931582,2010s,-0.0064,1.262,Brain Gain
BGR,2016,7127822.0,9459.0,9459.0,91.0,82.0,9.0,0.008668993,0.009620467,0.00095147477,2010s,-0.007,1.327,Brain Gain
BGR,2017,7075947.0,9750.0,9750.0,103.0,85.0,18.0,0.008717949,0.010564103,0.0018461539,2010s,-0.0073,1.378,Brain Gain
BGR,2018,7025037.0,10088.0,10088.0,117.0,82.0,35.0,0.00812847,0.011597938,0.0034694686,2010s,-0.0072,1.436,Brain Gain
BGR,2019,6975761.0,10322.0,10322.0,104.0,96.0,8.0,0.009300523,0.010075566,0.0007750436,2010s,-0.007,1.48,Brain Gain
BGR,2020,6934015.0,10370.0,10370.0,109.0,99.0,10.0,0.00954677,0.01051109,0.00096432015,2020s,-0.006,1.496,Brain Gain
BGR,2021,6877743.0,9972.0,9972.0,94.0,77.0,17.0,0.0077216206,0.009426394,0.0017047734,2020s,-0.0081,1.45,Brain Gain
BGR,2022,6465097.0,0.0,0.0,59.0,52.0,7.0,,,,2020s,-0.06,0.0,Brain Gain
BGR,2023,6465097.0,0.0,0.0,28.0,36.0,-8.0,,,,2020s,0.0,0.0,Brain Drain
BHR,1996,632756.0,174.0,174.0,0.0,0.0,0.0,0.0,0.0,0.0,1990s,,0.275,Balanced
BHR,1997,652643.0,203.0,203.0,8.0,11.0,-3.0,0.054187194,0.039408866,-0.014778325,1990s,0.0314,0.311,Brain Drain
BHR,1998,672484.0,230.0,230.0,14.0,15.0,-1.0,0.06521739,0.060869563,-0.004347826,1990s,0.0304,0.342,Brain Drain
BHR,1999,692133.0,240.0,240.0,14.0,11.0,3.0,0.045833334,0.058333334,0.0125,1990s,0.0292,0.347,Brain Gain
BHR,2000,711442.0,242.0,242.0,8.0,13.0,-5.0,0.053719006,0.03305785,-0.020661157,2000s,0.0279,0.34,Brain Drain
BHR,2001,730257.0,272.0,272.0,11.0,5.0,6.0,0.018382354,0.040441178,0.022058824,2000s,0.0264,0.372,Brain Gain
BHR,2002,748324.0,285.0,285.0,17.0,10.0,7.0,0.03508772,0.05964912,0.024561403,2000s,0.0247,0.381,Brain Gain
BHR,2003,778256.0,329.0,329.0,20.0,7.0,13.0,0.021276595,0.060790274,0.039513677,2000s,0.04,0.423,Brain Gain
BHR,2004,833451.0,364.0,364.0,18.0,12.0,6.0,0.032967035,0.04945055,0.016483517,2000s,0.0709,0.437,Brain Gain
BHR,2005,901921.0,398.0,398.0,20.0,11.0,9.0,0.027638191,0.050251257,0.022613065,2000s,0.0822,0.441,Brain Gain
BHR,2006,970981.0,450.0,450.0,20.0,7.0,13.0,0.015555556,0.044444446,0.028888889,2000s,0.0766,0.463,Brain Gain
BHR,2007,1040532.0,472.0,472.0,21.0,9.0,12.0,0.019067796,0.044491526,0.025423728,2000s,0.0716,0.454,Brain Gain
BHR,2008,1110343.0,474.0,474.0,24.0,21.0,3.0,0.044303797,0.050632913,0.006329114,2000s,0.0671,0.427,Brain Gain
BHR,2009,1179453.0,486.0,486.0,19.0,16.0,3.0,0.03292181,0.03909465,0.0061728396,2000s,0.0622,0.412,Brain Gain
BHR,2010,1213645.0,517.0,517.0,28.0,15.0,13.0,0.029013539,0.054158606,0.025145067,2010s,0.029,0.426,Brain Gain
BHR,2011,1212077.0,573.0,573.0,29.0,16.0,13.0,0.027923211,0.05061082,0.022687608,2010s,-0.0013,0.473,Brain Gain
BHR,2012,1224939.0,617.0,617.0,30.0,22.0,8.0,0.035656404,0.048622366,0.012965964,2010s,0.0106,0.504,Brain Gain
BHR,2013,1261673.0,654.0,654.0,31.0,21.0,10.0,0.03211009,0.047400612,0.01529052,2010s,0.03,0.518,Brain Gain
BHR,2014,1311134.0,703.0,703.0,28.0,33.0,-5.0,0.04694168,0.039829303,-0.0071123755,2010s,0.0392,0.536,Brain Drain
BHR,2015,1362142.0,816.0,816.0,46.0,27.0,19.0,0.033088237,0.05637255,0.023284314,2010s,0.0389,0.599,Brain Gain
BHR,2016,1409661.0,928.0,928.0,54.0,28.0,26.0,0.030172413,0.058189657,0.028017242,2010s,0.0349,0.658,Brain Gain
BHR,2017,1456834.0,1040.0,1040.0,50.0,27.0,23.0,0.025961539,0.048076924,0.022115385,2010s,0.0335,0.714,Brain Gain
BHR,2018,1487340.0,1206.0,1206.0,61.0,28.0,33.0,0.023217248,0.05058043,0.027363185,2010s,0.0209,0.811,Brain Gain
BHR,2019,1494188.0,1298.0,1298.0,56.0,47.0,9.0,0.036209553,0.0431433,0.006933744,2010s,0.0046,0.869,Brain Gain
BHR,2020,1477469.0,1350.0,1350.0,67.0,53.0,14.0,0.03925926,0.04962963,0.01037037,2020s,-0.0112,0.914,Brain Gain
BHR,2021,1463265.0,1327.0,1327.0,77.0,52.0,25.0,0.039186135,0.05802562,0.018839488,2020s,-0.0096,0.907,Brain Gain
BHR,2022,1472233.0,0.0,0.0,70.0,56.0,14.0,,,,2020s,0.0061,0.0,Brain Gain
BHR,2023,1472233.0,,,,,,,,,2020s,0.0,,Unknown
BHS,1996,304933.0,7.0,7.0,0.0,0.0,0.0,0.0,0.0,0.0,1990s,,0.023,Balanced
BHS,1997,310171.0,11.0,11.0,1.0,0.0,1.0,0.0,0.09090909,0.09090909,1990s,0.0172,0.035,Brain Gain
BHS,1998,315398.0,10.0,10.0,0.0,1.0,-1.0,0.1,0.0,-0.1,1990s,0.0169,0.032,Brain Drain
BHS,1999,320272.0,12.0,12.0,1.0,0.0,1.0,0.0,0.083333336,0.083333336,1990s,0.0155,0.037,Brain Gain
BHS,2000,325014.0,,,,,,,,,2000s,0.0148,,Unknown
BHS,2001,329626.0,15.0,15.0,1.0,0.0,1.0,0.0,0.06666667,0.06666667,2000s,0.0142,0.046,Brain Gain
BHS,2002,334002.0,14.0,14.0,1.0,3.0,-2.0,0.21428572,0.071428575,-0.14285715,2000s,0.0133,0.042,Brain Drain
BHS,2003,338490.0,19.0,19.0,2.0,2.0,0.0,0.10526316,0.10526316,0.0,2000s,0.0134,0.056,Balanced
BHS,2004,343089.0,25.0,25.0,1.0,0.0,1.0,0.0,0.04,0.04,2000s,0.0136,0.073,Brain Gain
BHS,2005,347804.0,31.0,31.0,2.0,1.0,1.0,0.032258064,0.06451613,0.032258064,2000s,0.0137,0.089,Brain Gain
BHS,2006,352664.0,37.0,37.0,2.0,1.0,1.0,0.027027028,0.054054055,0.027027028,2000s,0.014,0.105,Brain Gain
BHS,2007,357666.0,39.0,39.0,3.0,1.0,2.0,0.025641026,0.07692308,0.051282052,2000s,0.0142,0.109,Brain Gain
BHS,2008,362795.0,37.0,37.0,2.0,2.0,0.0,0.054054055,0.054054055,0.0,2000s,0.0143,0.102,Balanced
BHS,2009,368057.0,40.0,40.0,3.0,4.0,-1.0,0.1,0.075,-0.025,2000s,0.0145,0.109,Brain Drain
BHS,2010,373272.0,44.0,44.0,4.0,5.0,-1.0,0.11363637,0.09090909,-0.022727273,2010s,0.0142,0.118,Brain Drain
BHS,2011,377950.0,61.0,61.0,4.0,4.0,0.0,0.06557377,0.06557377,0.0,2010s,0.0125,0.161,Balanced
BHS,2012,382061.0,69.0,69.0,3.0,4.0,-1.0,0.057971016,0.04347826,-0.014492754,2010s,0.0109,0.181,Brain Drain
BHS,2013,385650.0,82.0,82.0,5.0,4.0,1.0,0.048780486,0.06097561,0.0121951215,2010s,0.0094,0.213,Brain Gain
BHS,2014,389131.0,87.0,87.0,6.0,3.0,3.0,0.03448276,0.06896552,0.03448276,2010s,0.009,0.224,Brain Gain
BHS,2015,392697.0,94.0,94.0,12.0,6.0,6.0,0.06382979,0.12765957,0.06382979,2010s,0.0092,0.239,Brain Gain
BHS,2016,395976.0,88.0,88.0,7.0,9.0,-2.0,0.10227273,0.07954545,-0.022727273,2010s,0.0083,0.222,Brain Drain
BHS,2017,399020.0,86.0,86.0,6.0,5.0,1.0,0.058139537,0.069767445,0.011627907,2010s,0.0077,0.216,Brain Gain
BHS,2018,401906.0,90.0,90.0,6.0,5.0,1.0,0.055555556,0.06666667,0.011111111,2010s,0.0072,0.224,Brain Gain
BHS,2019,404557.0,96.0,96.0,11.0,4.0,7.0,0.041666668,0.114583336,0.072916664,2010s,0.0066,0.237,Brain Gain
BHS,2020,406471.0,94.0,94.0,13.0,9.0,4.0,0.095744684,0.13829787,0.04255319,2020s,0.0047,0.231,Brain Gain
BHS,2021,407906.0,89.0,89.0,6.0,6.0,0.0,0.06741573,0.06741573,0.0,2020s,0.0035,0.218,Balanced
BHS,2022,409984.0,0.0,0.0,2.0,9.0,-7.0,,,,2020s,0.0051,0.0,Brain Drain
BHS,2023,409984.0,,,,,,,,,2020s,0.0,,Unknown
BIH,1996,3907751.0,99.0,99.0,0.0,0.0,0.0,0.0,0.0,0.0,1990s,,0.025,Balanced
BIH,1997,4047748.0,169.0,169.0,5.0,5.0,0.0,0.0295858,0.0295858,0.0,1990s,0.0358,0.042,Balanced
BIH,1998,4115059.0,221.0,221.0,9.0,8.0,1.0,0.036199097,0.040723983,0.004524887,1990s,0.0166,0.054,Brain Gain
BIH,1999,4153014.0,277.0,277.0,16.0,6.0,10.0,0.02166065,0.057761732,0.036101084,1990s,0.0092,0.067,Brain Gain
BIH,2000,4179350.0,340.0,340.0,18.0,14.0,4.0,0.04117647,0.052941177,0.011764706,2000s,0.0063,0.081,Brain Gain
BIH,2001,4194932.0,422.0,422.0,13.0,10.0,3.0,0.023696683,0.030805686,0.0071090045,2000s,0.0037,0.101,Brain Gain
BIH,2002,4198410.0,542.0,542.0,23.0,24.0,-1.0,0.044280443,0.042435423,-0.0018450185,2000s,0.0008,0.129,Brain Drain
BIH,2003,4183757.0,666.0,666.0,30.0,8.0,22.0,0.012012012,0.045045044,0.033033032,2000s,-0.0035,0.159,Brain Gain
BIH,2004,4142860.0,825.0,825.0,44.0,11.0,33.0,0.013333334,0.053333335,0.04,2000s,-0.0098,0.199,Brain Gain
BIH,2005,4094297.0,994.0,994.0,48.0,29.0,19.0,0.02917505,0.04828974,0.019114688,2000s,-0.0117,0.243,Brain Gain
BIH,2006,4058086.0,1213.0,1213.0,51.0,23.0,28.0,0.018961253,0.042044517,0.023083264,2000s,-0.0088,0.299,Brain Gain
BIH,2007,4007876.0,1439.0,1439.0,47.0,32.0,15.0,0.022237666,0.032661572,0.010423905,2000s,-0.0124,0.359,Brain Gain
BIH,2008,3943392.0,1638.0,1638.0,51.0,29.0,22.0,0.017704519,0.031135531,0.013431014,2000s,-0.0161,0.415,Brain Gain
BIH,2009,3877750.0,1802.0,1802.0,31.0,33.0,-2.0,0.018312985,0.017203107,-0.001109878,2000s,-0.0166,0.465,Brain Drain
BIH,2010,3811088.0,1956.0,1956.0,34.0,24.0,10.0,0.012269938,0.017382413,0.0051124743,2010s,-0.0172,0.513,Brain Gain
BIH,2011,3743142.0,2165.0,2165.0,58.0,31.0,27.0,0.0143187065,0.026789838,0.012471132,2010s,-0.0178,0.578,Brain Gain
BIH,2012,3674374.0,2337.0,2337.0,62.0,37.0,25.0,0.015832264,0.026529739,0.010697476,2010s,-0.0184,0.636,Brain Gain
BIH,2013,3617559.0,2475.0,2475.0,51.0,33.0,18.0,0.013333334,0.020606061,0.0072727273,2010s,-0.0155,0.684,Brain Gain
BIH,2014,3571068.0,2550.0,2550.0,35.0,59.0,-24.0,0.023137255,0.01372549,-0.009411764,2010s,-0.0129,0.714,Brain Drain
BIH,2015,3524324.0,2738.0,2738.0,64.0,36.0,28.0,0.013148284,0.023374727,0.0102264425,2010s,-0.0131,0.777,Brain Gain
BIH,2016,3480986.0,2987.0,2987.0,59.0,58.0,1.0,0.019417476,0.01975226,0.00033478407,2010s,-0.0123,0.858,Brain Gain
BIH,2017,3440027.0,3297.0,3297.0,68.0,40.0,28.0,0.012132241,0.02062481,0.008492569,2010s,-0.0118,0.958,Brain Gain
BIH,2018,3400129.0,3515.0,3515.0,69.0,52.0,17.0,0.0147937415,0.019630156,0.0048364154,2010s,-0.0116,1.034,Brain Gain
BIH,2019,3360711.0,3698.0,3698.0,66.0,56.0,10.0,0.015143321,0.017847486,0.0027041645,2010s,-0.0116,1.1,Brain Gain
BIH,2020,3318407.0,3734.0,3734.0,59.0,66.0,-7.0,0.017675415,0.01580075,-0.0018746653,2020s,-0.0126,1.125,Brain Drain
BIH,2021,3270943.0,3638.0,3638.0,64.0,63.0,1.0,0.017317208,0.017592084,0.0002748763,2020s,-0.0143,1.112,Brain Gain
BIH,2022,3233526.0,0.0,0.0,32.0,42.0,-10.0,,,,2020s,-0.0114,0.0,Brain Drain
BIH,2023,3233526.0,,,,,,,,,2020s,0.0,,Unknown
BLR,1996,10159569.0,2337.0,2337.0,0.0,0.0,0.0,0.0,0.0,0.0,1990s,,0.23,Balanced
BLR,1997,10117433.0,2698.0,2698.0,57.0,49.0,8.0,0.0181616,0.02112676,0.0029651595,1990s,-0.0041,0.267,Brain Gain
BLR,1998,10071963.0,2990.0,2990.0,67.0,79.0,-12.0,0.026421405,0.022408027,-0.0040133777,1990s,-0.0045,0.297,Brain Drain
BLR,1999,10026738.0,3201.0,3201.0,51.0,84.0,-33.0,0.0262418,0.01593252,-0.010309278,1990s,-0.0045,0.319,Brain Drain
BLR,2000,9979610.0,3299.0,3299.0,58.0,86.0,-28.0,0.026068505,0.017581085,-0.00848742,2000s,-0.0047,0.331,Brain Drain
BLR,2001,9928549.0,3392.0,3392.0,76.0,106.0,-30.0,0.03125,0.02240566,-0.008844339,2000s,-0.0051,0.342,Brain Drain
BLR,2002,9865548.0,3447.0,3447.0,86.0,122.0,-36.0,0.035393097,0.024949232,-0.010443864,2000s,-0.0063,0.349,Brain Drain
BLR,2003,9796749.0,3456.0,3456.0,64.0,100.0,-36.0,0.028935185,0.018518519,-0.010416667,2000s,-0.007,0.353,Brain Drain
BLR,2004,9730146.0,3492.0,3492.0,52.0,61.0,-9.0,0.017468499,0.01489118,-0.0025773195,2000s,-0.0068,0.359,Brain Drain
BLR,2005,9663915.0,3501.0,3501.0,56.0,64.0,-8.0,0.018280491,0.01599543,-0.0022850614,2000s,-0.0068,0.362,Brain Drain
BLR,2006,9604924.0,3476.0,3476.0,49.0,64.0,-15.0,0.018411968,0.014096662,-0.004315305,2000s,-0.0061,0.362,Brain Drain
BLR,2007,9560953.0,3518.0,3518.0,38.0,70.0,-32.0,0.01989767,0.010801592,-0.009096078,2000s,-0.0046,0.368,Brain Drain
BLR,2008,9527985.0,3519.0,3519.0,51.0,76.0,-25.0,0.021597045,0.014492754,-0.007104291,2000s,-0.0034,0.369,Brain Drain
BLR,2009,9504583.0,3541.0,3541.0,57.0,57.0,0.0,0.016097147,0.016097147,0.0,2000s,-0.0025,0.373,Balanced
BLR,2010,9483836.0,3548.0,3548.0,62.0,70.0,-8.0,0.019729424,0.017474633,-0.0022547913,2010s,-0.0022,0.374,Brain Drain
BLR,2011,9461643.0,3645.0,3645.0,41.0,58.0,-17.0,0.015912209,0.011248285,-0.0046639233,2010s,-0.0023,0.385,Brain Drain
BLR,2012,9446836.0,3699.0,3699.0,53.0,59.0,-6.0,0.015950257,0.014328197,-0.00162206,2010s,-0.0016,0.392,Brain Drain
BLR,2013,9443211.0,3755.0,3755.0,54.0,68.0,-14.0,0.018109187,0.014380826,-0.0037283623,2010s,-0.0004,0.398,Brain Drain
BLR,2014,9448515.0,3877.0,3877.0,52.0,58.0,-6.0,0.014960021,0.013412433,-0.0015475884,2010s,0.0006,0.41,Brain Drain
BLR,2015,9461076.0,3963.0,3963.0,44.0,73.0,-29.0,0.018420389,0.0111027,-0.007317689,2010s,0.0013,0.419,Brain Drain
BLR,2016,9469379.0,4091.0,4091.0,47.0,65.0,-18.0,0.015888536,0.011488633,-0.004399902,2010s,0.0009,0.432,Brain Drain
BLR,2017,9458989.0,4532.0,4532.0,60.0,56.0,4.0,0.012356576,0.013239188,0.00088261254,2010s,-0.0011,0.479,Brain Gain
BLR,2018,9438785.0,4723.0,4723.0,51.0,60.0,-9.0,0.01270379,0.010798221,-0.0019055685,2010s,-0.0021,0.5,Brain Drain
BLR,2019,9419758.0,4923.0,4923.0,44.0,77.0,-33.0,0.01564087,0.00893764,-0.0067032296,2010s,-0.002,0.523,Brain Drain
BLR,2020,9379952.0,4914.0,4914.0,56.0,62.0,-6.0,0.0126170125,0.011396011,-0.0012210013,2020s,-0.0042,0.524,Brain Drain
BLR,2021,9302585.0,4734.0,4734.0,55.0,61.0,-6.0,0.012885509,0.011618082,-0.0012674271,2020s,-0.0082,0.509,Brain Drain
BLR,2022,9228071.0,0.0,0.0,27.0,71.0,-44.0,,,,2020s,-0.008,0.0,Brain Drain
BLR,2023,9228071.0,,,,,,,,,2020s,0.0,,Unknown
BLZ,1996,209840.0,10.0,10.0,0.0,0.0,0.0,0.0,0.0,0.0,1990s,,0.048,Balanced
BLZ,1997,217117.0,13.0,13.0,1.0,0.0,1.0,0.0,0.07692308,0.07692308,1990s,0.0347,0.06,Brain Gain
BLZ,1998,224907.0,13.0,13.0,1.0,2.0,-1.0,0.15384616,0.07692308,-0.07692308,1990s,0.0359,0.058,Brain Drain
BLZ,1999,232733.0,11.0,11.0,1.0,3.0,-2.0,0.27272728,0.09090909,-0.18181819,1990s,0.0348,0.047,Brain Drain
BLZ,2000,240406.0,12.0,12.0,0.0,2.0,-2.0,0.16666667,0.0,-0.16666667,2000s,0.033,0.05,Brain Drain
BLZ,2001,248100.0,18.0,18.0,1.0,0.0,1.0,0.0,0.055555556,0.055555556,2000s,0.032,0.073,Brain Gain
BLZ,2002,255987.0,23.0,23.0,2.0,1.0,1.0,0.04347826,0.08695652,0.04347826,2000s,0.0318,0.09,Brain Gain
BLZ,2003,263998.0,27.0,27.0,2.0,2.0,0.0,0.074074075,0.074074075,0.0,2000s,0.0313,0.102,Balanced
BLZ,2004,272128.0,33.0,33.0,3.0,3.0,0.0,0.09090909,0.09090909,0.0,2000s,0.0308,0.121,Balanced
BLZ,2005,280375.0,32.0,32.0,0.0,2.0,-2.0,0.0625,0.0,-0.0625,2000s,0.0303,0.114,Brain Drain
BLZ,2006,288729.0,36.0,36.0,2.0,2.0,0.0,0.055555556,0.055555556,0.0,2000s,0.0298,0.125,Balanced
BLZ,2007,297173.0,34.0,34.0,1.0,2.0,-1.0,0.05882353,0.029411765,-0.029411765,2000s,0.0292,0.114,Brain Drain
BLZ,2008,305671.0,38.0,38.0,2.0,1.0,1.0,0.02631579,0.05263158,0.02631579,2000s,0.0286,0.124,Brain Gain
BLZ,2009,314171.0,41.0,41.0,5.0,0.0,5.0,0.0,0.12195122,0.12195122,2000s,0.0278,0.131,Brain Gain
BLZ,2010,322106.0,45.0,45.0,2.0,0.0,2.0,0.0,0.044444446,0.044444446,2010s,0.0253,0.14,Brain Gain
BLZ,2011,329538.0,49.0,49.0,6.0,5.0,1.0,0.10204082,0.12244898,0.020408163,2010s,0.0231,0.149,Brain Gain
BLZ,2012,337059.0,51.0,51.0,4.0,4.0,0.0,0.078431375,0.078431375,0.0,2010s,0.0228,0.151,Balanced
BLZ,2013,344688.0,48.0,48.0,3.0,3.0,0.0,0.0625,0.0625,0.0,2010s,0.0226,0.139,Balanced
BLZ,2014,352335.0,59.0,59.0,4.0,3.0,1.0,0.050847456,0.06779661,0.016949153,2010s,0.0222,0.167,Brain Gain
BLZ,2015,359871.0,65.0,65.0,2.0,3.0,-1.0,0.046153847,0.03076923,-0.015384615,2010s,0.0214,0.181,Brain Drain
BLZ,2016,367313.0,65.0,65.0,4.0,5.0,-1.0,0.07692308,0.06153846,-0.015384615,2010s,0.0207,0.177,Brain Drain
BLZ,2017,374693.0,85.0,85.0,12.0,1.0,11.0,0.011764706,0.14117648,0.12941177,2010s,0.0201,0.227,Brain Gain
BLZ,2018,382066.0,97.0,97.0,8.0,6.0,2.0,0.06185567,0.082474224,0.020618556,2010s,0.0197,0.254,Brain Gain
BLZ,2019,389095.0,98.0,98.0,4.0,8.0,-4.0,0.08163265,0.040816326,-0.040816326,2010s,0.0184,0.252,Brain Drain
BLZ,2020,394921.0,95.0,95.0,4.0,4.0,0.0,0.042105265,0.042105265,0.0,2020s,0.015,0.241,Balanced
BLZ,2021,400031.0,95.0,95.0,6.0,6.0,0.0,0.06315789,0.06315789,0.0,2020s,0.0129,0.237,Balanced
BLZ,2022,405272.0,0.0,0.0,5.0,5.0,0.0,,,,2020s,0.0131,0.0,Balanced
BLZ,2023,405272.0,,,,,,,,,2020s,0.0,,Unknown
BMU,1996,60129.0,11.0,11.0,0.0,0.0,0.0,0.0,0.0,0.0,1990s,,0.183,Balanced
BMU,1997,60497.0,13.0,13.0,2.0,0.0,2.0,0.0,0.15384616,0.15384616,1990s,0.0061,0.215,Brain Gain
BMU,1998,60943.0,20.0,20.0,0.0,0.0,0.0,0.0,0.0,0.0,1990s,0.0074,0.328,Balanced
BMU,1999,61285.0,,,,,,,,,1990s,0.0056,,Unknown
BMU,2000,61833.0,34.0,34.0,3.0,3.0,0.0,0.0882353,0.0882353,0.0,2000s,0.0089,0.55,Balanced
BMU,2001,62504.0,31.0,31.0,3.0,6.0,-3.0,0.19354838,0.09677419,-0.09677419,2000s,0.0109,0.496,Brain Drain
BMU,2002,62912.0,36.0,36.0,7.0,5.0,2.0,0.1388889,0.19444445,0.055555556,2000s,0.0065,0.572,Brain Gain
BMU,2003,63325.0,35.0,35.0,2.0,7.0,-5.0,0.2,0.057142857,-0.14285715,2000s,0.0066,0.553,Brain Drain
BMU,2004,63740.0,60.0,60.0,2.0,3.0,-1.0,0.05,0.033333335,-0.016666668,2000s,0.0066,0.941,Brain Drain
BMU,2005,64154.0,63.0,63.0,5.0,6.0,-1.0,0.0952381,0.07936508,-0.015873017,2000s,0.0065,0.982,Brain Drain
BMU,2006,64523.0,74.0,74.0,7.0,0.0,7.0,0.0,0.0945946,0.0945946,2000s,0.0058,1.147,Brain Gain
BMU,2007,64888.0,53.0,53.0,8.0,30.0,-22.0,0.5660377,0.1509434,-0.41509435,2000s,0.0057,0.817,Brain Drain
BMU,2008,65273.0,55.0,55.0,2.0,4.0,-2.0,0.07272727,0.036363635,-0.036363635,2000s,0.0059,0.843,Brain Drain
BMU,2009,65636.0,,,,,,,,,2000s,0.0056,,Unknown
BMU,2010,65124.0,53.0,53.0,4.0,4.0,0.0,0.0754717,0.0754717,0.0,2010s,-0.0078,0.814,Balanced
BMU,2011,64564.0,49.0,49.0,5.0,6.0,-1.0,0.12244898,0.10204082,-0.020408163,2010s,-0.0086,0.759,Brain Drain
BMU,2012,64798.0,56.0,56.0,7.0,2.0,5.0,0.035714287,0.125,0.08928572,2010s,0.0036,0.864,Brain Gain
BMU,2013,65001.0,57.0,57.0,5.0,8.0,-3.0,0.14035088,0.0877193,-0.05263158,2010s,0.0031,0.877,Brain Drain
BMU,2014,65138.0,55.0,55.0,3.0,8.0,-5.0,0.14545454,0.054545455,-0.09090909,2010s,0.0021,0.844,Brain Drain
BMU,2015,65237.0,46.0,46.0,1.0,8.0,-7.0,0.17391305,0.02173913,-0.1521739,2010s,0.0015,0.705,Brain Drain
BMU,2016,64554.0,50.0,50.0,3.0,3.0,0.0,0.06,0.06,0.0,2010s,-0.0105,0.775,Balanced
BMU,2017,63873.0,,,,,,,,,2010s,-0.0105,,Unknown
BMU,2018,63918.0,57.0,57.0,2.0,4.0,-2.0,0.07017544,0.03508772,-0.03508772,2010s,0.0007,0.892,Brain Drain
BMU,2019,63911.0,64.0,64.0,6.0,3.0,3.0,0.046875,0.09375,0.046875,2010s,-0.0001,1.001,Brain Gain
BMU,2020,63893.0,63.0,63.0,10.0,11.0,-1.0,0.17460318,0.15873016,-0.015873017,2020s,-0.0003,0.986,Brain Drain
BMU,2021,63764.0,67.0,67.0,11.0,6.0,5.0,0.08955224,0.1641791,0.07462686,2020s,-0.002,1.051,Brain Gain
BMU,2022,63532.0,0.0,0.0,5.0,16.0,-11.0,,,,2020s,-0.0036,0.0,Brain Drain
BMU,2023,63532.0,,,,,,,,,2020s,0.0,,Unknown
BOL,1996,7989367.0,135.0,135.0,0.0,0.0,0.0,0.0,0.0,0.0,1990s,,0.017,Balanced
BOL,1997,8137619.0,175.0,175.0,5.0,7.0,-2.0,0.04,0.028571429,-0.011428571,1990s,0.0186,0.022,Brain Drain
BOL,1998,8286928.0,201.0,201.0,11.0,10.0,1.0,0.049751244,0.05472637,0.0049751243,1990s,0.0183,0.024,Brain Gain
BOL,1999,8439052.0,224.0,224.0,10.0,3.0,7.0,0.013392857,0.04464286,0.03125,1990s,0.0184,0.027,Brain Gain
BOL,2000,8592656.0,237.0,237.0,13.0,18.0,-5.0,0.07594936,0.05485232,-0.021097047,2000s,0.0182,0.028,Brain Drain
BOL,2001,8746084.0,240.0,240.0,12.0,13.0,-1.0,0.054166667,0.05,-0.004166667,2000s,0.0179,0.027,Brain Drain
BOL,2002,8900583.0,255.0,255.0,23.0,20.0,3.0,0.078431375,0.09019608,0.011764706,2000s,0.0177,0.029,Brain Gain
BOL,2003,9057378.0,276.0,276.0,17.0,22.0,-5.0,0.07971015,0.061594203,-0.018115941,2000s,0.0176,0.03,Brain Drain
BOL,2004,9216279.0,296.0,296.0,11.0,16.0,-5.0,0.054054055,0.037162162,-0.016891891,2000s,0.0175,0.032,Brain Drain
BOL,2005,9377388.0,348.0,348.0,16.0,20.0,-4.0,0.057471264,0.04597701,-0.011494253,2000s,0.0175,0.037,Brain Drain
BOL,2006,9542663.0,396.0,396.0,20.0,13.0,7.0,0.032828283,0.05050505,0.017676767,2000s,0.0176,0.041,Brain Gain
BOL,2007,9711152.0,422.0,422.0,9.0,20.0,-11.0,0.047393367,0.021327015,-0.02606635,2000s,0.0177,0.043,Brain Drain
BOL,2008,9880593.0,467.0,467.0,33.0,21.0,12.0,0.04496788,0.07066381,0.025695931,2000s,0.0174,0.047,Brain Gain
BOL,2009,10051317.0,499.0,499.0,19.0,24.0,-5.0,0.04809619,0.03807615,-0.01002004,2000s,0.0173,0.05,Brain Drain
BOL,2010,10223270.0,511.0,511.0,28.0,27.0,1.0,0.052837573,0.05479452,0.0019569471,2010s,0.0171,0.05,Brain Gain
BOL,2011,10396246.0,540.0,540.0,31.0,25.0,6.0,0.046296295,0.05740741,0.011111111,2010s,0.0169,0.052,Brain Gain
BOL,2012,10569697.0,562.0,562.0,20.0,26.0,-6.0,0.046263345,0.035587188,-0.010676157,2010s,0.0167,0.053,Brain Drain
BOL,2013,10743349.0,609.0,609.0,30.0,20.0,10.0,0.03284072,0.049261082,0.01642036,2010s,0.0164,0.057,Brain Gain
BOL,2014,10916987.0,612.0,612.0,22.0,26.0,-4.0,0.04248366,0.035947714,-0.006535948,2010s,0.0162,0.056,Brain Drain
BOL,2015,11090085.0,643.0,643.0,32.0,26.0,6.0,0.04043546,0.04976672,0.00933126,2010s,0.0159,0.058,Brain Gain
BOL,2016,11263015.0,670.0,670.0,27.0,26.0,1.0,0.03880597,0.040298507,0.0014925373,2010s,0.0156,0.059,Brain Gain
BOL,2017,11435533.0,725.0,725.0,45.0,21.0,24.0,0.028965518,0.062068965,0.033103447,2010s,0.0153,0.063,Brain Gain
BOL,2018,11606905.0,762.0,762.0,43.0,34.0,9.0,0.044619422,0.056430448,0.011811024,2010s,0.015,0.066,Brain Gain
BOL,2019,11777315.0,823.0,823.0,45.0,22.0,23.0,0.02673147,0.054678008,0.027946537,2010s,0.0147,0.07,Brain Gain
BOL,2020,11936162.0,841.0,841.0,45.0,35.0,10.0,0.04161712,0.05350773,0.011890606,2020s,0.0135,0.07,Brain Gain
BOL,2021,12079472.0,787.0,787.0,32.0,38.0,-6.0,0.048284624,0.040660735,-0.007623888,2020s,0.012,0.065,Brain Drain
BOL,2022,12224110.0,0.0,0.0,25.0,29.0,-4.0,,,,2020s,0.012,0.0,Brain Drain
BOL,2023,12224110.0,,,,,,,,,2020s,0.0,,Unknown
BRA,1996,166037122.0,25385.0,25385.0,0.0,0.0,0.0,0.0,0.0,0.0,1990s,,0.153,Balanced
BRA,1997,168546707.0,31647.0,31647.0,541.0,351.0,190.0,0.011091099,0.017094828,0.0060037286,1990s,0.0151,0.188,Brain Gain
BRA,1998,171039804.0,38076.0,38076.0,659.0,476.0,183.0,0.012501313,0.01730749,0.004806177,1990s,0.0148,0.223,Brain Gain
BRA,1999,173486281.0,43768.0,43768.0,722.0,548.0,174.0,0.012520563,0.01649607,0.0039755073,1990s,0.0143,0.252,Brain Gain
BRA,2000,175873720.0,49851.0,49851.0,793.0,649.0,144.0,0.013018796,0.015907405,0.002888608,2000s,0.0138,0.283,Brain Gain
BRA,2001,178211881.0,55623.0,55623.0,859.0,772.0,87.0,0.013879151,0.0154432515,0.0015641012,2000s,0.0133,0.312,Brain Gain
BRA,2002,180476685.0,62522.0,62522.0,926.0,812.0,114.0,0.012987428,0.014810787,0.0018233581,2000s,0.0127,0.346,Brain Gain
BRA,2003,182629278.0,70098.0,70098.0,886.0,785.0,101.0,0.011198607,0.012639448,0.00144084,2000s,0.0119,0.384,Brain Gain
BRA,2004,184722043.0,82099.0,82099.0,771.0,747.0,24.0,0.009098771,0.009391101,0.00029233,2000s,0.0115,0.444,Brain Gain
BRA,2005,186797334.0,94768.0,94768.0,807.0,793.0,14.0,0.008367804,0.008515533,0.0001477292,2000s,0.0112,0.507,Brain Gain
BRA,2006,188820682.0,108995.0,108995.0,883.0,781.0,102.0,0.0071654664,0.008101289,0.0009358227,2000s,0.0108,0.577,Brain Gain
BRA,2007,190779453.0,123857.0,123857.0,912.0,939.0,-27.0,0.007581324,0.00736333,-0.00021799334,2000s,0.0104,0.649,Brain Drain
BRA,2008,192672317.0,138376.0,138376.0,936.0,1072.0,-136.0,0.007747008,0.0067641786,-0.0009828294,2000s,0.0099,0.718,Brain Drain
BRA,2009,194517549.0,152915.0,152915.0,1050.0,1182.0,-132.0,0.0077297846,0.00686656,-0.0008632247,2000s,0.0096,0.786,Brain Drain
BRA,2010,196353492.0,168955.0,168955.0,1167.0,1213.0,-46.0,0.0071794265,0.0069071646,-0.00027226185,2010s,0.0094,0.86,Brain Drain
BRA,2011,198185302.0,184065.0,184065.0,1299.0,1227.0,72.0,0.0066661234,0.0070572896,0.00039116616,2010s,0.0093,0.929,Brain Gain
BRA,2012,199977707.0,198719.0,198719.0,1413.0,1202.0,211.0,0.006048742,0.007110543,0.0010618009,2010s,0.009,0.994,Brain Gain
BRA,2013,201721767.0,212914.0,212914.0,1367.0,1360.0,7.0,0.0063875555,0.0064204326,3.2877124e-05,2010s,0.0087,1.055,Brain Gain
BRA,2014,203459650.0,227483.0,227483.0,1597.0,1576.0,21.0,0.0069279904,0.007020305,9.231459e-05,2010s,0.0086,1.118,Brain Gain
BRA,2015,205188205.0,241588.0,241588.0,1773.0,1782.0,-9.0,0.007376194,0.0073389406,-3.7253507e-05,2010s,0.0085,1.177,Brain Drain
BRA,2016,206859578.0,256208.0,256208.0,1902.0,1973.0,-71.0,0.0077007744,0.0074236556,-0.00027711858,2010s,0.0081,1.239,Brain Drain
BRA,2017,208504960.0,270933.0,270933.0,1880.0,2203.0,-323.0,0.008131161,0.006938985,-0.0011921767,2010s,0.008,1.299,Brain Drain
BRA,2018,210166592.0,285435.0,285435.0,1870.0,2446.0,-576.0,0.008569377,0.006551404,-0.0020179725,2010s,0.008,1.358,Brain Drain
BRA,2019,211782878.0,294515.0,294515.0,1742.0,2593.0,-851.0,0.008804305,0.005914809,-0.0028894963,2010s,0.0077,1.391,Brain Drain
BRA,2020,213196304.0,292965.0,292965.0,1726.0,2993.0,-1267.0,0.010216237,0.005891489,-0.0043247486,2020s,0.0067,1.374,Brain Drain
BRA,2021,214326223.0,278786.0,278786.0,1713.0,2945.0,-1232.0,0.010563659,0.006144498,-0.00441916,2020s,0.0053,1.301,Brain Drain
BRA,2022,215313498.0,0.0,0.0,1387.0,2371.0,-984.0,,,,2020s,0.0046,0.0,Brain Drain
BRA,2023,215313498.0,0.0,0.0,802.0,1600.0,-798.0,,,,2020s,0.0,0.0,Brain Drain
BRB,1996,262793.0,62.0,62.0,0.0,0.0,0.0,0.0,0.0,0.0,1990s,,0.236,Balanced
BRB,1997,263224.0,72.0,72.0,6.0,3.0,3.0,0.041666668,0.083333336,0.041666668,1990s,0.0016,0.274,Brain Gain
BRB,1998,263642.0,82.0,82.0,5.0,6.0,-1.0,0.07317073,0.06097561,-0.0121951215,1990s,0.0016,0.311,Brain Drain
BRB,1999,264170.0,79.0,79.0,2.0,6.0,-4.0,0.07594936,0.025316456,-0.050632913,1990s,0.002,0.299,Brain Drain
BRB,2000,264657.0,91.0,91.0,7.0,4.0,3.0,0.043956045,0.07692308,0.032967035,2000s,0.0018,0.344,Brain Gain
BRB,2001,265377.0,96.0,96.0,11.0,6.0,5.0,0.0625,0.114583336,0.052083332,2000s,0.0027,0.362,Brain Gain
BRB,2002,266455.0,106.0,106.0,4.0,9.0,-5.0,0.08490566,0.03773585,-0.047169812,2000s,0.0041,0.398,Brain Drain
BRB,2003,267499.0,116.0,116.0,9.0,5.0,4.0,0.04310345,0.077586204,0.03448276,2000s,0.0039,0.434,Brain Gain
BRB,2004,268505.0,134.0,134.0,12.0,5.0,7.0,0.03731343,0.08955224,0.052238807,2000s,0.0038,0.499,Brain Gain
BRB,2005,269477.0,146.0,146.0,15.0,8.0,7.0,0.05479452,0.10273973,0.047945205,2000s,0.0036,0.542,Brain Gain
BRB,2006,270425.0,167.0,167.0,6.0,10.0,-4.0,0.059880238,0.035928145,-0.023952097,2000s,0.0035,0.618,Brain Drain
BRB,2007,271444.0,178.0,178.0,12.0,7.0,5.0,0.039325844,0.06741573,0.028089888,2000s,0.0038,0.656,Brain Gain
BRB,2008,272635.0,189.0,189.0,10.0,8.0,2.0,0.04232804,0.052910052,0.01058201,2000s,0.0044,0.693,Brain Gain
BRB,2009,273791.0,175.0,175.0,9.0,10.0,-1.0,0.057142857,0.05142857,-0.0057142857,2000s,0.0042,0.639,Brain Drain
BRB,2010,274711.0,179.0,179.0,12.0,11.0,1.0,0.061452515,0.06703911,0.005586592,2010s,0.0034,0.652,Brain Gain
BRB,2011,275486.0,192.0,192.0,26.0,5.0,21.0,0.026041666,0.13541667,0.109375,2010s,0.0028,0.697,Brain Gain
BRB,2012,276197.0,198.0,198.0,20.0,12.0,8.0,0.060606062,0.1010101,0.04040404,2010s,0.0026,0.717,Brain Gain
BRB,2013,276865.0,226.0,226.0,15.0,9.0,6.0,0.03982301,0.06637168,0.026548672,2010s,0.0024,0.816,Brain Gain
BRB,2014,277493.0,235.0,235.0,14.0,15.0,-1.0,0.06382979,0.05957447,-0.004255319,2010s,0.0023,0.847,Brain Drain
BRB,2015,278083.0,233.0,233.0,9.0,13.0,-4.0,0.055793993,0.03862661,-0.017167382,2010s,0.0021,0.838,Brain Drain
BRB,2016,278649.0,241.0,241.0,19.0,16.0,3.0,0.066390045,0.07883818,0.012448133,2010s,0.002,0.865,Brain Gain
BRB,2017,279187.0,237.0,237.0,10.0,18.0,-8.0,0.07594936,0.042194095,-0.033755273,2010s,0.0019,0.849,Brain Drain
BRB,2018,279688.0,245.0,245.0,15.0,17.0,-2.0,0.06938776,0.06122449,-0.008163265,2010s,0.0018,0.876,Brain Drain
BRB,2019,280180.0,267.0,267.0,21.0,11.0,10.0,0.041198503,0.07865169,0.037453182,2010s,0.0018,0.953,Brain Gain
BRB,2020,280693.0,270.0,270.0,12.0,7.0,5.0,0.025925925,0.044444446,0.018518519,2020s,0.0018,0.962,Brain Gain
BRB,2021,281200.0,260.0,260.0,17.0,7.0,10.0,0.026923077,0.06538462,0.03846154,2020s,0.0018,0.925,Brain Gain
BRB,2022,281635.0,0.0,0.0,8.0,11.0,-3.0,,,,2020s,0.0015,0.0,Brain Drain
BRB,2023,281635.0,,,,,,,,,2020s,0.0,,Unknown
BRN,1996,306196.0,54.0,54.0,0.0,0.0,0.0,0.0,0.0,0.0,1990s,,0.176,Balanced
BRN,1997,313215.0,66.0,66.0,8.0,6.0,2.0,0.09090909,0.121212125,0.030303031,1990s,0.0229,0.211,Brain Gain
BRN,1998,320152.0,75.0,75.0,6.0,5.0,1.0,0.06666667,0.08,0.013333334,1990s,0.0221,0.234,Brain Gain
BRN,1999,327045.0,78.0,78.0,8.0,8.0,0.0,0.102564104,0.102564104,0.0,1990s,0.0215,0.238,Balanced
BRN,2000,333926.0,76.0,76.0,5.0,10.0,-5.0,0.13157895,0.065789476,-0.065789476,2000s,0.021,0.228,Brain Drain
BRN,2001,340748.0,79.0,79.0,11.0,6.0,5.0,0.07594936,0.1392405,0.06329114,2000s,0.0204,0.232,Brain Gain
BRN,2002,347463.0,83.0,83.0,13.0,9.0,4.0,0.10843374,0.15662651,0.04819277,2000s,0.0197,0.239,Brain Gain
BRN,2003,354045.0,95.0,95.0,10.0,3.0,7.0,0.031578947,0.10526316,0.07368421,2000s,0.0189,0.268,Brain Gain
BRN,2004,360461.0,93.0,93.0,8.0,7.0,1.0,0.07526882,0.086021505,0.010752688,2000s,0.0181,0.258,Brain Gain
BRN,2005,366717.0,97.0,97.0,7.0,6.0,1.0,0.06185567,0.072164945,0.010309278,2000s,0.0174,0.265,Brain Gain
BRN,2006,372808.0,116.0,116.0,16.0,4.0,12.0,0.03448276,0.13793103,0.10344828,2000s,0.0166,0.311,Brain Gain
BRN,2007,378748.0,117.0,117.0,9.0,10.0,-1.0,0.08547009,0.07692308,-0.008547009,2000s,0.0159,0.309,Brain Drain
BRN,2008,384568.0,139.0,139.0,13.0,8.0,5.0,0.05755396,0.09352518,0.035971224,2000s,0.0154,0.361,Brain Gain
BRN,2009,390311.0,176.0,176.0,12.0,11.0,1.0,0.0625,0.06818182,0.0056818184,2000s,0.0149,0.451,Brain Gain
BRN,2010,396053.0,219.0,219.0,12.0,2.0,10.0,0.00913242,0.05479452,0.0456621,2010s,0.0147,0.553,Brain Gain
BRN,2011,401506.0,274.0,274.0,30.0,15.0,15.0,0.054744527,0.10948905,0.054744527,2010s,0.0138,0.682,Brain Gain
BRN,2012,406634.0,329.0,329.0,29.0,12.0,17.0,0.036474165,0.0881459,0.051671732,2010s,0.0128,0.809,Brain Gain
BRN,2013,411702.0,388.0,388.0,40.0,21.0,19.0,0.05412371,0.10309278,0.04896907,2010s,0.0125,0.942,Brain Gain
BRN,2014,416656.0,443.0,443.0,36.0,20.0,16.0,0.045146726,0.08126411,0.036117382,2010s,0.012,1.063,Brain Gain
BRN,2015,421437.0,519.0,519.0,51.0,18.0,33.0,0.03468208,0.098265894,0.06358381,2010s,0.0115,1.232,Brain Gain
BRN,2016,425994.0,537.0,537.0,39.0,25.0,14.0,0.046554934,0.0726257,0.026070764,2010s,0.0108,1.261,Brain Gain
BRN,2017,430276.0,589.0,589.0,47.0,24.0,23.0,0.040747028,0.07979626,0.039049234,2010s,0.0101,1.369,Brain Gain
BRN,2018,434274.0,615.0,615.0,38.0,45.0,-7.0,0.07317073,0.06178862,-0.011382114,2010s,0.0093,1.416,Brain Drain
BRN,2019,438048.0,653.0,653.0,32.0,29.0,3.0,0.044410415,0.049004596,0.0045941807,2010s,0.0087,1.491,Brain Gain
BRN,2020,441725.0,669.0,669.0,46.0,38.0,8.0,0.056801196,0.068759345,0.0119581465,2020s,0.0084,1.515,Brain Gain
BRN,2021,445373.0,676.0,676.0,43.0,28.0,15.0,0.041420117,0.063609466,0.022189349,2020s,0.0083,1.518,Brain Gain
BRN,2022,449002.0,0.0,0.0,31.0,21.0,10.0,,,,2020s,0.0081,0.0,Brain Gain
BRN,2023,449002.0,0.0,0.0,27.0,20.0,7.0,,,,2020s,0.0,0.0,Brain Gain
BTN,1996,537494.0,2.0,2.0,0.0,0.0,0.0,0.0,0.0,0.0,1990s,,0.004,Balanced
BTN,1997,546865.0,4.0,4.0,1.0,0.0,1.0,0.0,0.25,0.25,1990s,0.0174,0.007,Brain Gain
BTN,1998,557143.0,,,,,,,,,1990s,0.0188,,Unknown
BTN,1999,570990.0,10.0,10.0,0.0,0.0,0.0,0.0,0.0,0.0,1990s,0.0249,0.018,Balanced
BTN,2000,587207.0,15.0,15.0,0.0,0.0,0.0,0.0,0.0,0.0,2000s,0.0284,0.026,Balanced
BTN,2001,603234.0,14.0,14.0,0.0,4.0,-4.0,0.2857143,0.0,-0.2857143,2000s,0.0273,0.023,Brain Drain
BTN,2002,619048.0,19.0,19.0,0.0,0.0,0.0,0.0,0.0,0.0,2000s,0.0262,0.031,Balanced
BTN,2003,634627.0,27.0,27.0,0.0,1.0,-1.0,0.037037037,0.0,-0.037037037,2000s,0.0252,0.043,Brain Drain
BTN,2004,649991.0,42.0,42.0,0.0,0.0,0.0,0.0,0.0,0.0,2000s,0.0242,0.065,Balanced
BTN,2005,663323.0,44.0,44.0,2.0,0.0,2.0,0.0,0.045454547,0.045454547,2000s,0.0205,0.066,Brain Gain
BTN,2006,673260.0,48.0,48.0,2.0,2.0,0.0,0.041666668,0.041666668,0.0,2000s,0.015,0.071,Balanced
BTN,2007,681614.0,59.0,59.0,1.0,2.0,-1.0,0.033898305,0.016949153,-0.016949153,2000s,0.0124,0.087,Brain Drain
BTN,2008,689737.0,66.0,66.0,1.0,2.0,-1.0,0.030303031,0.015151516,-0.015151516,2000s,0.0119,0.096,Brain Drain
BTN,2009,697678.0,78.0,78.0,2.0,3.0,-1.0,0.03846154,0.025641026,-0.012820513,2000s,0.0115,0.112,Brain Drain
BTN,2010,705516.0,81.0,81.0,2.0,4.0,-2.0,0.049382716,0.024691358,-0.024691358,2010s,0.0112,0.115,Brain Drain
BTN,2011,713331.0,108.0,108.0,2.0,4.0,-2.0,0.037037037,0.018518519,-0.018518519,2010s,0.0111,0.151,Brain Drain
BTN,2012,721145.0,120.0,120.0,7.0,4.0,3.0,0.033333335,0.058333334,0.025,2010s,0.011,0.166,Brain Gain
BTN,2013,728889.0,146.0,146.0,14.0,2.0,12.0,0.01369863,0.09589041,0.08219178,2010s,0.0107,0.2,Brain Gain
BTN,2014,736357.0,179.0,179.0,9.0,6.0,3.0,0.033519555,0.05027933,0.016759777,2010s,0.0102,0.243,Brain Gain
BTN,2015,743274.0,225.0,225.0,6.0,11.0,-5.0,0.04888889,0.026666667,-0.022222223,2010s,0.0094,0.303,Brain Drain
BTN,2016,749761.0,264.0,264.0,7.0,3.0,4.0,0.011363637,0.026515152,0.015151516,2010s,0.0087,0.352,Brain Gain
BTN,2017,756121.0,293.0,293.0,14.0,16.0,-2.0,0.054607507,0.04778157,-0.0068259384,2010s,0.0085,0.388,Brain Drain
BTN,2018,762096.0,343.0,343.0,17.0,12.0,5.0,0.034985423,0.04956268,0.014577259,2010s,0.0079,0.45,Brain Gain
BTN,2019,767459.0,386.0,386.0,19.0,21.0,-2.0,0.054404143,0.049222797,-0.005181347,2010s,0.007,0.503,Brain Drain
BTN,2020,772506.0,397.0,397.0,16.0,23.0,-7.0,0.057934508,0.040302265,-0.017632242,2020s,0.0066,0.514,Brain Drain
BTN,2021,777486.0,414.0,414.0,30.0,22.0,8.0,0.053140096,0.072463766,0.019323671,2020s,0.0064,0.532,Brain Gain
BTN,2022,782455.0,0.0,0.0,21.0,14.0,7.0,,,,2020s,0.0064,0.0,Brain Gain
BTN,2023,782455.0,,,,,,,,,2020s,0.0,,Unknown
BVT,2018,,4.0,4.0,1.0,0.0,1.0,0.0,0.25,0.25,2010s,,,Brain Gain
BVT,2019,,3.0,3.0,1.0,2.0,-1.0,0.6666667,0.33333334,-0.33333334,2010s,,,Brain Drain
BWA,1996,1582169.0,169.0,169.0,0.0,0.0,0.0,0.0,0.0,0.0,1990s,,0.107,Balanced
BWA,1997,1619354.0,220.0,220.0,8.0,9.0,-1.0,0.04090909,0.036363635,-0.0045454544,1990s,0.0235,0.136,Brain Drain
BWA,1998,1655699.0,279.0,279.0,8.0,5.0,3.0,0.017921148,0.028673835,0.010752688,1990s,0.0224,0.169,Brain Gain
BWA,1999,1691558.0,309.0,309.0,15.0,12.0,3.0,0.03883495,0.048543688,0.009708738,1990s,0.0217,0.183,Brain Gain
BWA,2000,1726985.0,356.0,356.0,22.0,11.0,11.0,0.030898876,0.061797753,0.030898876,2000s,0.0209,0.206,Brain Gain
BWA,2001,1761930.0,386.0,386.0,17.0,25.0,-8.0,0.06476684,0.04404145,-0.020725388,2000s,0.0202,0.219,Brain Drain
BWA,2002,1795130.0,418.0,418.0,20.0,12.0,8.0,0.028708134,0.04784689,0.019138755,2000s,0.0188,0.233,Brain Gain
BWA,2003,1826863.0,464.0,464.0,29.0,16.0,13.0,0.03448276,0.0625,0.028017242,2000s,0.0177,0.254,Brain Gain
BWA,2004,1859085.0,523.0,523.0,29.0,31.0,-2.0,0.05927342,0.05544933,-0.0038240917,2000s,0.0176,0.281,Brain Drain
BWA,2005,1892807.0,559.0,559.0,26.0,21.0,5.0,0.037567083,0.046511628,0.008944544,2000s,0.0181,0.295,Brain Gain
BWA,2006,1928704.0,584.0,584.0,33.0,29.0,4.0,0.049657535,0.05650685,0.006849315,2000s,0.019,0.303,Brain Gain
BWA,2007,1966977.0,623.0,623.0,26.0,27.0,-1.0,0.043338683,0.041733548,-0.0016051364,2000s,0.0198,0.317,Brain Drain
BWA,2008,2007320.0,655.0,655.0,27.0,35.0,-8.0,0.053435113,0.041221373,-0.0122137405,2000s,0.0205,0.326,Brain Drain
BWA,2009,2048997.0,672.0,672.0,29.0,40.0,-11.0,0.05952381,0.04315476,-0.016369049,2000s,0.0208,0.328,Brain Drain
BWA,2010,2091664.0,696.0,696.0,41.0,30.0,11.0,0.04310345,0.058908045,0.015804598,2010s,0.0208,0.333,Brain Gain
BWA,2011,2134037.0,752.0,752.0,38.0,32.0,6.0,0.04255319,0.050531916,0.007978723,2010s,0.0203,0.352,Brain Gain
BWA,2012,2175425.0,805.0,805.0,47.0,38.0,9.0,0.047204968,0.058385093,0.011180124,2010s,0.0194,0.37,Brain Gain
BWA,2013,2217278.0,833.0,833.0,26.0,28.0,-2.0,0.033613447,0.031212484,-0.0024009603,2010s,0.0192,0.376,Brain Drain
BWA,2014,2260376.0,908.0,908.0,56.0,36.0,20.0,0.039647575,0.06167401,0.02202643,2010s,0.0194,0.402,Brain Gain
BWA,2015,2305171.0,1013.0,1013.0,59.0,52.0,7.0,0.051332675,0.058242843,0.0069101676,2010s,0.0198,0.439,Brain Gain
BWA,2016,2352416.0,1107.0,1107.0,61.0,39.0,22.0,0.035230353,0.055103883,0.019873532,2010s,0.0205,0.471,Brain Gain
BWA,2017,2401840.0,1170.0,1170.0,51.0,46.0,5.0,0.03931624,0.043589745,0.0042735045,2010s,0.021,0.487,Brain Gain
BWA,2018,2451409.0,1242.0,1242.0,66.0,43.0,23.0,0.034621578,0.053140096,0.018518519,2010s,0.0206,0.507,Brain Gain
BWA,2019,2499702.0,1317.0,1317.0,64.0,53.0,11.0,0.040242977,0.04859529,0.008352316,2010s,0.0197,0.527,Brain Gain
BWA,2020,2546402.0,1344.0,1344.0,67.0,53.0,14.0,0.039434522,0.04985119,0.010416667,2020s,0.0187,0.528,Brain Gain
BWA,2021,2588423.0,1313.0,1313.0,59.0,46.0,13.0,0.035034273,0.044935264,0.00990099,2020s,0.0165,0.507,Brain Gain
BWA,2022,2630296.0,0.0,0.0,53.0,37.0,16.0,,,,2020s,0.0162,0.0,Brain Gain
BWA,2023,2630296.0,,,,,,,,,2020s,0.0,,Unknown
CAF,1996,3363570.0,35.0,35.0,0.0,0.0,0.0,0.0,0.0,0.0,1990s,,0.01,Balanced
CAF,1997,3458472.0,39.0,39.0,1.0,3.0,-2.0,0.07692308,0.025641026,-0.051282052,1990s,0.0282,0.011,Brain Drain
CAF,1998,3555064.0,50.0,50.0,5.0,2.0,3.0,0.04,0.1,0.06,1990s,0.0279,0.014,Brain Gain
CAF,1999,3655360.0,39.0,39.0,1.0,10.0,-9.0,0.25641027,0.025641026,-0.23076923,1990s,0.0282,0.011,Brain Drain
CAF,2000,3759170.0,46.0,46.0,6.0,9.0,-3.0,0.19565217,0.13043478,-0.06521739,2000s,0.0284,0.012,Brain Drain
CAF,2001,3844773.0,46.0,46.0,1.0,6.0,-5.0,0.13043478,0.02173913,-0.10869565,2000s,0.0228,0.012,Brain Drain
CAF,2002,3930648.0,43.0,43.0,4.0,5.0,-1.0,0.11627907,0.093023255,-0.023255814,2000s,0.0223,0.011,Brain Drain
CAF,2003,4026841.0,63.0,63.0,10.0,3.0,7.0,0.04761905,0.15873016,0.11111111,2000s,0.0245,0.016,Brain Gain
CAF,2004,4115138.0,73.0,73.0,6.0,5.0,1.0,0.06849315,0.08219178,0.01369863,2000s,0.0219,0.018,Brain Gain
CAF,2005,4208834.0,87.0,87.0,10.0,1.0,9.0,0.011494253,0.11494253,0.10344828,2000s,0.0228,0.021,Brain Gain
CAF,2006,4294352.0,83.0,83.0,2.0,9.0,-7.0,0.10843374,0.024096385,-0.084337346,2000s,0.0203,0.019,Brain Drain
CAF,2007,4375569.0,78.0,78.0,9.0,10.0,-1.0,0.12820514,0.115384616,-0.012820513,2000s,0.0189,0.018,Brain Drain
CAF,2008,4467233.0,83.0,83.0,10.0,8.0,2.0,0.09638554,0.12048193,0.024096385,2000s,0.0209,0.019,Brain Gain
CAF,2009,4564540.0,90.0,90.0,9.0,6.0,3.0,0.06666667,0.1,0.033333335,2000s,0.0218,0.02,Brain Gain
CAF,2010,4660067.0,93.0,93.0,8.0,3.0,5.0,0.032258064,0.086021505,0.05376344,2010s,0.0209,0.02,Brain Gain
CAF,2011,4732022.0,108.0,108.0,12.0,6.0,6.0,0.055555556,0.11111111,0.055555556,2010s,0.0154,0.023,Brain Gain
CAF,2012,4773306.0,111.0,111.0,9.0,17.0,-8.0,0.15315315,0.08108108,-0.072072074,2010s,0.0087,0.023,Brain Drain
CAF,2013,4802428.0,119.0,119.0,9.0,9.0,0.0,0.075630255,0.075630255,0.0,2010s,0.0061,0.025,Balanced
CAF,2014,4798734.0,132.0,132.0,11.0,7.0,4.0,0.053030305,0.083333336,0.030303031,2010s,-0.0008,0.028,Brain Gain
CAF,2015,4819333.0,151.0,151.0,14.0,7.0,7.0,0.046357617,0.09271523,0.046357617,2010s,0.0043,0.031,Brain Gain
CAF,2016,4904177.0,163.0,163.0,15.0,6.0,9.0,0.036809817,0.09202454,0.055214725,2010s,0.0176,0.033,Brain Gain
CAF,2017,4996741.0,152.0,152.0,8.0,18.0,-10.0,0.118421055,0.05263158,-0.065789476,2010s,0.0189,0.03,Brain Drain
CAF,2018,5094780.0,149.0,149.0,5.0,5.0,0.0,0.033557046,0.033557046,0.0,2010s,0.0196,0.029,Balanced
CAF,2019,5209324.0,148.0,148.0,12.0,7.0,5.0,0.0472973,0.08108108,0.033783782,2010s,0.0225,0.028,Brain Gain
CAF,2020,5343020.0,149.0,149.0,10.0,12.0,-2.0,0.08053691,0.06711409,-0.013422819,2020s,0.0257,0.028,Brain Drain
CAF,2021,5457154.0,144.0,144.0,13.0,2.0,11.0,0.013888889,0.090277776,0.07638889,2020s,0.0214,0.026,Brain Gain
CAF,2022,5579144.0,0.0,0.0,9.0,6.0,3.0,,,,2020s,0.0224,0.0,Brain Gain
CAF,2023,5579144.0,,,,,,,,,2020s,0.0,,Unknown
CAN,1996,29610218.0,61186.0,61186.0,0.0,0.0,0.0,0.0,0.0,0.0,1990s,,2.066,Balanced
CAN,1997,29905948.0,69809.0,69809.0,1753.0,2052.0,-299.0,0.02939449,0.025111375,-0.0042831153,1990s,0.01,2.334,Brain Drain
CAN,1998,30155173.0,77801.0,77801.0,2135.0,2555.0,-420.0,0.032840196,0.027441807,-0.005398388,1990s,0.0083,2.58,Brain Drain
CAN,1999,30401286.0,83140.0,83140.0,2367.0,2755.0,-388.0,0.03313688,0.02847005,-0.004666827,1990s,0.0082,2.735,Brain Drain
CAN,2000,30685730.0,87767.0,87767.0,2710.0,3014.0,-304.0,0.034340926,0.030877208,-0.0034637165,2000s,0.0094,2.86,Brain Drain
CAN,2001,31020902.0,92474.0,92474.0,3292.0,3424.0,-132.0,0.037026625,0.035599194,-0.0014274282,2000s,0.0109,2.981,Brain Drain
CAN,2002,31360079.0,98379.0,98379.0,3615.0,3413.0,202.0,0.034692362,0.036745645,0.0020532836,2000s,0.0109,3.137,Brain Gain
CAN,2003,31644028.0,104442.0,104442.0,3587.0,3353.0,234.0,0.032103945,0.03434442,0.002240478,2000s,0.0091,3.301,Brain Gain
CAN,2004,31940655.0,111105.0,111105.0,3362.0,2930.0,432.0,0.026371451,0.030259665,0.0038882138,2000s,0.0094,3.478,Brain Gain
CAN,2005,32243753.0,117893.0,117893.0,3450.0,2973.0,477.0,0.025217783,0.029263824,0.0040460415,2000s,0.0095,3.656,Brain Gain
CAN,2006,32571174.0,125281.0,125281.0,3654.0,3140.0,514.0,0.025063656,0.029166434,0.0041027768,2000s,0.0102,3.846,Brain Gain
CAN,2007,32889025.0,132909.0,132909.0,3878.0,3422.0,456.0,0.02574694,0.02917786,0.0034309188,2000s,0.0098,4.041,Brain Gain
CAN,2008,33247118.0,139625.0,139625.0,3967.0,3745.0,222.0,0.026821844,0.028411817,0.0015899731,2000s,0.0109,4.2,Brain Gain
CAN,2009,33628895.0,146053.0,146053.0,4008.0,3968.0,40.0,0.02716822,0.027442092,0.0002738732,2000s,0.0115,4.343,Brain Gain
CAN,2010,34004889.0,152272.0,152272.0,4387.0,4430.0,-43.0,0.029092677,0.028810287,-0.0002823894,2010s,0.0112,4.478,Brain Drain
CAN,2011,34339328.0,158624.0,158624.0,4458.0,4431.0,27.0,0.027933983,0.028104195,0.00017021384,2010s,0.0098,4.619,Brain Gain
CAN,2012,34714222.0,164910.0,164910.0,4523.0,4502.0,21.0,0.02729974,0.027427081,0.00012734218,2010s,0.0109,4.751,Brain Gain
CAN,2013,35082954.0,171947.0,171947.0,4720.0,4698.0,22.0,0.027322372,0.02745032,0.0001279464,2010s,0.0106,4.901,Brain Gain
CAN,2014,35437435.0,177796.0,177796.0,4850.0,4959.0,-109.0,0.027891517,0.027278453,-0.0006130622,2010s,0.0101,5.017,Brain Drain
CAN,2015,35702908.0,183262.0,183262.0,5087.0,5162.0,-75.0,0.028167324,0.027758073,-0.00040925015,2010s,0.0075,5.133,Brain Drain
CAN,2016,36109487.0,188351.0,188351.0,5180.0,5409.0,-229.0,0.02871766,0.027501846,-0.0012158152,2010s,0.0114,5.216,Brain Drain
CAN,2017,36545236.0,193550.0,193550.0,5302.0,5477.0,-175.0,0.028297598,0.027393438,-0.00090415915,2010s,0.0121,5.296,Brain Drain
CAN,2018,37065084.0,198528.0,198528.0,5507.0,5571.0,-64.0,0.028061533,0.02773916,-0.00032237265,2010s,0.0142,5.356,Brain Drain
CAN,2019,37601230.0,203093.0,203093.0,6192.0,5591.0,601.0,0.02752926,0.030488495,0.0029592353,2010s,0.0145,5.401,Brain Gain
CAN,2020,38007166.0,202216.0,202216.0,6250.0,5788.0,462.0,0.028622858,0.030907545,0.0022846856,2020s,0.0108,5.32,Brain Gain
CAN,2021,38226498.0,193101.0,193101.0,5861.0,5382.0,479.0,0.027871424,0.030351993,0.0024805672,2020s,0.0058,5.051,Brain Gain
CAN,2022,38929902.0,0.0,0.0,5165.0,4310.0,855.0,,,,2020s,0.0184,0.0,Brain Gain
CAN,2023,38929902.0,0.0,0.0,2997.0,2879.0,118.0,,,,2020s,0.0,0.0,Brain Gain
CCK,1996,,2.0,2.0,0.0,0.0,0.0,0.0,0.0,0.0,1990s,,,Balanced
CCK,1998,,2.0,2.0,0.0,0.0,0.0,0.0,0.0,0.0,1990s,,,Balanced
CCK,2007,,8.0,8.0,1.0,0.0,1.0,0.0,0.125,0.125,2000s,,,Brain Gain
CCK,2009,,10.0,10.0,3.0,0.0,3.0,0.0,0.3,0.3,2000s,,,Brain Gain
CCK,2012,,10.0,10.0,1.0,0.0,1.0,0.0,0.1,0.1,2010s,,,Brain Gain
CCK,2015,,13.0,13.0,1.0,1.0,0.0,0.07692308,0.07692308,0.0,2010s,,,Balanced
CCK,2016,,14.0,14.0,0.0,1.0,-1.0,0.071428575,0.0,-0.071428575,2010s,,,Brain Drain
CCK,2017,,12.0,12.0,0.0,2.0,-2.0,0.16666667,0.0,-0.16666667,2010s,,,Brain Drain
CCK,2018,,15.0,15.0,3.0,0.0,3.0,0.0,0.2,0.2,2010s,,,Brain Gain
CCK,2022,,0.0,0.0,1.0,1.0,0.0,,,,2020s,,,Balanced
CHE,1996,7071850.0,21060.0,21060.0,0.0,0.0,0.0,0.0,0.0,0.0,1990s,,2.978,Balanced
CHE,1997,7088906.0,24196.0,24196.0,1155.0,1074.0,81.0,0.0443875,0.047735162,0.0033476609,1990s,0.0024,3.413,Brain Gain
CHE,1998,7110001.0,27266.0,27266.0,1355.0,1290.0,65.0,0.04731167,0.049695592,0.0023839213,1990s,0.003,3.835,Brain Gain
CHE,1999,7143991.0,29480.0,29480.0,1438.0,1412.0,26.0,0.04789688,0.048778832,0.00088195386,1990s,0.0048,4.127,Brain Gain
CHE,2000,7184250.0,31438.0,31438.0,1590.0,1533.0,57.0,0.048762646,0.050575737,0.0018130924,2000s,0.0056,4.376,Brain Gain
CHE,2001,7229854.0,32695.0,32695.0,1811.0,1792.0,19.0,0.054809604,0.055390734,0.00058112864,2000s,0.0063,4.522,Brain Gain
CHE,2002,7284753.0,34781.0,34781.0,2043.0,1716.0,327.0,0.049337283,0.058738966,0.009401685,2000s,0.0076,4.774,Brain Gain
CHE,2003,7339001.0,36613.0,36613.0,2057.0,1729.0,328.0,0.047223665,0.05618223,0.008958567,2000s,0.0074,4.989,Brain Gain
CHE,2004,7389625.0,38733.0,38733.0,1951.0,1535.0,416.0,0.03963029,0.050370485,0.010740195,2000s,0.0069,5.242,Brain Gain
CHE,2005,7437115.0,40526.0,40526.0,1906.0,1586.0,320.0,0.03913537,0.047031537,0.007896165,2000s,0.0064,5.449,Brain Gain
CHE,2006,7483934.0,43036.0,43036.0,2078.0,1683.0,395.0,0.039106794,0.048285156,0.009178362,2000s,0.0063,5.75,Brain Gain
CHE,2007,7551117.0,45364.0,45364.0,2056.0,1827.0,229.0,0.040274225,0.04532228,0.0050480557,2000s,0.009,6.008,Brain Gain
CHE,2008,7647675.0,47955.0,47955.0,2502.0,1942.0,560.0,0.040496297,0.052173913,0.011677614,2000s,0.0128,6.271,Brain Gain
CHE,2009,7743831.0,50536.0,50536.0,2588.0,2211.0,377.0,0.04375099,0.051211018,0.0074600284,2000s,0.0126,6.526,Brain Gain
CHE,2010,7824909.0,53185.0,53185.0,2773.0,2301.0,472.0,0.04326408,0.05213876,0.008874683,2010s,0.0105,6.797,Brain Gain
CHE,2011,7912398.0,56316.0,56316.0,3043.0,2241.0,802.0,0.03979331,0.05403438,0.014241069,2010s,0.0112,7.117,Brain Gain
CHE,2012,7996861.0,59507.0,59507.0,3188.0,2361.0,827.0,0.039676003,0.05357353,0.013897524,2010s,0.0107,7.441,Brain Gain
CHE,2013,8089346.0,62582.0,62582.0,3225.0,2571.0,654.0,0.0410821,0.051532388,0.01045029,2010s,0.0116,7.736,Brain Gain
CHE,2014,8188649.0,65525.0,65525.0,3420.0,2722.0,698.0,0.041541398,0.05219382,0.010652423,2010s,0.0123,8.002,Brain Gain
CHE,2015,8282396.0,68470.0,68470.0,3518.0,2807.0,711.0,0.040996056,0.051380165,0.01038411,2010s,0.0114,8.267,Brain Gain
CHE,2016,8373338.0,71031.0,71031.0,3668.0,2868.0,800.0,0.040376738,0.051639426,0.011262688,2010s,0.011,8.483,Brain Gain
CHE,2017,8451840.0,73843.0,73843.0,3844.0,2845.0,999.0,0.038527686,0.05205639,0.013528703,2010s,0.0094,8.737,Brain Gain
CHE,2018,8514329.0,76294.0,76294.0,3751.0,3085.0,666.0,0.040435683,0.049165074,0.008729389,2010s,0.0074,8.961,Brain Gain
CHE,2019,8575280.0,78384.0,78384.0,3889.0,3105.0,784.0,0.039612677,0.049614716,0.010002041,2010s,0.0072,9.141,Brain Gain
CHE,2020,8638167.0,78387.0,78387.0,4148.0,3290.0,858.0,0.041971244,0.052916937,0.010945693,2020s,0.0073,9.074,Brain Gain
CHE,2021,8704546.0,75607.0,75607.0,3945.0,3123.0,822.0,0.0413057,0.05217771,0.010872009,2020s,0.0077,8.686,Brain Gain
CHE,2022,8775760.0,0.0,0.0,3443.0,2644.0,799.0,,,,2020s,0.0082,0.0,Brain Gain
CHE,2023,8775760.0,0.0,0.0,2485.0,1820.0,665.0,,,,2020s,0.0,0.0,Brain Gain
CHI,1996,142898.0,,,,,,,,,1990s,,,Unknown
CHI,1997,143549.0,,,,,,,,,1990s,0.0046,,Unknown
CHI,1998,144211.0,,,,,,,,,1990s,0.0046,,Unknown
CHI,1999,144811.0,,,,,,,,,1990s,0.0042,,Unknown
CHI,2000,145306.0,,,,,,,,,2000s,0.0034,,Unknown
CHI,2001,146044.0,,,,,,,,,2000s,0.0051,,Unknown
CHI,2002,147167.0,,,,,,,,,2000s,0.0077,,Unknown
CHI,2003,148341.0,,,,,,,,,2000s,0.008,,Unknown
CHI,2004,149538.0,,,,,,,,,2000s,0.0081,,Unknown
CHI,2005,150763.0,,,,,,,,,2000s,0.0082,,Unknown
CHI,2006,151985.0,,,,,,,,,2000s,0.0081,,Unknown
CHI,2007,153225.0,,,,,,,,,2000s,0.0082,,Unknown
CHI,2008,154475.0,,,,,,,,,2000s,0.0082,,Unknown
CHI,2009,155721.0,,,,,,,,,2000s,0.0081,,Unknown
CHI,2010,156933.0,,,,,,,,,2010s,0.0078,,Unknown
CHI,2011,157819.0,,,,,,,,,2010s,0.0056,,Unknown
CHI,2012,158621.0,,,,,,,,,2010s,0.0051,,Unknown
CHI,2013,159794.0,,,,,,,,,2010s,0.0074,,Unknown
CHI,2014,160912.0,,,,,,,,,2010s,0.007,,Unknown
CHI,2015,162190.0,,,,,,,,,2010s,0.0079,,Unknown
CHI,2016,163721.0,,,,,,,,,2010s,0.0094,,Unknown
CHI,2017,165215.0,,,,,,,,,2010s,0.0091,,Unknown
CHI,2018,167259.0,,,,,,,,,2010s,0.0124,,Unknown
CHI,2019,169410.0,,,,,,,,,2010s,0.0129,,Unknown
CHI,2020,171113.0,,,,,,,,,2020s,0.0101,,Unknown
CHI,2021,172683.0,,,,,,,,,2020s,0.0092,,Unknown
CHI,2022,174079.0,,,,,,,,,2020s,0.0081,,Unknown
CHI,2023,174079.0,,,,,,,,,2020s,0.0,,Unknown
CHL,1996,14615483.0,4009.0,4009.0,0.0,0.0,0.0,0.0,0.0,0.0,1990s,,0.274,Balanced
CHL,1997,14809289.0,4767.0,4767.0,88.0,90.0,-2.0,0.0188798,0.018460248,-0.00041955107,1990s,0.0133,0.322,Brain Drain
CHL,1998,14996742.0,5556.0,5556.0,134.0,94.0,40.0,0.016918646,0.024118071,0.007199424,1990s,0.0127,0.37,Brain Gain
CHL,1999,15176410.0,6063.0,6063.0,146.0,123.0,23.0,0.020286987,0.024080489,0.0037935015,1990s,0.012,0.4,Brain Gain
CHL,2000,15351799.0,6680.0,6680.0,146.0,131.0,15.0,0.01961078,0.021856287,0.002245509,2000s,0.0116,0.435,Brain Gain
CHL,2001,15523978.0,7297.0,7297.0,228.0,163.0,65.0,0.022337947,0.031245718,0.008907771,2000s,0.0112,0.47,Brain Gain
CHL,2002,15693790.0,8001.0,8001.0,236.0,173.0,63.0,0.021622296,0.029496312,0.007874016,2000s,0.0109,0.51,Brain Gain
CHL,2003,15859112.0,8817.0,8817.0,239.0,176.0,63.0,0.019961437,0.027106727,0.0071452875,2000s,0.0105,0.556,Brain Gain
CHL,2004,16017966.0,9953.0,9953.0,221.0,189.0,32.0,0.01898925,0.02220436,0.003215111,2000s,0.01,0.621,Brain Gain
CHL,2005,16175311.0,11094.0,11094.0,257.0,201.0,56.0,0.018117901,0.023165675,0.0050477735,2000s,0.0098,0.686,Brain Gain
CHL,2006,16334575.0,12514.0,12514.0,289.0,245.0,44.0,0.019578073,0.023094134,0.003516062,2000s,0.0098,0.766,Brain Gain
CHL,2007,16495538.0,13940.0,13940.0,310.0,296.0,14.0,0.021233859,0.022238163,0.0010043042,2000s,0.0099,0.845,Brain Gain
CHL,2008,16661462.0,15332.0,15332.0,335.0,310.0,25.0,0.020219149,0.021849725,0.0016305766,2000s,0.0101,0.92,Brain Gain
CHL,2009,16833447.0,16644.0,16644.0,362.0,346.0,16.0,0.020788273,0.02174958,0.0009613074,2000s,0.0103,0.989,Brain Gain
CHL,2010,17004162.0,17984.0,17984.0,442.0,365.0,77.0,0.02029582,0.024577402,0.0042815837,2010s,0.0101,1.058,Brain Gain
CHL,2011,17173573.0,19372.0,19372.0,474.0,448.0,26.0,0.02312616,0.024468305,0.0013421433,2010s,0.01,1.128,Brain Gain
CHL,2012,17341771.0,20959.0,20959.0,503.0,373.0,130.0,0.01779665,0.023999237,0.006202586,2010s,0.0098,1.209,Brain Gain
CHL,2013,17509925.0,22588.0,22588.0,564.0,466.0,98.0,0.020630423,0.02496901,0.0043385867,2010s,0.0097,1.29,Brain Gain
CHL,2014,17687108.0,24525.0,24525.0,735.0,476.0,259.0,0.019408766,0.029969418,0.010560652,2010s,0.0101,1.387,Brain Gain
CHL,2015,17870124.0,26082.0,26082.0,740.0,556.0,184.0,0.021317383,0.028372057,0.0070546735,2010s,0.0103,1.46,Brain Gain
CHL,2016,18083879.0,28124.0,28124.0,741.0,576.0,165.0,0.020480728,0.026347604,0.0058668754,2010s,0.012,1.555,Brain Gain
CHL,2017,18368577.0,29921.0,29921.0,842.0,605.0,237.0,0.020219913,0.02814077,0.007920858,2010s,0.0157,1.629,Brain Gain
CHL,2018,18701450.0,31615.0,31615.0,795.0,747.0,48.0,0.023628024,0.02514629,0.0015182666,2010s,0.0181,1.691,Brain Gain
CHL,2019,19039485.0,32898.0,32898.0,835.0,695.0,140.0,0.021125905,0.025381481,0.004255578,2010s,0.0181,1.728,Brain Gain
CHL,2020,19300315.0,33167.0,33167.0,800.0,713.0,87.0,0.021497272,0.02412036,0.0026230891,2020s,0.0137,1.718,Brain Gain
CHL,2021,19493184.0,32028.0,32028.0,787.0,802.0,-15.0,0.02504059,0.02457225,-0.0004683402,2020s,0.01,1.643,Brain Drain
CHL,2022,19603733.0,0.0,0.0,572.0,672.0,-100.0,,,,2020s,0.0057,0.0,Brain Drain
CHL,2023,19603733.0,0.0,0.0,335.0,369.0,-34.0,,,,2020s,0.0,0.0,Brain Drain
CHN,1996,1217550000.0,64060.0,64060.0,0.0,0.0,0.0,0.0,0.0,0.0,1990s,,0.053,Balanced
CHN,1997,1230075000.0,81120.0,81120.0,791.0,796.0,-5.0,0.009812623,0.0097509865,-6.163708e-05,1990s,0.0103,0.066,Brain Drain
CHN,1998,1241935000.0,99954.0,99954.0,905.0,1172.0,-267.0,0.011725394,0.009054165,-0.0026712287,1990s,0.0096,0.08,Brain Drain
CHN,1999,1252735000.0,121690.0,121690.0,1076.0,1349.0,-273.0,0.011085546,0.0088421395,-0.0022434054,1990s,0.0087,0.097,Brain Drain
CHN,2000,1262645000.0,143408.0,143408.0,1239.0,1787.0,-548.0,0.012460951,0.008639686,-0.0038212652,2000s,0.0079,0.114,Brain Drain
CHN,2001,1271850000.0,170352.0,170352.0,1615.0,1988.0,-373.0,0.011669954,0.00948037,-0.0021895838,2000s,0.0073,0.134,Brain Drain
CHN,2002,1280400000.0,212730.0,212730.0,1768.0,2371.0,-603.0,0.011145583,0.008311004,-0.002834579,2000s,0.0067,0.166,Brain Drain
CHN,2003,1288400000.0,272920.0,272920.0,2035.0,2356.0,-321.0,0.008632567,0.0074563976,-0.0011761688,2000s,0.0062,0.212,Brain Drain
CHN,2004,1296075000.0,335971.0,335971.0,2269.0,2164.0,105.0,0.006441032,0.006753559,0.00031252697,2000s,0.006,0.259,Brain Gain
CHN,2005,1303720000.0,399969.0,399969.0,2389.0,2412.0,-23.0,0.0060304673,0.005972963,-5.7504458e-05,2000s,0.0059,0.307,Brain Drain
CHN,2006,1311020000.0,470617.0,470617.0,2537.0,2594.0,-57.0,0.005511913,0.0053907954,-0.0001211176,2000s,0.0056,0.359,Brain Drain
CHN,2007,1317885000.0,544184.0,544184.0,2818.0,2966.0,-148.0,0.0054503623,0.0051783957,-0.00027196683,2000s,0.0052,0.413,Brain Drain
CHN,2008,1324655000.0,615763.0,615763.0,3174.0,3502.0,-328.0,0.005687253,0.005154581,-0.00053267245,2000s,0.0051,0.465,Brain Drain
CHN,2009,1331260000.0,690240.0,690240.0,3683.0,4303.0,-620.0,0.0062340633,0.005335825,-0.0008982383,2000s,0.005,0.518,Brain Drain
CHN,2010,1337705000.0,776003.0,776003.0,4705.0,4915.0,-210.0,0.0063337386,0.006063121,-0.00027061751,2010s,0.0048,0.58,Brain Drain
CHN,2011,1345035000.0,881558.0,881558.0,5502.0,5491.0,11.0,0.006228745,0.006241223,1.2477908e-05,2010s,0.0055,0.655,Brain Gain
CHN,2012,1354190000.0,994344.0,994344.0,6184.0,5755.0,429.0,0.0057877353,0.0062191756,0.00043144022,2010s,0.0068,0.734,Brain Gain
CHN,2013,1363240000.0,1115147.0,1115147.0,6551.0,5992.0,559.0,0.005373283,0.0058745616,0.0005012792,2010s,0.0067,0.818,Brain Gain
CHN,2014,1371860000.0,1240387.0,1240387.0,7183.0,6579.0,604.0,0.0053039896,0.0057909344,0.0004869448,2010s,0.0063,0.904,Brain Gain
CHN,2015,1379860000.0,1371872.0,1371872.0,7937.0,7138.0,799.0,0.0052031092,0.0057855253,0.00058241584,2010s,0.0058,0.994,Brain Gain
CHN,2016,1387790000.0,1519586.0,1519586.0,8559.0,8120.0,439.0,0.0053435606,0.005632455,0.0002888945,2010s,0.0057,1.095,Brain Gain
CHN,2017,1396215000.0,1697218.0,1697218.0,9506.0,8503.0,1003.0,0.005009963,0.0056009307,0.0005909671,2010s,0.0061,1.216,Brain Gain
CHN,2018,1402760000.0,1883727.0,1883727.0,10831.0,9193.0,1638.0,0.0048802188,0.0057497714,0.0008695528,2010s,0.0047,1.343,Brain Gain
CHN,2019,1407745000.0,2079854.0,2079854.0,12043.0,10009.0,2034.0,0.004812357,0.0057903104,0.0009779533,2010s,0.0036,1.477,Brain Gain
CHN,2020,1411100000.0,2251676.0,2251676.0,12885.0,11201.0,1684.0,0.0049745166,0.005722404,0.00074788736,2020s,0.0024,1.596,Brain Gain
CHN,2021,1412360000.0,2168290.0,2168290.0,13177.0,11203.0,1974.0,0.0051667443,0.006077139,0.0009103948,2020s,0.0009,1.535,Brain Gain
CHN,2022,1412175000.0,0.0,0.0,12484.0,9646.0,2838.0,,,,2020s,-0.0001,0.0,Brain Gain
CHN,2023,1412175000.0,0.0,0.0,8304.0,6924.0,1380.0,,,,2020s,0.0,0.0,Brain Gain
CIV,1996,14810946.0,368.0,368.0,0.0,0.0,0.0,0.0,0.0,0.0,1990s,,0.025,Balanced
CIV,1997,15335453.0,457.0,457.0,10.0,13.0,-3.0,0.02844639,0.021881837,-0.0065645515,1990s,0.0354,0.03,Brain Drain
CIV,1998,15858990.0,510.0,510.0,27.0,30.0,-3.0,0.05882353,0.052941177,-0.005882353,1990s,0.0341,0.032,Brain Drain
CIV,1999,16345894.0,561.0,561.0,33.0,20.0,13.0,0.035650622,0.05882353,0.023172906,1990s,0.0307,0.034,Brain Gain
CIV,2000,16799670.0,591.0,591.0,32.0,40.0,-8.0,0.06768189,0.054145515,-0.013536379,2000s,0.0278,0.035,Brain Drain
CIV,2001,17245468.0,589.0,589.0,34.0,40.0,-6.0,0.067911714,0.057724956,-0.010186757,2000s,0.0265,0.034,Brain Drain
CIV,2002,17683897.0,651.0,651.0,32.0,35.0,-3.0,0.05376344,0.049155146,-0.004608295,2000s,0.0254,0.037,Brain Drain
CIV,2003,18116451.0,749.0,749.0,55.0,41.0,14.0,0.054739654,0.07343124,0.018691588,2000s,0.0245,0.041,Brain Gain
CIV,2004,18544903.0,838.0,838.0,42.0,39.0,3.0,0.04653938,0.050119333,0.0035799523,2000s,0.0236,0.045,Brain Gain
CIV,2005,18970215.0,937.0,937.0,28.0,30.0,-2.0,0.032017075,0.029882604,-0.0021344717,2000s,0.0229,0.049,Brain Drain
CIV,2006,19394057.0,1085.0,1085.0,34.0,41.0,-7.0,0.03778802,0.031336404,-0.006451613,2000s,0.0223,0.056,Brain Drain
CIV,2007,19817700.0,1243.0,1243.0,52.0,33.0,19.0,0.026548672,0.041834272,0.015285599,2000s,0.0218,0.063,Brain Gain
CIV,2008,20244449.0,1322.0,1322.0,43.0,49.0,-6.0,0.03706505,0.032526474,-0.004538578,2000s,0.0215,0.065,Brain Drain
CIV,2009,20677762.0,1412.0,1412.0,47.0,73.0,-26.0,0.051699717,0.03328612,-0.018413598,2000s,0.0214,0.068,Brain Drain
CIV,2010,21120042.0,1507.0,1507.0,45.0,70.0,-25.0,0.0464499,0.029860651,-0.01658925,2010s,0.0214,0.071,Brain Drain
CIV,2011,21562914.0,1597.0,1597.0,86.0,41.0,45.0,0.025673138,0.05385097,0.028177833,2010s,0.021,0.074,Brain Gain
CIV,2012,22010712.0,1695.0,1695.0,81.0,43.0,38.0,0.025368731,0.04778761,0.022418879,2010s,0.0208,0.077,Brain Gain
CIV,2013,22469268.0,1747.0,1747.0,64.0,56.0,8.0,0.03205495,0.03663423,0.0045792786,2010s,0.0208,0.078,Brain Gain
CIV,2014,22995555.0,1758.0,1758.0,52.0,66.0,-14.0,0.037542664,0.029579068,-0.007963595,2010s,0.0234,0.076,Brain Drain
CIV,2015,23596741.0,1824.0,1824.0,99.0,60.0,39.0,0.032894738,0.054276317,0.02138158,2010s,0.0261,0.077,Brain Gain
CIV,2016,24213622.0,1952.0,1952.0,111.0,66.0,45.0,0.033811476,0.056864753,0.02305328,2010s,0.0261,0.081,Brain Gain
CIV,2017,24848016.0,2156.0,2156.0,107.0,50.0,57.0,0.023191094,0.049628943,0.026437847,2010s,0.0262,0.087,Brain Gain
CIV,2018,25493988.0,2268.0,2268.0,111.0,37.0,74.0,0.016313933,0.0489418,0.032627866,2010s,0.026,0.089,Brain Gain
CIV,2019,26147551.0,2383.0,2383.0,103.0,53.0,50.0,0.022240873,0.04322283,0.020981956,2010s,0.0256,0.091,Brain Gain
CIV,2020,26811790.0,2392.0,2392.0,92.0,50.0,42.0,0.02090301,0.03846154,0.017558528,2020s,0.0254,0.089,Brain Gain
CIV,2021,27478249.0,2361.0,2361.0,81.0,48.0,33.0,0.020330368,0.0343075,0.013977128,2020s,0.0249,0.086,Brain Gain
CIV,2022,28160542.0,0.0,0.0,39.0,38.0,1.0,,,,2020s,0.0248,0.0,Brain Gain
CIV,2023,28160542.0,0.0,0.0,27.0,18.0,9.0,,,,2020s,0.0,0.0,Brain Gain
CMR,1996,13575324.0,447.0,447.0,0.0,0.0,0.0,0.0,0.0,0.0,1990s,,0.033,Balanced
CMR,1997,13941181.0,522.0,522.0,25.0,17.0,8.0,0.03256705,0.04789272,0.01532567,1990s,0.027,0.037,Brain Gain
CMR,1998,14314599.0,575.0,575.0,15.0,34.0,-19.0,0.059130434,0.026086956,-0.033043478,1990s,0.0268,0.04,Brain Drain
CMR,1999,14698973.0,640.0,640.0,37.0,19.0,18.0,0.0296875,0.0578125,0.028125,1990s,0.0269,0.044,Brain Gain
CMR,2000,15091594.0,698.0,698.0,27.0,33.0,-6.0,0.04727794,0.038681947,-0.008595988,2000s,0.0267,0.046,Brain Drain
CMR,2001,15493253.0,792.0,792.0,41.0,36.0,5.0,0.045454547,0.051767677,0.006313131,2000s,0.0266,0.051,Brain Gain
CMR,2002,15914033.0,864.0,864.0,43.0,40.0,3.0,0.046296295,0.04976852,0.0034722222,2000s,0.0272,0.054,Brain Gain
CMR,2003,16354326.0,1084.0,1084.0,60.0,29.0,31.0,0.026752768,0.055350553,0.028597785,2000s,0.0277,0.066,Brain Gain
CMR,2004,16809407.0,1260.0,1260.0,34.0,39.0,-5.0,0.030952381,0.026984127,-0.003968254,2000s,0.0278,0.075,Brain Drain
CMR,2005,17275171.0,1447.0,1447.0,56.0,34.0,22.0,0.02349689,0.03870076,0.01520387,2000s,0.0277,0.084,Brain Gain
CMR,2006,17751333.0,1569.0,1569.0,35.0,50.0,-15.0,0.031867433,0.022307202,-0.009560229,2000s,0.0276,0.088,Brain Drain
CMR,2007,18251866.0,1759.0,1759.0,53.0,58.0,-5.0,0.032973282,0.030130757,-0.002842524,2000s,0.0282,0.096,Brain Drain
CMR,2008,18777081.0,1944.0,1944.0,50.0,56.0,-6.0,0.028806584,0.025720164,-0.0030864198,2000s,0.0288,0.104,Brain Drain
CMR,2009,19319274.0,2178.0,2178.0,58.0,67.0,-9.0,0.030762168,0.026629936,-0.004132231,2000s,0.0289,0.113,Brain Drain
CMR,2010,19878036.0,2514.0,2514.0,83.0,73.0,10.0,0.02903739,0.033015117,0.003977725,2010s,0.0289,0.126,Brain Gain
CMR,2011,20448873.0,2766.0,2766.0,85.0,68.0,17.0,0.024584237,0.030730296,0.0061460594,2010s,0.0287,0.135,Brain Gain
CMR,2012,21032684.0,3031.0,3031.0,65.0,70.0,-5.0,0.023094688,0.021445068,-0.0016496206,2010s,0.0285,0.144,Brain Drain
CMR,2013,21632850.0,3375.0,3375.0,71.0,64.0,7.0,0.018962963,0.021037037,0.002074074,2010s,0.0285,0.156,Brain Gain
CMR,2014,22299585.0,3733.0,3733.0,98.0,61.0,37.0,0.016340746,0.026252344,0.0099116,2010s,0.0308,0.167,Brain Gain
CMR,2015,23012646.0,4075.0,4075.0,111.0,79.0,32.0,0.019386504,0.027239263,0.007852761,2010s,0.032,0.177,Brain Gain
CMR,2016,23711630.0,4482.0,4482.0,89.0,78.0,11.0,0.017402945,0.019857207,0.0024542615,2010s,0.0304,0.189,Brain Gain
CMR,2017,24393181.0,4948.0,4948.0,95.0,93.0,2.0,0.018795474,0.019199677,0.00040420372,2010s,0.0287,0.203,Brain Gain
CMR,2018,25076747.0,5371.0,5371.0,101.0,84.0,17.0,0.015639545,0.018804692,0.003165146,2010s,0.028,0.214,Brain Gain
CMR,2019,25782341.0,5838.0,5838.0,115.0,112.0,3.0,0.019184653,0.019698527,0.00051387463,2010s,0.0281,0.226,Brain Gain
CMR,2020,26491087.0,6158.0,6158.0,146.0,86.0,60.0,0.013965573,0.023708997,0.009743423,2020s,0.0275,0.232,Brain Gain
CMR,2021,27198628.0,6112.0,6112.0,128.0,130.0,-2.0,0.021269634,0.020942409,-0.00032722513,2020s,0.0267,0.225,Brain Drain
CMR,2022,27914536.0,0.0,0.0,89.0,111.0,-22.0,,,,2020s,0.0263,0.0,Brain Drain
CMR,2023,27914536.0,0.0,0.0,61.0,62.0,-1.0,,,,2020s,0.0,0.0,Brain Drain
COD,1996,44118709.0,25.0,25.0,0.0,0.0,0.0,0.0,0.0,0.0,1990s,,0.001,Balanced
COD,1997,44822198.0,28.0,28.0,4.0,3.0,1.0,0.10714286,0.14285715,0.035714287,1990s,0.0159,0.001,Brain Gain
COD,1998,45895524.0,26.0,26.0,5.0,8.0,-3.0,0.30769232,0.1923077,-0.115384616,1990s,0.0239,0.001,Brain Drain
COD,1999,47227238.0,21.0,21.0,2.0,11.0,-9.0,0.52380955,0.0952381,-0.42857143,1990s,0.029,0.0,Brain Drain
COD,2000,48616317.0,23.0,23.0,2.0,7.0,-5.0,0.3043478,0.08695652,-0.2173913,2000s,0.0294,0.0,Brain Drain
COD,2001,50106657.0,18.0,18.0,0.0,2.0,-2.0,0.11111111,0.0,-0.11111111,2000s,0.0307,0.0,Brain Drain
COD,2002,51662071.0,33.0,33.0,6.0,3.0,3.0,0.09090909,0.18181819,0.09090909,2000s,0.031,0.001,Brain Gain
COD,2003,53205639.0,37.0,37.0,4.0,7.0,-3.0,0.1891892,0.10810811,-0.08108108,2000s,0.0299,0.001,Brain Drain
COD,2004,54815607.0,49.0,49.0,3.0,1.0,2.0,0.020408163,0.06122449,0.040816326,2000s,0.0303,0.001,Brain Gain
COD,2005,56550247.0,52.0,52.0,7.0,5.0,2.0,0.09615385,0.13461539,0.03846154,2000s,0.0316,0.001,Brain Gain
COD,2006,58381630.0,66.0,66.0,8.0,11.0,-3.0,0.16666667,0.121212125,-0.045454547,2000s,0.0324,0.001,Brain Drain
COD,2007,60289422.0,75.0,75.0,9.0,8.0,1.0,0.10666667,0.12,0.013333334,2000s,0.0327,0.001,Brain Gain
COD,2008,62249724.0,88.0,88.0,15.0,23.0,-8.0,0.26136363,0.17045455,-0.09090909,2000s,0.0325,0.001,Brain Drain
COD,2009,64270232.0,108.0,108.0,28.0,14.0,14.0,0.12962963,0.25925925,0.12962963,2000s,0.0325,0.002,Brain Gain
COD,2010,66391257.0,113.0,113.0,26.0,26.0,0.0,0.2300885,0.2300885,0.0,2010s,0.033,0.002,Balanced
COD,2011,68654269.0,113.0,113.0,9.0,31.0,-22.0,0.27433628,0.07964602,-0.19469027,2010s,0.0341,0.002,Brain Drain
COD,2012,70997870.0,139.0,139.0,26.0,17.0,9.0,0.12230216,0.18705036,0.0647482,2010s,0.0341,0.002,Brain Gain
COD,2013,73460021.0,151.0,151.0,31.0,34.0,-3.0,0.22516556,0.205298,-0.01986755,2010s,0.0347,0.002,Brain Drain
COD,2014,76035588.0,182.0,182.0,34.0,35.0,-1.0,0.1923077,0.18681319,-0.0054945056,2010s,0.0351,0.002,Brain Drain
COD,2015,78656904.0,236.0,236.0,53.0,39.0,14.0,0.16525424,0.22457626,0.059322033,2010s,0.0345,0.003,Brain Gain
COD,2016,81430977.0,356.0,356.0,89.0,30.0,59.0,0.084269665,0.25,0.16573034,2010s,0.0353,0.004,Brain Gain
COD,2017,84283273.0,493.0,493.0,107.0,52.0,55.0,0.10547667,0.21703854,0.111561865,2010s,0.035,0.006,Brain Gain
COD,2018,87087355.0,735.0,735.0,187.0,73.0,114.0,0.099319726,0.25442177,0.15510204,2010s,0.0333,0.008,Brain Gain
COD,2019,89906890.0,1038.0,1038.0,250.0,72.0,178.0,0.06936416,0.24084778,0.17148362,2010s,0.0324,0.012,Brain Gain
COD,2020,92853164.0,1301.0,1301.0,250.0,64.0,186.0,0.049192928,0.19215988,0.14296696,2020s,0.0328,0.014,Brain Gain
COD,2021,95894118.0,1378.0,1378.0,224.0,110.0,114.0,0.07982583,0.16255443,0.082728595,2020s,0.0328,0.014,Brain Gain
COD,2022,99010212.0,0.0,0.0,152.0,96.0,56.0,,,,2020s,0.0325,0.0,Brain Gain
COD,2023,99010212.0,,,,,,,,,2020s,0.0,,Unknown
COG,1996,2816595.0,86.0,86.0,0.0,0.0,0.0,0.0,0.0,0.0,1990s,,0.031,Balanced
COG,1997,2875037.0,113.0,113.0,6.0,7.0,-1.0,0.061946902,0.053097345,-0.0088495575,1990s,0.0207,0.039,Brain Drain
COG,1998,2937166.0,146.0,146.0,16.0,5.0,11.0,0.034246575,0.10958904,0.07534247,1990s,0.0216,0.05,Brain Gain
COG,1999,3016659.0,161.0,161.0,14.0,14.0,0.0,0.08695652,0.08695652,0.0,1990s,0.0271,0.053,Balanced
COG,2000,3134030.0,169.0,169.0,7.0,9.0,-2.0,0.053254437,0.041420117,-0.01183432,2000s,0.0389,0.054,Brain Drain
COG,2001,3254101.0,188.0,188.0,8.0,16.0,-8.0,0.08510638,0.04255319,-0.04255319,2000s,0.0383,0.058,Brain Drain
COG,2002,3331158.0,211.0,211.0,6.0,17.0,-11.0,0.08056872,0.028436018,-0.0521327,2000s,0.0237,0.063,Brain Drain
COG,2003,3424653.0,286.0,286.0,27.0,10.0,17.0,0.034965035,0.09440559,0.05944056,2000s,0.0281,0.084,Brain Gain
COG,2004,3543012.0,336.0,336.0,18.0,13.0,5.0,0.038690478,0.05357143,0.014880952,2000s,0.0346,0.095,Brain Gain
COG,2005,3672839.0,420.0,420.0,24.0,11.0,13.0,0.026190476,0.057142857,0.030952381,2000s,0.0366,0.114,Brain Gain
COG,2006,3813323.0,479.0,479.0,34.0,22.0,12.0,0.04592902,0.07098121,0.025052192,2000s,0.0382,0.126,Brain Gain
COG,2007,3956329.0,529.0,529.0,42.0,20.0,22.0,0.037807185,0.079395086,0.0415879,2000s,0.0375,0.134,Brain Gain
COG,2008,4089602.0,574.0,574.0,36.0,26.0,10.0,0.045296166,0.06271777,0.017421603,2000s,0.0337,0.14,Brain Gain
COG,2009,4257230.0,600.0,600.0,43.0,50.0,-7.0,0.083333336,0.071666665,-0.011666667,2000s,0.041,0.141,Brain Drain
COG,2010,4437884.0,664.0,664.0,42.0,40.0,2.0,0.060240965,0.063253015,0.003012048,2010s,0.0424,0.15,Brain Gain
COG,2011,4584216.0,809.0,809.0,64.0,33.0,31.0,0.0407911,0.07911001,0.038318913,2010s,0.033,0.176,Brain Gain
COG,2012,4713257.0,1000.0,1000.0,72.0,39.0,33.0,0.039,0.072,0.033,2010s,0.0281,0.212,Brain Gain
COG,2013,4828066.0,1119.0,1119.0,73.0,52.0,21.0,0.04647006,0.06523682,0.018766755,2010s,0.0244,0.232,Brain Gain
COG,2014,4944861.0,1233.0,1233.0,74.0,53.0,21.0,0.04298459,0.060016222,0.01703163,2010s,0.0242,0.249,Brain Gain
COG,2015,5064386.0,1292.0,1292.0,82.0,86.0,-4.0,0.066563465,0.063467495,-0.0030959751,2010s,0.0242,0.255,Brain Drain
COG,2016,5186824.0,1276.0,1276.0,70.0,138.0,-68.0,0.10815047,0.054858934,-0.053291537,2010s,0.0242,0.246,Brain Drain
COG,2017,5312340.0,1273.0,1273.0,93.0,125.0,-32.0,0.09819324,0.073055774,-0.025137471,2010s,0.0242,0.24,Brain Drain
COG,2018,5441062.0,1250.0,1250.0,126.0,182.0,-56.0,0.1456,0.1008,-0.0448,2010s,0.0242,0.23,Brain Drain
COG,2019,5570733.0,1135.0,1135.0,107.0,238.0,-131.0,0.20969163,0.09427313,-0.1154185,2010s,0.0238,0.204,Brain Drain
COG,2020,5702174.0,993.0,993.0,100.0,226.0,-126.0,0.22759315,0.10070494,-0.12688822,2020s,0.0236,0.174,Brain Drain
COG,2021,5835806.0,896.0,896.0,135.0,190.0,-55.0,0.21205357,0.15066965,-0.06138393,2020s,0.0234,0.154,Brain Drain
COG,2022,5970424.0,0.0,0.0,95.0,127.0,-32.0,,,,2020s,0.0231,0.0,Brain Drain
COG,2023,5970424.0,,,,,,,,,2020s,0.0,,Unknown
COL,1996,36632573.0,1129.0,1129.0,0.0,0.0,0.0,0.0,0.0,0.0,1990s,,0.031,Balanced
COL,1997,37291946.0,1408.0,1408.0,60.0,41.0,19.0,0.029119318,0.042613637,0.013494318,1990s,0.018,0.038,Brain Gain
COL,1998,37944414.0,1747.0,1747.0,91.0,57.0,34.0,0.032627363,0.052089296,0.019461935,1990s,0.0175,0.046,Brain Gain
COL,1999,38585033.0,2014.0,2014.0,91.0,72.0,19.0,0.035749752,0.045183714,0.009433962,1990s,0.0169,0.052,Brain Gain
COL,2000,39215135.0,2267.0,2267.0,84.0,101.0,-17.0,0.04455227,0.037053373,-0.007498897,2000s,0.0163,0.058,Brain Drain
COL,2001,39837875.0,2555.0,2555.0,105.0,104.0,1.0,0.0407045,0.04109589,0.00039138945,2000s,0.0159,0.064,Brain Gain
COL,2002,40454050.0,2971.0,2971.0,139.0,131.0,8.0,0.044092897,0.046785593,0.0026926962,2000s,0.0155,0.073,Brain Gain
COL,2003,41057687.0,3505.0,3505.0,127.0,120.0,7.0,0.034236804,0.03623395,0.001997147,2000s,0.0149,0.085,Brain Gain
COL,2004,41648268.0,4203.0,4203.0,136.0,110.0,26.0,0.026171783,0.032357838,0.0061860573,2000s,0.0144,0.101,Brain Gain
COL,2005,42220940.0,5053.0,5053.0,167.0,122.0,45.0,0.024144072,0.033049673,0.008905601,2000s,0.0138,0.12,Brain Gain
COL,2006,42772910.0,6451.0,6451.0,177.0,132.0,45.0,0.020461943,0.027437607,0.006975663,2000s,0.0131,0.151,Brain Gain
COL,2007,43306582.0,7907.0,7907.0,242.0,176.0,66.0,0.022258759,0.030605793,0.008347034,2000s,0.0125,0.183,Brain Gain
COL,2008,43815313.0,9326.0,9326.0,236.0,200.0,36.0,0.021445422,0.025305597,0.0038601758,2000s,0.0117,0.213,Brain Gain
COL,2009,44313917.0,10715.0,10715.0,255.0,246.0,9.0,0.022958469,0.023798414,0.000839944,2000s,0.0114,0.242,Brain Gain
COL,2010,44816108.0,12351.0,12351.0,346.0,339.0,7.0,0.02744717,0.028013926,0.0005667557,2010s,0.0113,0.276,Brain Gain
COL,2011,45308899.0,13895.0,13895.0,370.0,361.0,9.0,0.02598057,0.026628284,0.000647715,2010s,0.011,0.307,Brain Gain
COL,2012,45782417.0,15470.0,15470.0,422.0,396.0,26.0,0.025597932,0.027278604,0.0016806723,2010s,0.0105,0.338,Brain Gain
COL,2013,46237930.0,17264.0,17264.0,440.0,407.0,33.0,0.02357507,0.025486562,0.0019114921,2010s,0.0099,0.373,Brain Gain
COL,2014,46677947.0,19558.0,19558.0,496.0,453.0,43.0,0.023161877,0.025360467,0.0021985888,2010s,0.0095,0.419,Brain Gain
COL,2015,47119728.0,21897.0,21897.0,587.0,435.0,152.0,0.019865735,0.026807325,0.00694159,2010s,0.0095,0.465,Brain Gain
COL,2016,47625955.0,24353.0,24353.0,628.0,490.0,138.0,0.020120725,0.025787378,0.005666653,2010s,0.0107,0.511,Brain Gain
COL,2017,48351671.0,26964.0,26964.0,732.0,570.0,162.0,0.021139298,0.027147308,0.006008011,2010s,0.0152,0.558,Brain Gain
COL,2018,49276961.0,29780.0,29780.0,739.0,637.0,102.0,0.021390194,0.024815312,0.0034251176,2010s,0.0191,0.604,Brain Gain
COL,2019,50187406.0,31810.0,31810.0,770.0,678.0,92.0,0.021314053,0.024206225,0.0028921722,2010s,0.0185,0.634,Brain Gain
COL,2020,50930662.0,32431.0,32431.0,709.0,735.0,-26.0,0.0226635,0.021861799,-0.0008017021,2020s,0.0148,0.637,Brain Drain
COL,2021,51516562.0,31359.0,31359.0,702.0,768.0,-66.0,0.024490576,0.022385918,-0.0021046589,2020s,0.0115,0.609,Brain Drain
COL,2022,51874024.0,0.0,0.0,494.0,661.0,-167.0,,,,2020s,0.0069,0.0,Brain Drain
COL,2023,51874024.0,0.0,0.0,263.0,384.0,-121.0,,,,2020s,0.0,0.0,Brain Drain
COM,1996,494288.0,3.0,3.0,0.0,0.0,0.0,0.0,0.0,0.0,1990s,,0.006,Balanced
COM,1997,505033.0,5.0,5.0,1.0,0.0,1.0,0.0,0.2,0.2,1990s,0.0217,0.01,Brain Gain
COM,1998,515959.0,,,,,,,,,1990s,0.0216,,Unknown
COM,1999,526443.0,9.0,9.0,1.0,0.0,1.0,0.0,0.11111111,0.11111111,1990s,0.0203,0.017,Brain Gain
COM,2000,536758.0,7.0,7.0,1.0,0.0,1.0,0.0,0.14285715,0.14285715,2000s,0.0196,0.013,Brain Gain
COM,2001,547741.0,7.0,7.0,0.0,1.0,-1.0,0.14285715,0.0,-0.14285715,2000s,0.0205,0.013,Brain Drain
COM,2002,559047.0,,,,,,,,,2000s,0.0206,,Unknown
COM,2003,570130.0,4.0,4.0,0.0,1.0,-1.0,0.25,0.0,-0.25,2000s,0.0198,0.007,Brain Drain
COM,2004,581154.0,3.0,3.0,0.0,2.0,-2.0,0.6666667,0.0,-0.6666667,2000s,0.0193,0.005,Brain Drain
COM,2005,592683.0,7.0,7.0,1.0,2.0,-1.0,0.2857143,0.14285715,-0.14285715,2000s,0.0198,0.012,Brain Drain
COM,2006,604658.0,,,,,,,,,2000s,0.0202,,Unknown
COM,2007,616899.0,15.0,15.0,4.0,0.0,4.0,0.0,0.26666668,0.26666668,2000s,0.0202,0.024,Brain Gain
COM,2008,629470.0,18.0,18.0,0.0,1.0,-1.0,0.055555556,0.0,-0.055555556,2000s,0.0204,0.029,Brain Drain
COM,2009,642493.0,20.0,20.0,0.0,1.0,-1.0,0.05,0.0,-0.05,2000s,0.0207,0.031,Brain Drain
COM,2010,656024.0,18.0,18.0,3.0,1.0,2.0,0.055555556,0.16666667,0.11111111,2010s,0.0211,0.027,Brain Gain
COM,2011,670071.0,23.0,23.0,1.0,2.0,-1.0,0.08695652,0.04347826,-0.04347826,2010s,0.0214,0.034,Brain Drain
COM,2012,684553.0,30.0,30.0,3.0,4.0,-1.0,0.13333334,0.1,-0.033333335,2010s,0.0216,0.044,Brain Drain
COM,2013,699393.0,36.0,36.0,5.0,0.0,5.0,0.0,0.1388889,0.1388889,2010s,0.0217,0.051,Brain Gain
COM,2014,714612.0,32.0,32.0,2.0,9.0,-7.0,0.28125,0.0625,-0.21875,2010s,0.0218,0.045,Brain Drain
COM,2015,730216.0,35.0,35.0,3.0,3.0,0.0,0.08571429,0.08571429,0.0,2010s,0.0218,0.048,Balanced
COM,2016,746232.0,38.0,38.0,2.0,3.0,-1.0,0.078947365,0.05263158,-0.02631579,2010s,0.0219,0.051,Brain Drain
COM,2017,761664.0,49.0,49.0,2.0,0.0,2.0,0.0,0.040816326,0.040816326,2010s,0.0207,0.064,Brain Gain
COM,2018,776313.0,49.0,49.0,1.0,2.0,-1.0,0.040816326,0.020408163,-0.020408163,2010s,0.0192,0.063,Brain Drain
COM,2019,790986.0,46.0,46.0,3.0,3.0,0.0,0.06521739,0.06521739,0.0,2010s,0.0189,0.058,Balanced
COM,2020,806166.0,47.0,47.0,1.0,1.0,0.0,0.021276595,0.021276595,0.0,2020s,0.0192,0.058,Balanced
COM,2021,821625.0,52.0,52.0,4.0,0.0,4.0,0.0,0.07692308,0.07692308,2020s,0.0192,0.063,Brain Gain
COM,2022,836774.0,0.0,0.0,2.0,0.0,2.0,,,,2020s,0.0184,0.0,Brain Gain
COM,2023,836774.0,,,,,,,,,2020s,0.0,,Unknown
CPV,1996,421007.0,1.0,1.0,0.0,0.0,0.0,0.0,0.0,0.0,1990s,,0.002,Balanced
CPV,1997,430654.0,,,,,,,,,1990s,0.0229,,Unknown
CPV,1998,440214.0,,,,,,,,,1990s,0.0222,,Unknown
CPV,1999,449627.0,3.0,3.0,0.0,0.0,0.0,0.0,0.0,0.0,1990s,0.0214,0.007,Balanced
CPV,2000,458251.0,,,,,,,,,2000s,0.0192,,Unknown
CPV,2001,465958.0,,,,,,,,,2000s,0.0168,,Unknown
CPV,2002,473231.0,,,,,,,,,2000s,0.0156,,Unknown
CPV,2003,480089.0,3.0,3.0,0.0,0.0,0.0,0.0,0.0,0.0,2000s,0.0145,0.006,Balanced
CPV,2004,486583.0,6.0,6.0,1.0,1.0,0.0,0.16666667,0.16666667,0.0,2000s,0.0135,0.012,Balanced
CPV,2005,492827.0,,,,,,,,,2000s,0.0128,,Unknown
CPV,2006,498884.0,8.0,8.0,0.0,0.0,0.0,0.0,0.0,0.0,2000s,0.0123,0.016,Balanced
CPV,2007,504733.0,,,,,,,,,2000s,0.0117,,Unknown
CPV,2008,510336.0,14.0,14.0,1.0,1.0,0.0,0.071428575,0.071428575,0.0,2000s,0.0111,0.027,Balanced
CPV,2009,515638.0,15.0,15.0,2.0,0.0,2.0,0.0,0.13333334,0.13333334,2000s,0.0104,0.029,Brain Gain
CPV,2010,521212.0,19.0,19.0,1.0,2.0,-1.0,0.10526316,0.05263158,-0.05263158,2010s,0.0108,0.036,Brain Drain
CPV,2011,527521.0,26.0,26.0,0.0,1.0,-1.0,0.03846154,0.0,-0.03846154,2010s,0.0121,0.049,Brain Drain
CPV,2012,533864.0,42.0,42.0,4.0,2.0,2.0,0.04761905,0.0952381,0.04761905,2010s,0.012,0.079,Brain Gain
CPV,2013,539940.0,60.0,60.0,5.0,3.0,2.0,0.05,0.083333336,0.033333335,2010s,0.0114,0.111,Brain Gain
CPV,2014,546076.0,65.0,65.0,0.0,2.0,-2.0,0.03076923,0.0,-0.03076923,2010s,0.0114,0.119,Brain Drain
CPV,2015,552166.0,79.0,79.0,6.0,3.0,3.0,0.03797468,0.07594936,0.03797468,2010s,0.0112,0.143,Brain Gain
CPV,2016,558394.0,75.0,75.0,6.0,9.0,-3.0,0.12,0.08,-0.04,2010s,0.0113,0.134,Brain Drain
CPV,2017,564954.0,88.0,88.0,2.0,1.0,1.0,0.011363637,0.022727273,0.011363637,2010s,0.0117,0.156,Brain Gain
CPV,2018,571202.0,103.0,103.0,9.0,3.0,6.0,0.029126214,0.08737864,0.058252428,2010s,0.0111,0.18,Brain Gain
CPV,2019,577030.0,111.0,111.0,7.0,5.0,2.0,0.045045044,0.06306306,0.018018018,2010s,0.0102,0.192,Brain Gain
CPV,2020,582640.0,120.0,120.0,7.0,1.0,6.0,0.008333334,0.058333334,0.05,2020s,0.0097,0.206,Brain Gain
CPV,2021,587925.0,118.0,118.0,9.0,7.0,2.0,0.059322033,0.076271184,0.016949153,2020s,0.0091,0.201,Brain Gain
CPV,2022,593149.0,0.0,0.0,6.0,3.0,3.0,,,,2020s,0.0089,0.0,Brain Gain
CPV,2023,593149.0,,,,,,,,,2020s,0.0,,Unknown
CRI,1996,3656234.0,395.0,395.0,0.0,0.0,0.0,0.0,0.0,0.0,1990s,,0.108,Balanced
CRI,1997,3739421.0,467.0,467.0,28.0,17.0,11.0,0.03640257,0.059957173,0.023554605,1990s,0.0228,0.125,Brain Gain
CRI,1998,3821421.0,499.0,499.0,24.0,45.0,-21.0,0.09018036,0.04809619,-0.04208417,1990s,0.0219,0.131,Brain Drain
CRI,1999,3901430.0,535.0,535.0,18.0,33.0,-15.0,0.061682243,0.03364486,-0.028037382,1990s,0.0209,0.137,Brain Drain
CRI,2000,3979193.0,593.0,593.0,38.0,32.0,6.0,0.0539629,0.064080946,0.010118044,2000s,0.0199,0.149,Brain Gain
CRI,2001,4053222.0,604.0,604.0,29.0,32.0,-3.0,0.052980132,0.048013244,-0.0049668876,2000s,0.0186,0.149,Brain Drain
CRI,2002,4122623.0,680.0,680.0,47.0,23.0,24.0,0.03382353,0.06911765,0.03529412,2000s,0.0171,0.165,Brain Gain
CRI,2003,4188610.0,753.0,753.0,47.0,29.0,18.0,0.038512617,0.062417,0.023904383,2000s,0.016,0.18,Brain Gain
CRI,2004,4252800.0,818.0,818.0,41.0,31.0,10.0,0.03789731,0.05012225,0.012224939,2000s,0.0153,0.192,Brain Gain
CRI,2005,4315887.0,884.0,884.0,29.0,27.0,2.0,0.030542986,0.03280543,0.0022624435,2000s,0.0148,0.205,Brain Gain
CRI,2006,4378172.0,951.0,951.0,24.0,31.0,-7.0,0.032597266,0.025236594,-0.007360673,2000s,0.0144,0.217,Brain Drain
CRI,2007,4440019.0,1010.0,1010.0,39.0,30.0,9.0,0.02970297,0.03861386,0.008910891,2000s,0.0141,0.227,Brain Gain
CRI,2008,4501921.0,1070.0,1070.0,34.0,34.0,0.0,0.0317757,0.0317757,0.0,2000s,0.0139,0.238,Balanced
CRI,2009,4563127.0,1127.0,1127.0,45.0,56.0,-11.0,0.049689442,0.039929014,-0.009760426,2000s,0.0136,0.247,Brain Drain
CRI,2010,4622252.0,1193.0,1193.0,40.0,54.0,-14.0,0.04526404,0.03352892,-0.011735122,2010s,0.013,0.258,Brain Drain
CRI,2011,4679926.0,1252.0,1252.0,48.0,45.0,3.0,0.03594249,0.038338657,0.002396166,2010s,0.0125,0.268,Brain Gain
CRI,2012,4736593.0,1349.0,1349.0,82.0,71.0,11.0,0.05263158,0.060785767,0.008154188,2010s,0.0121,0.285,Brain Gain
CRI,2013,4791535.0,1393.0,1393.0,53.0,52.0,1.0,0.037329506,0.03804738,0.0007178751,2010s,0.0116,0.291,Brain Gain
CRI,2014,4844288.0,1539.0,1539.0,75.0,58.0,17.0,0.03768681,0.048732944,0.011046134,2010s,0.011,0.318,Brain Gain
CRI,2015,4895242.0,1691.0,1691.0,58.0,75.0,-17.0,0.044352453,0.034299232,-0.010053223,2010s,0.0105,0.345,Brain Drain
CRI,2016,4945205.0,1822.0,1822.0,88.0,77.0,11.0,0.04226125,0.04829857,0.0060373214,2010s,0.0102,0.368,Brain Gain
CRI,2017,4993842.0,2015.0,2015.0,79.0,67.0,12.0,0.03325062,0.039205953,0.005955335,2010s,0.0098,0.403,Brain Gain
CRI,2018,5040734.0,2246.0,2246.0,111.0,83.0,28.0,0.036954585,0.049421195,0.012466608,2010s,0.0094,0.446,Brain Gain
CRI,2019,5084532.0,2420.0,2420.0,117.0,76.0,41.0,0.031404957,0.048347108,0.016942149,2010s,0.0087,0.476,Brain Gain
CRI,2020,5123105.0,2474.0,2474.0,116.0,98.0,18.0,0.039611965,0.046887632,0.007275667,2020s,0.0076,0.483,Brain Gain
CRI,2021,5153957.0,2452.0,2452.0,91.0,83.0,8.0,0.033849917,0.03711256,0.0032626428,2020s,0.006,0.476,Brain Gain
CRI,2022,5180829.0,0.0,0.0,65.0,68.0,-3.0,,,,2020s,0.0052,0.0,Brain Drain
CRI,2023,5180829.0,,,,,,,,,2020s,0.0,,Unknown
CUB,1996,10963031.0,2631.0,2631.0,0.0,0.0,0.0,0.0,0.0,0.0,1990s,,0.24,Balanced
CUB,1997,10998129.0,3350.0,3350.0,31.0,42.0,-11.0,0.012537314,0.009253731,-0.0032835822,1990s,0.0032,0.305,Brain Drain
CUB,1998,11033758.0,4057.0,4057.0,55.0,63.0,-8.0,0.015528716,0.013556816,-0.0019719005,1990s,0.0032,0.368,Brain Drain
CUB,1999,11070094.0,4521.0,4521.0,61.0,71.0,-10.0,0.01570449,0.01349259,-0.0022119,1990s,0.0033,0.408,Brain Drain
CUB,2000,11105791.0,4870.0,4870.0,73.0,101.0,-28.0,0.02073922,0.014989733,-0.005749487,2000s,0.0032,0.439,Brain Drain
CUB,2001,11139127.0,5004.0,5004.0,68.0,106.0,-38.0,0.021183053,0.013589129,-0.0075939246,2000s,0.003,0.449,Brain Drain
CUB,2002,11170051.0,5267.0,5267.0,88.0,98.0,-10.0,0.018606417,0.016707804,-0.001898614,2000s,0.0028,0.472,Brain Drain
CUB,2003,11199217.0,5372.0,5372.0,71.0,96.0,-25.0,0.01787044,0.013216679,-0.00465376,2000s,0.0026,0.48,Brain Drain
CUB,2004,11225294.0,5838.0,5838.0,94.0,75.0,19.0,0.012846866,0.016101405,0.0032545393,2000s,0.0023,0.52,Brain Gain
CUB,2005,11246114.0,6061.0,6061.0,57.0,80.0,-23.0,0.013199142,0.009404388,-0.0037947532,2000s,0.0019,0.539,Brain Drain
CUB,2006,11260630.0,6573.0,6573.0,73.0,75.0,-2.0,0.011410315,0.011106039,-0.00030427508,2000s,0.0013,0.584,Brain Drain
CUB,2007,11269887.0,7186.0,7186.0,65.0,99.0,-34.0,0.0137767885,0.009045366,-0.0047314223,2000s,0.0008,0.638,Brain Drain
CUB,2008,11276609.0,7676.0,7676.0,86.0,87.0,-1.0,0.011334028,0.011203752,-0.00013027618,2000s,0.0006,0.681,Brain Drain
CUB,2009,11283185.0,8057.0,8057.0,67.0,117.0,-50.0,0.014521534,0.00831575,-0.0062057837,2000s,0.0006,0.714,Brain Drain
CUB,2010,11290417.0,8358.0,8358.0,87.0,122.0,-35.0,0.014596794,0.010409188,-0.004187605,2010s,0.0006,0.74,Brain Drain
CUB,2011,11298710.0,8659.0,8659.0,75.0,129.0,-54.0,0.014897794,0.008661509,-0.006236286,2010s,0.0007,0.766,Brain Drain
CUB,2012,11309290.0,8840.0,8840.0,77.0,136.0,-59.0,0.015384615,0.008710408,-0.006674208,2010s,0.0009,0.782,Brain Drain
CUB,2013,11321579.0,8924.0,8924.0,70.0,140.0,-70.0,0.015688032,0.007844016,-0.007844016,2010s,0.0011,0.788,Brain Drain
CUB,2014,11332026.0,8627.0,8627.0,85.0,170.0,-85.0,0.019705575,0.0098527875,-0.0098527875,2010s,0.0009,0.761,Brain Drain
CUB,2015,11339894.0,8330.0,8330.0,60.0,195.0,-135.0,0.023409363,0.007202881,-0.016206482,2010s,0.0007,0.735,Brain Drain
CUB,2016,11342012.0,7998.0,7998.0,68.0,218.0,-150.0,0.027256815,0.008502126,-0.018754689,2010s,0.0002,0.705,Brain Drain
CUB,2017,11336405.0,7762.0,7762.0,82.0,200.0,-118.0,0.025766555,0.010564287,-0.015202267,2010s,-0.0005,0.685,Brain Drain
CUB,2018,11328244.0,7712.0,7712.0,79.0,207.0,-128.0,0.026841287,0.010243776,-0.016597511,2010s,-0.0007,0.681,Brain Drain
CUB,2019,11316697.0,7736.0,7736.0,88.0,189.0,-101.0,0.02443123,0.011375388,-0.013055842,2010s,-0.001,0.684,Brain Drain
CUB,2020,11300698.0,7526.0,7526.0,83.0,190.0,-107.0,0.025245814,0.011028435,-0.0142173795,2020s,-0.0014,0.666,Brain Drain
CUB,2021,11256372.0,7007.0,7007.0,85.0,118.0,-33.0,0.016840303,0.012130726,-0.0047095763,2020s,-0.0039,0.622,Brain Drain
CUB,2022,11212191.0,0.0,0.0,45.0,131.0,-86.0,,,,2020s,-0.0039,0.0,Brain Drain
CUB,2023,11212191.0,,,,,,,,,2020s,0.0,,Unknown
CUW,1996,146306.0,,,,,,,,,1990s,,,Unknown
CUW,1997,146956.0,,,,,,,,,1990s,0.0044,,Unknown
CUW,1998,144472.0,,,,,,,,,1990s,-0.0169,,Unknown
CUW,1999,139428.0,,,,,,,,,1990s,-0.0349,,Unknown
CUW,2000,133860.0,,,,,,,,,2000s,-0.0399,,Unknown
CUW,2001,129047.0,,,,,,,,,2000s,-0.036,,Unknown
CUW,2002,129205.0,,,,,,,,,2000s,0.0012,,Unknown
CUW,2003,131897.0,,,,,,,,,2000s,0.0208,,Unknown
CUW,2004,134192.0,,,,,,,,,2000s,0.0174,,Unknown
CUW,2005,137658.0,,,,,,,,,2000s,0.0258,,Unknown
CUW,2006,141239.0,,,,,,,,,2000s,0.026,,Unknown
CUW,2007,144056.0,,,,,,,,,2000s,0.0199,,Unknown
CUW,2008,145880.0,,,,,,,,,2000s,0.0127,,Unknown
CUW,2009,146833.0,,,,,,,,,2000s,0.0065,,Unknown
CUW,2010,148703.0,,,,,,,,,2010s,0.0127,,Unknown
CUW,2011,150831.0,,,,,,,,,2010s,0.0143,,Unknown
CUW,2012,152088.0,,,,,,,,,2010s,0.0083,,Unknown
CUW,2013,153822.0,,,,,,,,,2010s,0.0114,,Unknown
CUW,2014,155909.0,,,,,,,,,2010s,0.0136,,Unknown
CUW,2015,157980.0,,,,,,,,,2010s,0.0133,,Unknown
CUW,2016,159664.0,,,,,,,,,2010s,0.0107,,Unknown
CUW,2017,160175.0,,,,,,,,,2010s,0.0032,,Unknown
CUW,2018,159336.0,,,,,,,,,2010s,-0.0052,,Unknown
CUW,2019,157441.0,13.0,13.0,7.0,0.0,7.0,0.0,0.53846157,0.53846157,2010s,-0.0119,0.083,Brain Gain
CUW,2020,154947.0,,,,,,,,,2020s,-0.0158,,Unknown
CUW,2021,152369.0,46.0,46.0,10.0,0.0,10.0,0.0,0.2173913,0.2173913,2020s,-0.0166,0.302,Brain Gain
CUW,2022,149996.0,0.0,0.0,8.0,4.0,4.0,,,,2020s,-0.0156,0.0,Brain Gain
CUW,2023,149996.0,,,,,,,,,2020s,0.0,,Unknown
CYM,1996,34194.0,6.0,6.0,0.0,0.0,0.0,0.0,0.0,0.0,1990s,,0.175,Balanced
CYM,1997,35579.0,9.0,9.0,1.0,0.0,1.0,0.0,0.11111111,0.11111111,1990s,0.0405,0.253,Brain Gain
CYM,1998,36947.0,9.0,9.0,1.0,2.0,-1.0,0.22222222,0.11111111,-0.11111111,1990s,0.0384,0.244,Brain Drain
CYM,1999,38295.0,10.0,10.0,0.0,0.0,0.0,0.0,0.0,0.0,1990s,0.0365,0.261,Balanced
CYM,2000,39658.0,8.0,8.0,0.0,1.0,-1.0,0.125,0.0,-0.125,2000s,0.0356,0.202,Brain Drain
CYM,2001,41054.0,5.0,5.0,0.0,4.0,-4.0,0.8,0.0,-0.8,2000s,0.0352,0.122,Brain Drain
CYM,2002,42456.0,4.0,4.0,0.0,0.0,0.0,0.0,0.0,0.0,2000s,0.0342,0.094,Balanced
CYM,2003,43862.0,11.0,11.0,4.0,0.0,4.0,0.0,0.36363637,0.36363637,2000s,0.0331,0.251,Brain Gain
CYM,2004,45286.0,,,,,,,,,2000s,0.0325,,Unknown
CYM,2005,46727.0,20.0,20.0,0.0,0.0,0.0,0.0,0.0,0.0,2000s,0.0318,0.428,Balanced
CYM,2006,48177.0,22.0,22.0,0.0,1.0,-1.0,0.045454547,0.0,-0.045454547,2000s,0.031,0.457,Brain Drain
CYM,2007,49647.0,24.0,24.0,2.0,2.0,0.0,0.083333336,0.083333336,0.0,2000s,0.0305,0.483,Balanced
CYM,2008,51123.0,20.0,20.0,1.0,5.0,-4.0,0.25,0.05,-0.2,2000s,0.0297,0.391,Brain Drain
CYM,2009,52602.0,25.0,25.0,6.0,2.0,4.0,0.08,0.24,0.16,2000s,0.0289,0.475,Brain Gain
CYM,2010,54074.0,,,,,,,,,2010s,0.028,,Unknown
CYM,2011,55492.0,37.0,37.0,6.0,1.0,5.0,0.027027028,0.16216215,0.13513513,2010s,0.0262,0.667,Brain Gain
CYM,2012,56860.0,38.0,38.0,1.0,5.0,-4.0,0.13157895,0.02631579,-0.10526316,2010s,0.0247,0.668,Brain Drain
CYM,2013,58212.0,28.0,28.0,2.0,6.0,-4.0,0.21428572,0.071428575,-0.14285715,2010s,0.0238,0.481,Brain Drain
CYM,2014,59559.0,26.0,26.0,1.0,3.0,-2.0,0.115384616,0.03846154,-0.07692308,2010s,0.0231,0.437,Brain Drain
CYM,2015,60911.0,32.0,32.0,5.0,3.0,2.0,0.09375,0.15625,0.0625,2010s,0.0227,0.525,Brain Gain
CYM,2016,62255.0,37.0,37.0,1.0,3.0,-2.0,0.08108108,0.027027028,-0.054054055,2010s,0.0221,0.594,Brain Drain
CYM,2017,63581.0,37.0,37.0,3.0,1.0,2.0,0.027027028,0.08108108,0.054054055,2010s,0.0213,0.582,Brain Gain
CYM,2018,64884.0,36.0,36.0,1.0,1.0,0.0,0.027777778,0.027777778,0.0,2010s,0.0205,0.555,Balanced
CYM,2019,66134.0,44.0,44.0,9.0,3.0,6.0,0.06818182,0.20454545,0.13636364,2010s,0.0193,0.665,Brain Gain
CYM,2020,67311.0,45.0,45.0,5.0,5.0,0.0,0.11111111,0.11111111,0.0,2020s,0.0178,0.669,Balanced
CYM,2021,68136.0,41.0,41.0,4.0,6.0,-2.0,0.14634146,0.09756097,-0.048780486,2020s,0.0123,0.602,Brain Drain
CYM,2022,68706.0,0.0,0.0,8.0,4.0,4.0,,,,2020s,0.0084,0.0,Brain Gain
CYM,2023,68706.0,,,,,,,,,2020s,0.0,,Unknown
CYP,1996,880058.0,216.0,216.0,0.0,0.0,0.0,0.0,0.0,0.0,1990s,,0.245,Balanced
CYP,1997,897471.0,260.0,260.0,8.0,8.0,0.0,0.03076923,0.03076923,0.0,1990s,0.0198,0.29,Balanced
CYP,1998,914660.0,325.0,325.0,29.0,13.0,16.0,0.04,0.08923077,0.04923077,1990s,0.0192,0.355,Brain Gain
CYP,1999,931600.0,359.0,359.0,27.0,12.0,15.0,0.033426184,0.07520892,0.04178273,1990s,0.0185,0.385,Brain Gain
CYP,2000,948237.0,420.0,420.0,33.0,13.0,20.0,0.030952381,0.07857143,0.04761905,2000s,0.0179,0.443,Brain Gain
CYP,2001,964830.0,457.0,457.0,23.0,23.0,0.0,0.05032823,0.05032823,0.0,2000s,0.0175,0.474,Balanced
CYP,2002,982194.0,524.0,524.0,36.0,17.0,19.0,0.03244275,0.06870229,0.036259543,2000s,0.018,0.533,Brain Gain
CYP,2003,1000350.0,570.0,570.0,42.0,25.0,17.0,0.04385965,0.07368421,0.02982456,2000s,0.0185,0.57,Brain Gain
CYP,2004,1018684.0,668.0,668.0,53.0,24.0,29.0,0.035928145,0.079341315,0.043413173,2000s,0.0183,0.656,Brain Gain
CYP,2005,1037062.0,779.0,779.0,59.0,25.0,34.0,0.032092426,0.075738125,0.0436457,2000s,0.018,0.751,Brain Gain
CYP,2006,1055438.0,892.0,892.0,58.0,39.0,19.0,0.043721974,0.065022424,0.021300448,2000s,0.0177,0.845,Brain Gain
CYP,2007,1073873.0,1107.0,1107.0,84.0,28.0,56.0,0.025293587,0.07588076,0.050587174,2000s,0.0175,1.031,Brain Gain
CYP,2008,1092390.0,1235.0,1235.0,90.0,39.0,51.0,0.031578947,0.072874494,0.041295547,2000s,0.0172,1.131,Brain Gain
CYP,2009,1110974.0,1398.0,1398.0,105.0,43.0,62.0,0.030758226,0.0751073,0.04434907,2000s,0.017,1.258,Brain Gain
CYP,2010,1129686.0,1593.0,1593.0,113.0,54.0,59.0,0.033898305,0.07093534,0.037037037,2010s,0.0168,1.41,Brain Gain
CYP,2011,1145086.0,1827.0,1827.0,143.0,61.0,82.0,0.033388067,0.07827039,0.04488232,2010s,0.0136,1.596,Brain Gain
CYP,2012,1156556.0,2011.0,2011.0,167.0,79.0,88.0,0.03928394,0.08304326,0.043759324,2010s,0.01,1.739,Brain Gain
CYP,2013,1166968.0,2195.0,2195.0,174.0,88.0,86.0,0.040091116,0.07927107,0.039179955,2010s,0.009,1.881,Brain Gain
CYP,2014,1176995.0,2416.0,2416.0,175.0,123.0,52.0,0.050910596,0.07243378,0.02152318,2010s,0.0086,2.053,Brain Gain
CYP,2015,1187280.0,2661.0,2661.0,182.0,142.0,40.0,0.053363398,0.06839534,0.015031943,2010s,0.0087,2.241,Brain Gain
CYP,2016,1197881.0,2971.0,2971.0,225.0,130.0,95.0,0.04375631,0.075732075,0.031975765,2010s,0.0089,2.48,Brain Gain
CYP,2017,1208523.0,3267.0,3267.0,260.0,156.0,104.0,0.04775023,0.07958372,0.031833485,2010s,0.0089,2.703,Brain Gain
CYP,2018,1218831.0,3566.0,3566.0,283.0,201.0,82.0,0.056365676,0.07936063,0.022994952,2010s,0.0085,2.926,Brain Gain
CYP,2019,1228836.0,3882.0,3882.0,298.0,226.0,72.0,0.058217414,0.076764554,0.01854714,2010s,0.0082,3.159,Brain Gain
CYP,2020,1237537.0,4016.0,4016.0,326.0,239.0,87.0,0.059511952,0.0811753,0.021663347,2020s,0.0071,3.245,Brain Gain
CYP,2021,1244188.0,3959.0,3959.0,350.0,268.0,82.0,0.06769386,0.08840616,0.020712301,2020s,0.0054,3.182,Brain Gain
CYP,2022,1251488.0,0.0,0.0,290.0,256.0,34.0,,,,2020s,0.0059,0.0,Brain Gain
CYP,2023,1251488.0,,,,,,,,,2020s,0.0,,Unknown
CZE,1996,10315241.0,9503.0,9503.0,0.0,0.0,0.0,0.0,0.0,0.0,1990s,,0.921,Balanced
CZE,1997,10304131.0,11140.0,11140.0,219.0,186.0,33.0,0.016696589,0.019658888,0.002962298,1990s,-0.0011,1.081,Brain Gain
CZE,1998,10294373.0,12734.0,12734.0,219.0,184.0,35.0,0.014449505,0.017198052,0.0027485471,1990s,-0.0009,1.237,Brain Gain
CZE,1999,10283860.0,13950.0,13950.0,230.0,235.0,-5.0,0.016845878,0.016487455,-0.00035842293,1990s,-0.001,1.356,Brain Drain
CZE,2000,10255063.0,15064.0,15064.0,256.0,220.0,36.0,0.014604355,0.016994158,0.0023898035,2000s,-0.0028,1.469,Brain Gain
CZE,2001,10216605.0,16131.0,16131.0,255.0,294.0,-39.0,0.018225776,0.015808072,-0.002417705,2000s,-0.0038,1.579,Brain Drain
CZE,2002,10196916.0,17287.0,17287.0,272.0,328.0,-56.0,0.018973796,0.015734367,-0.0032394284,2000s,-0.0019,1.695,Brain Drain
CZE,2003,10193998.0,18354.0,18354.0,322.0,290.0,32.0,0.01580037,0.01754386,0.0017434892,2000s,-0.0003,1.8,Brain Gain
CZE,2004,10197101.0,19743.0,19743.0,269.0,245.0,24.0,0.012409462,0.013625083,0.0012156208,2000s,0.0003,1.936,Brain Gain
CZE,2005,10211216.0,21343.0,21343.0,245.0,258.0,-13.0,0.012088273,0.011479174,-0.000609099,2000s,0.0014,2.09,Brain Drain
CZE,2006,10238905.0,22788.0,22788.0,275.0,294.0,-19.0,0.012901527,0.012067755,-0.0008337722,2000s,0.0027,2.226,Brain Drain
CZE,2007,10298828.0,24386.0,24386.0,280.0,327.0,-47.0,0.013409333,0.011481998,-0.0019273354,2000s,0.0059,2.368,Brain Drain
CZE,2008,10384603.0,26238.0,26238.0,355.0,329.0,26.0,0.012539065,0.0135299945,0.0009909292,2000s,0.0083,2.527,Brain Gain
CZE,2009,10443936.0,28230.0,28230.0,356.0,297.0,59.0,0.010520723,0.012610698,0.0020899752,2000s,0.0057,2.703,Brain Gain
CZE,2010,10474410.0,29997.0,29997.0,367.0,303.0,64.0,0.01010101,0.0122345565,0.0021335466,2010s,0.0029,2.864,Brain Gain
CZE,2011,10496088.0,31686.0,31686.0,384.0,366.0,18.0,0.011550843,0.012118917,0.00056807423,2010s,0.0021,3.019,Brain Gain
CZE,2012,10510785.0,33835.0,33835.0,351.0,368.0,-17.0,0.010876312,0.010373874,-0.0005024383,2010s,0.0014,3.219,Brain Drain
CZE,2013,10514272.0,35830.0,35830.0,511.0,358.0,153.0,0.009991627,0.0142617915,0.0042701648,2010s,0.0003,3.408,Brain Gain
CZE,2014,10525347.0,37843.0,37843.0,597.0,414.0,183.0,0.010939936,0.015775705,0.0048357686,2010s,0.0011,3.595,Brain Gain
CZE,2015,10546059.0,39428.0,39428.0,603.0,445.0,158.0,0.011286396,0.0152937,0.0040073046,2010s,0.002,3.739,Brain Gain
CZE,2016,10566332.0,40668.0,40668.0,574.0,558.0,16.0,0.013720862,0.014114291,0.0003934297,2010s,0.0019,3.849,Brain Gain
CZE,2017,10594438.0,41957.0,41957.0,574.0,574.0,0.0,0.013680673,0.013680673,0.0,2010s,0.0027,3.96,Balanced
CZE,2018,10629928.0,43108.0,43108.0,760.0,583.0,177.0,0.013524172,0.017630138,0.0041059665,2010s,0.0033,4.055,Brain Gain
CZE,2019,10671870.0,44167.0,44167.0,819.0,571.0,248.0,0.012928205,0.018543256,0.005615052,2010s,0.0039,4.139,Brain Gain
CZE,2020,10697858.0,43971.0,43971.0,808.0,583.0,225.0,0.013258738,0.018375747,0.005117009,2020s,0.0024,4.11,Brain Gain
CZE,2021,10505772.0,42357.0,42357.0,825.0,617.0,208.0,0.01456666,0.0194773,0.0049106404,2020s,-0.018,4.032,Brain Gain
CZE,2022,10672118.0,0.0,0.0,684.0,619.0,65.0,,,,2020s,0.0158,0.0,Brain Gain
CZE,2023,10672118.0,0.0,0.0,408.0,411.0,-3.0,,,,2020s,0.0,0.0,Brain Drain
DEU,1996,81914831.0,117741.0,117741.0,0.0,0.0,0.0,0.0,0.0,0.0,1990s,,1.437,Balanced
DEU,1997,82034771.0,136001.0,136001.0,2795.0,2910.0,-115.0,0.021396901,0.02055132,-0.000845582,1990s,0.0015,1.658,Brain Drain
DEU,1998,82047195.0,153308.0,153308.0,3473.0,3552.0,-79.0,0.023169044,0.022653744,-0.0005153025,1990s,0.0002,1.869,Brain Drain
DEU,1999,82100243.0,166722.0,166722.0,3646.0,4113.0,-467.0,0.02466981,0.02186874,-0.00280107,1990s,0.0006,2.031,Brain Drain
DEU,2000,82211508.0,175895.0,175895.0,4198.0,4482.0,-284.0,0.02548111,0.023866512,-0.0016145996,2000s,0.0014,2.14,Brain Drain
DEU,2001,82349925.0,182757.0,182757.0,5024.0,4958.0,66.0,0.02712892,0.027490055,0.0003611353,2000s,0.0017,2.219,Brain Gain
DEU,2002,82488495.0,190113.0,190113.0,5139.0,5319.0,-180.0,0.027978098,0.027031291,-0.00094680535,2000s,0.0017,2.305,Brain Drain
DEU,2003,82534176.0,198595.0,198595.0,5036.0,5085.0,-49.0,0.025604874,0.02535814,-0.0002467333,2000s,0.0006,2.406,Brain Drain
DEU,2004,82516260.0,206256.0,206256.0,4332.0,4690.0,-358.0,0.022738732,0.021003025,-0.001735707,2000s,-0.0002,2.5,Brain Drain
DEU,2005,82469422.0,213811.0,213811.0,4328.0,4897.0,-569.0,0.022903405,0.020242177,-0.0026612289,2000s,-0.0006,2.593,Brain Drain
DEU,2006,82376451.0,222103.0,222103.0,4309.0,5364.0,-1055.0,0.024150956,0.019400908,-0.0047500483,2000s,-0.0011,2.696,Brain Drain
DEU,2007,82266372.0,232107.0,232107.0,4719.0,5594.0,-875.0,0.024100954,0.02033114,-0.003769813,2000s,-0.0013,2.821,Brain Drain
DEU,2008,82110097.0,241578.0,241578.0,4805.0,6009.0,-1204.0,0.024873953,0.019890057,-0.0049838973,2000s,-0.0019,2.942,Brain Drain
DEU,2009,81902307.0,251535.0,251535.0,5507.0,5939.0,-432.0,0.023611028,0.021893574,-0.0017174549,2000s,-0.0025,3.071,Brain Drain
DEU,2010,81776930.0,262475.0,262475.0,5955.0,6102.0,-147.0,0.02324793,0.022687875,-0.00056005333,2010s,-0.0015,3.21,Brain Drain
DEU,2011,80274983.0,273965.0,273965.0,6196.0,6568.0,-372.0,0.023973865,0.022616027,-0.0013578377,2010s,-0.0184,3.413,Brain Drain
DEU,2012,80425823.0,285881.0,285881.0,6524.0,6502.0,22.0,0.02274373,0.022820685,7.69551e-05,2010s,0.0019,3.555,Brain Gain
DEU,2013,80645605.0,298112.0,298112.0,6704.0,6811.0,-107.0,0.022847118,0.022488192,-0.0003589255,2010s,0.0027,3.697,Brain Drain
DEU,2014,80982500.0,309351.0,309351.0,7192.0,7060.0,132.0,0.022821972,0.023248672,0.00042669976,2010s,0.0042,3.82,Brain Gain
DEU,2015,81686611.0,319411.0,319411.0,7116.0,7282.0,-166.0,0.022798212,0.022278506,-0.0005197066,2010s,0.0087,3.91,Brain Drain
DEU,2016,82348669.0,328854.0,328854.0,7623.0,7620.0,3.0,0.023171376,0.0231805,9.122589e-06,2010s,0.0081,3.993,Brain Gain
DEU,2017,82657002.0,337136.0,337136.0,7706.0,7651.0,55.0,0.022694105,0.022857245,0.00016313892,2010s,0.0037,4.079,Brain Gain
DEU,2018,82905782.0,345158.0,345158.0,8023.0,7821.0,202.0,0.022659188,0.023244428,0.0005852392,2010s,0.003,4.163,Brain Gain
DEU,2019,83092962.0,350844.0,350844.0,8175.0,7949.0,226.0,0.022656793,0.023300955,0.00064416096,2010s,0.0023,4.222,Brain Gain
DEU,2020,83160871.0,346699.0,346699.0,8498.0,8098.0,400.0,0.023357436,0.024511175,0.0011537386,2020s,0.0008,4.169,Brain Gain
DEU,2021,83196078.0,328003.0,328003.0,8121.0,7865.0,256.0,0.02397844,0.02475892,0.0007804807,2020s,0.0004,3.943,Brain Gain
DEU,2022,83797985.0,0.0,0.0,7088.0,6599.0,489.0,,,,2020s,0.0072,0.0,Brain Gain
DEU,2023,83797985.0,0.0,0.0,4452.0,4194.0,258.0,,,,2020s,0.0,0.0,Brain Gain
DJI,1996,644649.0,9.0,9.0,0.0,0.0,0.0,0.0,0.0,0.0,1990s,,0.014,Balanced
DJI,1997,667786.0,9.0,9.0,0.0,1.0,-1.0,0.11111111,0.0,-0.11111111,1990s,0.0359,0.013,Brain Drain
DJI,1998,694920.0,9.0,9.0,1.0,1.0,0.0,0.11111111,0.11111111,0.0,1990s,0.0406,0.013,Balanced
DJI,1999,719371.0,11.0,11.0,0.0,0.0,0.0,0.0,0.0,0.0,1990s,0.0352,0.015,Balanced
DJI,2000,742033.0,,,,,,,,,2000s,0.0315,,Unknown
DJI,2001,765490.0,6.0,6.0,0.0,0.0,0.0,0.0,0.0,0.0,2000s,0.0316,0.008,Balanced
DJI,2002,789129.0,7.0,7.0,2.0,1.0,1.0,0.14285715,0.2857143,0.14285715,2000s,0.0309,0.009,Brain Gain
DJI,2003,806411.0,,,,,,,,,2000s,0.0219,,Unknown
DJI,2004,818373.0,,,,,,,,,2000s,0.0148,,Unknown
DJI,2005,830861.0,16.0,16.0,0.0,0.0,0.0,0.0,0.0,0.0,2000s,0.0153,0.019,Balanced
DJI,2006,846947.0,,,,,,,,,2000s,0.0194,,Unknown
DJI,2007,865196.0,14.0,14.0,1.0,2.0,-1.0,0.14285715,0.071428575,-0.071428575,2000s,0.0215,0.016,Brain Drain
DJI,2008,882886.0,20.0,20.0,5.0,0.0,5.0,0.0,0.25,0.25,2000s,0.0204,0.023,Brain Gain
DJI,2009,901103.0,,,,,,,,,2000s,0.0206,,Unknown
DJI,2010,919199.0,38.0,38.0,6.0,5.0,1.0,0.13157895,0.15789473,0.02631579,2010s,0.0201,0.041,Brain Gain
DJI,2011,936811.0,44.0,44.0,5.0,3.0,2.0,0.06818182,0.11363637,0.045454547,2010s,0.0192,0.047,Brain Gain
DJI,2012,954297.0,53.0,53.0,5.0,1.0,4.0,0.018867925,0.094339624,0.0754717,2010s,0.0187,0.056,Brain Gain
DJI,2013,971753.0,49.0,49.0,2.0,6.0,-4.0,0.12244898,0.040816326,-0.08163265,2010s,0.0183,0.05,Brain Drain
DJI,2014,989087.0,52.0,52.0,7.0,4.0,3.0,0.07692308,0.13461539,0.057692308,2010s,0.0178,0.053,Brain Gain
DJI,2015,1006259.0,50.0,50.0,4.0,3.0,1.0,0.06,0.08,0.02,2010s,0.0174,0.05,Brain Gain
DJI,2016,1023261.0,46.0,46.0,5.0,2.0,3.0,0.04347826,0.10869565,0.06521739,2010s,0.0169,0.045,Brain Gain
DJI,2017,1040233.0,48.0,48.0,3.0,2.0,1.0,0.041666668,0.0625,0.020833334,2010s,0.0166,0.046,Brain Gain
DJI,2018,1057198.0,55.0,55.0,7.0,1.0,6.0,0.018181818,0.12727273,0.10909091,2010s,0.0163,0.052,Brain Gain
DJI,2019,1073994.0,53.0,53.0,4.0,3.0,1.0,0.056603774,0.0754717,0.018867925,2010s,0.0159,0.049,Brain Gain
DJI,2020,1090156.0,60.0,60.0,4.0,0.0,4.0,0.0,0.06666667,0.06666667,2020s,0.015,0.055,Brain Gain
DJI,2021,1105557.0,55.0,55.0,2.0,1.0,1.0,0.018181818,0.036363635,0.018181818,2020s,0.0141,0.05,Brain Gain
DJI,2022,1120849.0,0.0,0.0,5.0,2.0,3.0,,,,2020s,0.0138,0.0,Brain Gain
DJI,2023,1120849.0,,,,,,,,,2020s,0.0,,Unknown
DMA,1996,69166.0,3.0,3.0,0.0,0.0,0.0,0.0,0.0,0.0,1990s,,0.043,Balanced
DMA,1997,69081.0,3.0,3.0,0.0,0.0,0.0,0.0,0.0,0.0,1990s,-0.0012,0.043,Balanced
DMA,1998,68938.0,,,,,,,,,1990s,-0.0021,,Unknown
DMA,1999,68698.0,,,,,,,,,1990s,-0.0035,,Unknown
DMA,2000,68346.0,,,,,,,,,2000s,-0.0051,,Unknown
DMA,2001,68153.0,11.0,11.0,2.0,0.0,2.0,0.0,0.18181819,0.18181819,2000s,-0.0028,0.161,Brain Gain
DMA,2002,68262.0,9.0,9.0,0.0,2.0,-2.0,0.22222222,0.0,-0.22222222,2000s,0.0016,0.132,Brain Drain
DMA,2003,68442.0,13.0,13.0,1.0,0.0,1.0,0.0,0.07692308,0.07692308,2000s,0.0026,0.19,Brain Gain
DMA,2004,68574.0,,,,,,,,,2000s,0.0019,,Unknown
DMA,2005,68674.0,15.0,15.0,2.0,1.0,1.0,0.06666667,0.13333334,0.06666667,2000s,0.0015,0.218,Brain Gain
DMA,2006,68742.0,14.0,14.0,1.0,0.0,1.0,0.0,0.071428575,0.071428575,2000s,0.001,0.204,Brain Gain
DMA,2007,68775.0,15.0,15.0,2.0,1.0,1.0,0.06666667,0.13333334,0.06666667,2000s,0.0005,0.218,Brain Gain
DMA,2008,68782.0,,,,,,,,,2000s,0.0001,,Unknown
DMA,2009,68787.0,,,,,,,,,2000s,0.0001,,Unknown
DMA,2010,68755.0,19.0,19.0,1.0,1.0,0.0,0.05263158,0.05263158,0.0,2010s,-0.0005,0.276,Balanced
DMA,2011,68742.0,22.0,22.0,3.0,4.0,-1.0,0.18181819,0.13636364,-0.045454547,2010s,-0.0002,0.32,Brain Drain
DMA,2012,68888.0,31.0,31.0,5.0,1.0,4.0,0.032258064,0.16129032,0.12903225,2010s,0.0021,0.45,Brain Gain
DMA,2013,68819.0,34.0,34.0,5.0,6.0,-1.0,0.1764706,0.14705883,-0.029411765,2010s,-0.001,0.494,Brain Drain
DMA,2014,69371.0,44.0,44.0,8.0,4.0,4.0,0.09090909,0.18181819,0.09090909,2010s,0.008,0.634,Brain Gain
DMA,2015,70007.0,49.0,49.0,11.0,9.0,2.0,0.18367347,0.2244898,0.040816326,2010s,0.0092,0.7,Brain Gain
DMA,2016,70075.0,46.0,46.0,3.0,13.0,-10.0,0.2826087,0.06521739,-0.2173913,2010s,0.001,0.656,Brain Drain
DMA,2017,70403.0,46.0,46.0,7.0,6.0,1.0,0.13043478,0.1521739,0.02173913,2010s,0.0047,0.653,Brain Gain
DMA,2018,70823.0,48.0,48.0,11.0,8.0,3.0,0.16666667,0.22916667,0.0625,2010s,0.006,0.678,Brain Gain
DMA,2019,71428.0,44.0,44.0,4.0,9.0,-5.0,0.20454545,0.09090909,-0.11363637,2010s,0.0085,0.616,Brain Drain
DMA,2020,71995.0,34.0,34.0,6.0,11.0,-5.0,0.32352942,0.1764706,-0.14705883,2020s,0.0079,0.472,Brain Drain
DMA,2021,72412.0,27.0,27.0,1.0,5.0,-4.0,0.18518518,0.037037037,-0.14814815,2020s,0.0058,0.373,Brain Drain
DMA,2022,72737.0,0.0,0.0,3.0,2.0,1.0,,,,2020s,0.0045,0.0,Brain Gain
DMA,2023,72737.0,,,,,,,,,2020s,0.0,,Unknown
DNK,1996,5263074.0,12349.0,12349.0,0.0,0.0,0.0,0.0,0.0,0.0,1990s,,2.346,Balanced
DNK,1997,5284991.0,14079.0,14079.0,371.0,340.0,31.0,0.024149442,0.026351303,0.002201861,1990s,0.0042,2.664,Brain Gain
DNK,1998,5304219.0,15790.0,15790.0,424.0,413.0,11.0,0.026155794,0.026852438,0.00069664343,1990s,0.0036,2.977,Brain Gain
DNK,1999,5321799.0,17000.0,17000.0,497.0,451.0,46.0,0.02652941,0.029235294,0.0027058823,1990s,0.0033,3.194,Brain Gain
DNK,2000,5339616.0,17921.0,17921.0,557.0,509.0,48.0,0.028402433,0.031080855,0.002678422,2000s,0.0033,3.356,Brain Gain
DNK,2001,5358783.0,18606.0,18606.0,604.0,639.0,-35.0,0.03434376,0.032462645,-0.0018811136,2000s,0.0036,3.472,Brain Drain
DNK,2002,5375931.0,19619.0,19619.0,699.0,655.0,44.0,0.033386003,0.03562873,0.002242724,2000s,0.0032,3.649,Brain Gain
DNK,2003,5390574.0,20391.0,20391.0,591.0,621.0,-30.0,0.030454611,0.028983375,-0.0014712373,2000s,0.0027,3.783,Brain Drain
DNK,2004,5404523.0,21167.0,21167.0,521.0,522.0,-1.0,0.024661029,0.024613786,-4.724335e-05,2000s,0.0026,3.917,Brain Drain
DNK,2005,5419432.0,21936.0,21936.0,461.0,507.0,-46.0,0.023112692,0.021015681,-0.0020970094,2000s,0.0028,4.048,Brain Drain
DNK,2006,5437272.0,23157.0,23157.0,585.0,544.0,41.0,0.023491817,0.025262339,0.0017705229,2000s,0.0033,4.259,Brain Gain
DNK,2007,5461438.0,24451.0,24451.0,589.0,534.0,55.0,0.021839598,0.024088994,0.0022493966,2000s,0.0044,4.477,Brain Gain
DNK,2008,5493621.0,26005.0,26005.0,723.0,605.0,118.0,0.023264756,0.027802346,0.004537589,2000s,0.0059,4.734,Brain Gain
DNK,2009,5523095.0,27872.0,27872.0,801.0,547.0,254.0,0.01962543,0.02873852,0.009113088,2000s,0.0054,5.046,Brain Gain
DNK,2010,5547683.0,29845.0,29845.0,818.0,597.0,221.0,0.02000335,0.027408276,0.0074049253,2010s,0.0045,5.38,Brain Gain
DNK,2011,5570572.0,31775.0,31775.0,833.0,684.0,149.0,0.021526357,0.026215577,0.0046892213,2010s,0.0041,5.704,Brain Gain
DNK,2012,5591572.0,34161.0,34161.0,851.0,732.0,119.0,0.021427944,0.024911448,0.0034835045,2010s,0.0038,6.109,Brain Gain
DNK,2013,5614932.0,36360.0,36360.0,946.0,791.0,155.0,0.021754675,0.026017603,0.0042629265,2010s,0.0042,6.476,Brain Gain
DNK,2014,5643475.0,38395.0,38395.0,1008.0,875.0,133.0,0.022789426,0.026253419,0.0034639926,2010s,0.0051,6.803,Brain Gain
DNK,2015,5683483.0,40349.0,40349.0,1160.0,865.0,295.0,0.021437954,0.028749164,0.0073112096,2010s,0.0071,7.099,Brain Gain
DNK,2016,5728010.0,42223.0,42223.0,1221.0,1023.0,198.0,0.0242285,0.028917888,0.0046893875,2010s,0.0078,7.371,Brain Gain
DNK,2017,5764980.0,43766.0,43766.0,1253.0,1121.0,132.0,0.02561349,0.02862953,0.00301604,2010s,0.0065,7.592,Brain Gain
DNK,2018,5793636.0,45277.0,45277.0,1324.0,1143.0,181.0,0.025244605,0.02924222,0.0039976146,2010s,0.005,7.815,Brain Gain
DNK,2019,5814422.0,46357.0,46357.0,1365.0,1218.0,147.0,0.02627435,0.029445391,0.003171042,2010s,0.0036,7.973,Brain Gain
DNK,2020,5831404.0,46210.0,46210.0,1452.0,1294.0,158.0,0.028002597,0.03142177,0.0034191734,2020s,0.0029,7.924,Brain Gain
DNK,2021,5856733.0,44479.0,44479.0,1425.0,1245.0,180.0,0.027990738,0.03203759,0.0040468536,2020s,0.0043,7.595,Brain Gain
DNK,2022,5903037.0,0.0,0.0,1306.0,1077.0,229.0,,,,2020s,0.0079,0.0,Brain Gain
DNK,2023,5903037.0,0.0,0.0,893.0,680.0,213.0,,,,2020s,0.0,0.0,Brain Gain
DOM,1996,8012314.0,42.0,42.0,0.0,0.0,0.0,0.0,0.0,0.0,1990s,,0.005,Balanced
DOM,1997,8150076.0,49.0,49.0,3.0,1.0,2.0,0.020408163,0.06122449,0.040816326,1990s,0.0172,0.006,Brain Gain
DOM,1998,8282126.0,54.0,54.0,0.0,2.0,-2.0,0.037037037,0.0,-0.037037037,1990s,0.0162,0.007,Brain Drain
DOM,1999,8411374.0,53.0,53.0,6.0,8.0,-2.0,0.1509434,0.11320755,-0.03773585,1990s,0.0156,0.006,Brain Drain
DOM,2000,8540791.0,51.0,51.0,2.0,7.0,-5.0,0.13725491,0.039215688,-0.09803922,2000s,0.0154,0.006,Brain Drain
DOM,2001,8669040.0,53.0,53.0,2.0,1.0,1.0,0.018867925,0.03773585,0.018867925,2000s,0.015,0.006,Brain Gain
DOM,2002,8795101.0,57.0,57.0,3.0,2.0,1.0,0.03508772,0.05263158,0.01754386,2000s,0.0145,0.006,Brain Gain
DOM,2003,8919852.0,58.0,58.0,2.0,4.0,-2.0,0.06896552,0.03448276,-0.03448276,2000s,0.0142,0.007,Brain Drain
DOM,2004,9043127.0,65.0,65.0,3.0,2.0,1.0,0.03076923,0.046153847,0.015384615,2000s,0.0138,0.007,Brain Gain
DOM,2005,9164768.0,80.0,80.0,8.0,2.0,6.0,0.025,0.1,0.075,2000s,0.0135,0.009,Brain Gain
DOM,2006,9284168.0,95.0,95.0,7.0,3.0,4.0,0.031578947,0.07368421,0.042105265,2000s,0.013,0.01,Brain Gain
DOM,2007,9402206.0,101.0,101.0,6.0,8.0,-2.0,0.07920792,0.05940594,-0.01980198,2000s,0.0127,0.011,Brain Drain
DOM,2008,9522948.0,112.0,112.0,5.0,3.0,2.0,0.026785715,0.04464286,0.017857144,2000s,0.0128,0.012,Brain Gain
DOM,2009,9648061.0,131.0,131.0,4.0,3.0,1.0,0.022900764,0.030534351,0.007633588,2000s,0.0131,0.014,Brain Gain
DOM,2010,9775755.0,148.0,148.0,9.0,6.0,3.0,0.04054054,0.06081081,0.02027027,2010s,0.0132,0.015,Brain Gain
DOM,2011,9903737.0,179.0,179.0,16.0,6.0,10.0,0.033519555,0.08938547,0.05586592,2010s,0.0131,0.018,Brain Gain
DOM,2012,10030882.0,208.0,208.0,14.0,8.0,6.0,0.03846154,0.067307696,0.028846154,2010s,0.0128,0.021,Brain Gain
DOM,2013,10157051.0,240.0,240.0,12.0,6.0,6.0,0.025,0.05,0.025,2010s,0.0126,0.024,Brain Gain
DOM,2014,10282115.0,252.0,252.0,7.0,15.0,-8.0,0.05952381,0.027777778,-0.031746034,2010s,0.0123,0.025,Brain Drain
DOM,2015,10405832.0,279.0,279.0,21.0,15.0,6.0,0.05376344,0.07526882,0.021505376,2010s,0.012,0.027,Brain Gain
DOM,2016,10527592.0,311.0,311.0,25.0,16.0,9.0,0.051446944,0.08038585,0.028938906,2010s,0.0117,0.03,Brain Gain
DOM,2017,10647244.0,342.0,342.0,21.0,17.0,4.0,0.049707603,0.06140351,0.0116959065,2010s,0.0114,0.032,Brain Gain
DOM,2018,10765531.0,376.0,376.0,18.0,16.0,2.0,0.04255319,0.047872342,0.005319149,2010s,0.0111,0.035,Brain Gain
DOM,2019,10881882.0,430.0,430.0,32.0,9.0,23.0,0.020930232,0.074418604,0.053488374,2010s,0.0108,0.04,Brain Gain
DOM,2020,10999664.0,445.0,445.0,33.0,27.0,6.0,0.060674157,0.074157305,0.013483146,2020s,0.0108,0.04,Brain Gain
DOM,2021,11117873.0,447.0,447.0,44.0,19.0,25.0,0.042505592,0.098434,0.055928413,2020s,0.0107,0.04,Brain Gain
DOM,2022,11228821.0,0.0,0.0,21.0,18.0,3.0,,,,2020s,0.01,0.0,Brain Gain
DOM,2023,11228821.0,,,,,,,,,2020s,0.0,,Unknown
DZA,1996,28984634.0,784.0,784.0,0.0,0.0,0.0,0.0,0.0,0.0,1990s,,0.027,Balanced
DZA,1997,29476031.0,1033.0,1033.0,28.0,27.0,1.0,0.026137464,0.027105518,0.0009680542,1990s,0.017,0.035,Brain Gain
DZA,1998,29924668.0,1319.0,1319.0,34.0,29.0,5.0,0.021986354,0.025777103,0.0037907506,1990s,0.0152,0.044,Brain Gain
DZA,1999,30346083.0,1525.0,1525.0,36.0,32.0,4.0,0.020983607,0.023606557,0.0026229508,1990s,0.0141,0.05,Brain Gain
DZA,2000,30774621.0,1740.0,1740.0,49.0,40.0,9.0,0.022988506,0.02816092,0.005172414,2000s,0.0141,0.057,Brain Gain
DZA,2001,31200985.0,2038.0,2038.0,68.0,44.0,24.0,0.021589793,0.033366047,0.011776251,2000s,0.0139,0.065,Brain Gain
DZA,2002,31624696.0,2357.0,2357.0,55.0,66.0,-11.0,0.028001698,0.023334747,-0.0046669496,2000s,0.0136,0.075,Brain Drain
DZA,2003,32055883.0,2779.0,2779.0,70.0,57.0,13.0,0.020510975,0.025188917,0.0046779416,2000s,0.0136,0.087,Brain Gain
DZA,2004,32510186.0,3456.0,3456.0,83.0,45.0,38.0,0.013020833,0.024016203,0.01099537,2000s,0.0142,0.106,Brain Gain
DZA,2005,32956690.0,4134.0,4134.0,61.0,59.0,2.0,0.014271892,0.014755685,0.00048379294,2000s,0.0137,0.125,Brain Gain
DZA,2006,33435080.0,4988.0,4988.0,86.0,49.0,37.0,0.009823577,0.01724138,0.0074178027,2000s,0.0145,0.149,Brain Gain
DZA,2007,33983827.0,6056.0,6056.0,104.0,64.0,40.0,0.010568032,0.017173052,0.00660502,2000s,0.0164,0.178,Brain Gain
DZA,2008,34569592.0,6911.0,6911.0,107.0,83.0,24.0,0.0120098395,0.015482564,0.0034727247,2000s,0.0172,0.2,Brain Gain
DZA,2009,35196037.0,7836.0,7836.0,132.0,99.0,33.0,0.012633997,0.016845329,0.004211332,2000s,0.0181,0.223,Brain Gain
DZA,2010,35856344.0,8852.0,8852.0,161.0,71.0,90.0,0.008020787,0.01818798,0.010167194,2010s,0.0188,0.247,Brain Gain
DZA,2011,36543541.0,9967.0,9967.0,188.0,85.0,103.0,0.008528143,0.018862246,0.010334102,2010s,0.0192,0.273,Brain Gain
DZA,2012,37260563.0,11209.0,11209.0,183.0,86.0,97.0,0.0076724063,0.016326167,0.00865376,2010s,0.0196,0.301,Brain Gain
DZA,2013,38000626.0,12705.0,12705.0,172.0,106.0,66.0,0.008343172,0.013537977,0.005194805,2010s,0.0199,0.334,Brain Gain
DZA,2014,38760168.0,14390.0,14390.0,235.0,96.0,139.0,0.0066712997,0.016330786,0.009659486,2010s,0.02,0.371,Brain Gain
DZA,2015,39543154.0,15975.0,15975.0,219.0,104.0,115.0,0.006510172,0.01370892,0.007198748,2010s,0.0202,0.404,Brain Gain
DZA,2016,40339329.0,17565.0,17565.0,232.0,127.0,105.0,0.0072302874,0.013208084,0.005977797,2010s,0.0201,0.435,Brain Gain
DZA,2017,41136546.0,18924.0,18924.0,233.0,126.0,107.0,0.006658212,0.012312408,0.005654196,2010s,0.0198,0.46,Brain Gain
DZA,2018,41927007.0,20139.0,20139.0,252.0,154.0,98.0,0.0076468545,0.012513034,0.00486618,2010s,0.0192,0.48,Brain Gain
DZA,2019,42705368.0,20961.0,20961.0,282.0,135.0,147.0,0.0064405324,0.013453556,0.0070130243,2010s,0.0186,0.491,Brain Gain
DZA,2020,43451666.0,21576.0,21576.0,260.0,163.0,97.0,0.0075546904,0.012050427,0.004495736,2020s,0.0175,0.497,Brain Gain
DZA,2021,44177969.0,21303.0,21303.0,268.0,158.0,110.0,0.007416796,0.012580387,0.005163592,2020s,0.0167,0.482,Brain Gain
DZA,2022,44903225.0,0.0,0.0,144.0,124.0,20.0,,,,2020s,0.0164,0.0,Brain Gain
DZA,2023,44903225.0,0.0,0.0,82.0,61.0,21.0,,,,2020s,0.0,0.0,Brain Gain
ECU,1996,11775221.0,209.0,209.0,0.0,0.0,0.0,0.0,0.0,0.0,1990s,,0.018,Balanced
ECU,1997,11987838.0,251.0,251.0,7.0,2.0,5.0,0.007968128,0.027888447,0.01992032,1990s,0.0181,0.021,Brain Gain
ECU,1998,12199693.0,292.0,292.0,9.0,15.0,-6.0,0.051369864,0.030821918,-0.020547945,1990s,0.0177,0.024,Brain Drain
ECU,1999,12412046.0,313.0,313.0,13.0,13.0,0.0,0.041533545,0.041533545,0.0,1990s,0.0174,0.025,Balanced
ECU,2000,12626507.0,338.0,338.0,18.0,19.0,-1.0,0.056213018,0.053254437,-0.00295858,2000s,0.0173,0.027,Brain Drain
ECU,2001,12845521.0,381.0,381.0,26.0,34.0,-8.0,0.089238845,0.06824147,-0.020997375,2000s,0.0173,0.03,Brain Drain
ECU,2002,13070609.0,436.0,436.0,26.0,21.0,5.0,0.04816514,0.059633028,0.01146789,2000s,0.0175,0.033,Brain Gain
ECU,2003,13301184.0,485.0,485.0,29.0,31.0,-2.0,0.063917525,0.059793815,-0.0041237115,2000s,0.0176,0.036,Brain Drain
ECU,2004,13534593.0,539.0,539.0,17.0,33.0,-16.0,0.06122449,0.031539887,-0.029684601,2000s,0.0175,0.04,Brain Drain
ECU,2005,13770012.0,590.0,590.0,27.0,32.0,-5.0,0.054237287,0.04576271,-0.008474576,2000s,0.0174,0.043,Brain Drain
ECU,2006,14009061.0,633.0,633.0,33.0,37.0,-4.0,0.058451816,0.0521327,-0.0063191154,2000s,0.0174,0.045,Brain Drain
ECU,2007,14251835.0,709.0,709.0,30.0,36.0,-6.0,0.05077574,0.042313118,-0.008462624,2000s,0.0173,0.05,Brain Drain
ECU,2008,14496797.0,795.0,795.0,40.0,27.0,13.0,0.033962265,0.050314464,0.0163522,2000s,0.0172,0.055,Brain Gain
ECU,2009,14742766.0,856.0,856.0,45.0,47.0,-2.0,0.054906543,0.052570093,-0.0023364485,2000s,0.017,0.058,Brain Drain
ECU,2010,14989585.0,935.0,935.0,37.0,28.0,9.0,0.029946525,0.039572194,0.009625669,2010s,0.0167,0.062,Brain Gain
ECU,2011,15237728.0,1079.0,1079.0,59.0,40.0,19.0,0.037071362,0.054680258,0.017608898,2010s,0.0166,0.071,Brain Gain
ECU,2012,15483883.0,1265.0,1265.0,62.0,57.0,5.0,0.04505929,0.049011856,0.0039525693,2010s,0.0162,0.082,Brain Gain
ECU,2013,15722989.0,1682.0,1682.0,118.0,60.0,58.0,0.03567182,0.07015458,0.03448276,2010s,0.0154,0.107,Brain Gain
ECU,2014,15957994.0,2261.0,2261.0,145.0,61.0,84.0,0.026979214,0.06413092,0.0371517,2010s,0.0149,0.142,Brain Gain
ECU,2015,16195902.0,3303.0,3303.0,263.0,56.0,207.0,0.016954284,0.079624586,0.0626703,2010s,0.0149,0.204,Brain Gain
ECU,2016,16439585.0,4400.0,4400.0,264.0,106.0,158.0,0.024090908,0.06,0.03590909,2010s,0.015,0.268,Brain Gain
ECU,2017,16696944.0,5615.0,5615.0,312.0,131.0,181.0,0.023330364,0.05556545,0.032235086,2010s,0.0157,0.336,Brain Gain
ECU,2018,17015672.0,6684.0,6684.0,340.0,205.0,135.0,0.030670257,0.050867744,0.020197487,2010s,0.0191,0.393,Brain Gain
ECU,2019,17343740.0,7562.0,7562.0,341.0,209.0,132.0,0.027638191,0.04509389,0.017455699,2010s,0.0193,0.436,Brain Gain
ECU,2020,17588595.0,7982.0,7982.0,340.0,237.0,103.0,0.029691806,0.04259584,0.012904034,2020s,0.0141,0.454,Brain Gain
ECU,2021,17797737.0,7764.0,7764.0,280.0,287.0,-7.0,0.036965482,0.036063883,-0.0009015971,2020s,0.0119,0.436,Brain Drain
ECU,2022,18001000.0,0.0,0.0,228.0,213.0,15.0,,,,2020s,0.0114,0.0,Brain Gain
ECU,2023,18001000.0,0.0,0.0,125.0,88.0,37.0,,,,2020s,0.0,0.0,Brain Gain
EGY,1996,65565195.0,5442.0,5442.0,0.0,0.0,0.0,0.0,0.0,0.0,1990s,,0.083,Balanced
EGY,1997,66993728.0,6554.0,6554.0,150.0,106.0,44.0,0.01617333,0.022886787,0.0067134574,1990s,0.0218,0.098,Brain Gain
EGY,1998,68446011.0,7688.0,7688.0,190.0,145.0,45.0,0.018860562,0.02471384,0.0058532776,1990s,0.0217,0.112,Brain Gain
EGY,1999,69907887.0,8219.0,8219.0,189.0,176.0,13.0,0.021413798,0.022995498,0.001581701,1990s,0.0214,0.118,Brain Gain
EGY,2000,71371371.0,8702.0,8702.0,219.0,180.0,39.0,0.0206849,0.025166629,0.004481728,2000s,0.0209,0.122,Brain Gain
EGY,2001,72854261.0,9214.0,9214.0,227.0,239.0,-12.0,0.025938788,0.024636423,-0.0013023659,2000s,0.0208,0.126,Brain Drain
EGY,2002,74393759.0,9848.0,9848.0,262.0,205.0,57.0,0.02081641,0.026604386,0.0057879775,2000s,0.0211,0.132,Brain Gain
EGY,2003,75963322.0,10594.0,10594.0,308.0,210.0,98.0,0.019822542,0.02907306,0.009250519,2000s,0.0211,0.139,Brain Gain
EGY,2004,77522427.0,11563.0,11563.0,258.0,216.0,42.0,0.018680273,0.022312548,0.0036322754,2000s,0.0205,0.149,Brain Gain
EGY,2005,79075310.0,12566.0,12566.0,287.0,228.0,59.0,0.018144198,0.022839408,0.004695209,2000s,0.02,0.159,Brain Gain
EGY,2006,80629670.0,13826.0,13826.0,345.0,256.0,89.0,0.01851584,0.024952987,0.0064371475,2000s,0.0197,0.171,Brain Gain
EGY,2007,82218755.0,16048.0,16048.0,426.0,314.0,112.0,0.019566301,0.026545364,0.0069790627,2000s,0.0197,0.195,Brain Gain
EGY,2008,83844783.0,18549.0,18549.0,459.0,324.0,135.0,0.01746725,0.024745269,0.0072780205,2000s,0.0198,0.221,Brain Gain
EGY,2009,85501064.0,21603.0,21603.0,468.0,460.0,8.0,0.021293338,0.021663658,0.00037031894,2000s,0.0198,0.253,Brain Gain
EGY,2010,87252413.0,24685.0,24685.0,526.0,512.0,14.0,0.020741342,0.021308487,0.00056714605,2010s,0.0205,0.283,Brain Gain
EGY,2011,89200054.0,27584.0,27584.0,613.0,555.0,58.0,0.02012036,0.022223027,0.0021026682,2010s,0.0223,0.309,Brain Gain
EGY,2012,91240376.0,30129.0,30129.0,724.0,609.0,115.0,0.020213084,0.024030004,0.0038169206,2010s,0.0229,0.33,Brain Gain
EGY,2013,93377890.0,32862.0,32862.0,718.0,636.0,82.0,0.019353662,0.021848945,0.0024952833,2010s,0.0234,0.352,Brain Gain
EGY,2014,95592324.0,36143.0,36143.0,774.0,730.0,44.0,0.020197548,0.021414936,0.0012173865,2010s,0.0237,0.378,Brain Gain
EGY,2015,97723799.0,38558.0,38558.0,832.0,747.0,85.0,0.019373411,0.021577884,0.0022044713,2010s,0.0223,0.395,Brain Gain
EGY,2016,99784030.0,42069.0,42069.0,904.0,775.0,129.0,0.018422116,0.021488506,0.003066391,2010s,0.0211,0.422,Brain Gain
EGY,2017,101789386.0,46131.0,46131.0,838.0,853.0,-15.0,0.01849082,0.01816566,-0.00032516095,2010s,0.0201,0.453,Brain Drain
EGY,2018,103740765.0,50820.0,50820.0,1010.0,923.0,87.0,0.01816214,0.019874066,0.0017119244,2010s,0.0192,0.49,Brain Gain
EGY,2019,105618671.0,54865.0,54865.0,1061.0,1046.0,15.0,0.019064978,0.019338377,0.00027339833,2010s,0.0181,0.519,Brain Gain
EGY,2020,107465134.0,57808.0,57808.0,1204.0,1092.0,112.0,0.018890118,0.020827567,0.001937448,2020s,0.0175,0.538,Brain Gain
EGY,2021,109262178.0,57145.0,57145.0,1167.0,1149.0,18.0,0.020106746,0.020421734,0.0003149882,2020s,0.0167,0.523,Brain Gain
EGY,2022,110990103.0,0.0,0.0,973.0,1006.0,-33.0,,,,2020s,0.0158,0.0,Brain Drain
EGY,2023,110990103.0,0.0,0.0,641.0,696.0,-55.0,,,,2020s,0.0,0.0,Brain Drain
ERI,1996,2264073.0,9.0,9.0,0.0,0.0,0.0,0.0,0.0,0.0,1990s,,0.004,Balanced
ERI,1997,2291561.0,11.0,11.0,2.0,0.0,2.0,0.0,0.18181819,0.18181819,1990s,0.0121,0.005,Brain Gain
ERI,1998,2322753.0,16.0,16.0,2.0,1.0,1.0,0.0625,0.125,0.0625,1990s,0.0136,0.007,Brain Gain
ERI,1999,2356477.0,,,,,,,,,1990s,0.0145,,Unknown
ERI,2000,2392880.0,21.0,21.0,3.0,0.0,3.0,0.0,0.14285715,0.14285715,2000s,0.0154,0.009,Brain Gain
ERI,2001,2461927.0,33.0,33.0,4.0,1.0,3.0,0.030303031,0.121212125,0.09090909,2000s,0.0289,0.013,Brain Gain
ERI,2002,2547424.0,40.0,40.0,6.0,2.0,4.0,0.05,0.15,0.1,2000s,0.0347,0.016,Brain Gain
ERI,2003,2653390.0,53.0,53.0,5.0,1.0,4.0,0.018867925,0.094339624,0.0754717,2000s,0.0416,0.02,Brain Gain
ERI,2004,2763140.0,78.0,78.0,5.0,3.0,2.0,0.03846154,0.06410257,0.025641026,2000s,0.0414,0.028,Brain Gain
ERI,2005,2831732.0,75.0,75.0,3.0,9.0,-6.0,0.12,0.04,-0.08,2000s,0.0248,0.026,Brain Drain
ERI,2006,2880093.0,75.0,75.0,5.0,4.0,1.0,0.053333335,0.06666667,0.013333334,2000s,0.0171,0.026,Brain Gain
ERI,2007,2926168.0,73.0,73.0,4.0,3.0,1.0,0.04109589,0.05479452,0.01369863,2000s,0.016,0.025,Brain Gain
ERI,2008,3005779.0,76.0,76.0,4.0,2.0,2.0,0.02631579,0.05263158,0.02631579,2000s,0.0272,0.025,Brain Gain
ERI,2009,3083888.0,69.0,69.0,3.0,12.0,-9.0,0.17391305,0.04347826,-0.13043478,2000s,0.026,0.022,Brain Drain
ERI,2010,3147727.0,50.0,50.0,3.0,5.0,-2.0,0.1,0.06,-0.04,2010s,0.0207,0.016,Brain Drain
ERI,2011,3207570.0,60.0,60.0,5.0,4.0,1.0,0.06666667,0.083333336,0.016666668,2010s,0.019,0.019,Brain Gain
ERI,2012,3252596.0,55.0,55.0,1.0,10.0,-9.0,0.18181819,0.018181818,-0.16363636,2010s,0.014,0.017,Brain Drain
ERI,2013,3296367.0,60.0,60.0,4.0,5.0,-1.0,0.083333336,0.06666667,-0.016666668,2010s,0.0135,0.018,Brain Drain
ERI,2014,3323425.0,52.0,52.0,2.0,2.0,0.0,0.03846154,0.03846154,0.0,2010s,0.0082,0.016,Balanced
ERI,2015,3340006.0,69.0,69.0,5.0,3.0,2.0,0.04347826,0.072463766,0.028985508,2010s,0.005,0.021,Brain Gain
ERI,2016,3365287.0,81.0,81.0,2.0,5.0,-3.0,0.061728396,0.024691358,-0.037037037,2010s,0.0076,0.024,Brain Drain
ERI,2017,3396933.0,108.0,108.0,7.0,2.0,5.0,0.018518519,0.06481481,0.046296295,2010s,0.0094,0.032,Brain Gain
ERI,2018,3445374.0,120.0,120.0,4.0,5.0,-1.0,0.041666668,0.033333335,-0.008333334,2010s,0.0143,0.035,Brain Drain
ERI,2019,3498818.0,131.0,131.0,5.0,6.0,-1.0,0.045801528,0.03816794,-0.007633588,2010s,0.0155,0.037,Brain Drain
ERI,2020,3555868.0,138.0,138.0,4.0,10.0,-6.0,0.072463766,0.028985508,-0.04347826,2020s,0.0163,0.039,Brain Drain
ERI,2021,3620312.0,122.0,122.0,0.0,7.0,-7.0,0.057377048,0.0,-0.057377048,2020s,0.0181,0.034,Brain Drain
ERI,2022,3684032.0,0.0,0.0,4.0,9.0,-5.0,,,,2020s,0.0176,0.0,Brain Drain
ERI,2023,3684032.0,,,,,,,,,2020s,0.0,,Unknown
ESP,1996,39889852.0,59926.0,59926.0,0.0,0.0,0.0,0.0,0.0,0.0,1990s,,1.502,Balanced
ESP,1997,40057389.0,69867.0,69867.0,920.0,871.0,49.0,0.012466543,0.013167876,0.0007013325,1990s,0.0042,1.744,Brain Gain
ESP,1998,40223509.0,79407.0,79407.0,975.0,1142.0,-167.0,0.014381603,0.012278515,-0.0021030891,1990s,0.0041,1.974,Brain Drain
ESP,1999,40386875.0,85906.0,85906.0,1140.0,1196.0,-56.0,0.013922194,0.0132703185,-0.0006518753,1990s,0.0041,2.127,Brain Drain
ESP,2000,40567864.0,91951.0,91951.0,1292.0,1273.0,19.0,0.01384433,0.0140509615,0.0002066318,2000s,0.0045,2.267,Brain Gain
ESP,2001,40850412.0,97399.0,97399.0,1485.0,1529.0,-44.0,0.015698314,0.015246563,-0.00045175,2000s,0.007,2.384,Brain Drain
ESP,2002,41431558.0,103416.0,103416.0,1563.0,1590.0,-27.0,0.015374797,0.015113715,-0.00026108147,2000s,0.0142,2.496,Brain Drain
ESP,2003,42187645.0,109748.0,109748.0,1565.0,1539.0,26.0,0.014023035,0.014259941,0.00023690637,2000s,0.0182,2.601,Brain Gain
ESP,2004,42921895.0,117767.0,117767.0,1427.0,1429.0,-2.0,0.012134129,0.0121171465,-1.6982685e-05,2000s,0.0174,2.744,Brain Drain
ESP,2005,43653155.0,124965.0,124965.0,1485.0,1391.0,94.0,0.011131117,0.011883328,0.0007522106,2000s,0.017,2.863,Brain Gain
ESP,2006,44397319.0,133595.0,133595.0,1606.0,1508.0,98.0,0.0112878475,0.012021408,0.00073356036,2000s,0.017,3.009,Brain Gain
ESP,2007,45226803.0,142607.0,142607.0,1887.0,1619.0,268.0,0.011352879,0.01323217,0.0018792907,2000s,0.0187,3.153,Brain Gain
ESP,2008,45954106.0,151302.0,151302.0,2066.0,1972.0,94.0,0.013033535,0.013654809,0.000621274,2000s,0.0161,3.292,Brain Gain
ESP,2009,46362946.0,160138.0,160138.0,2298.0,2163.0,135.0,0.0135071,0.014350123,0.0008430229,2000s,0.0089,3.454,Brain Gain
ESP,2010,46576897.0,169806.0,169806.0,2693.0,2286.0,407.0,0.0134624215,0.015859274,0.002396853,2010s,0.0046,3.646,Brain Gain
ESP,2011,46742697.0,178055.0,178055.0,2595.0,2568.0,27.0,0.01442251,0.014574149,0.00015163854,2010s,0.0036,3.809,Brain Gain
ESP,2012,46773055.0,186166.0,186166.0,2482.0,2897.0,-415.0,0.01556138,0.013332187,-0.0022291932,2010s,0.0006,3.98,Brain Drain
ESP,2013,46620045.0,194016.0,194016.0,2467.0,3356.0,-889.0,0.017297542,0.012715446,-0.0045820964,2010s,-0.0033,4.162,Brain Drain
ESP,2014,46480882.0,200813.0,200813.0,2451.0,3934.0,-1483.0,0.019590365,0.012205385,-0.00738498,2010s,-0.003,4.32,Brain Drain
ESP,2015,46444832.0,206831.0,206831.0,2580.0,4252.0,-1672.0,0.020557847,0.012473952,-0.008083895,2010s,-0.0008,4.453,Brain Drain
ESP,2016,46484062.0,213245.0,213245.0,2811.0,4284.0,-1473.0,0.020089569,0.013182021,-0.006907548,2010s,0.0008,4.587,Brain Drain
ESP,2017,46593236.0,220319.0,220319.0,3121.0,4230.0,-1109.0,0.019199433,0.014165823,-0.0050336104,2010s,0.0023,4.729,Brain Drain
ESP,2018,46797754.0,228629.0,228629.0,3359.0,4130.0,-771.0,0.0180642,0.014691925,-0.0033722755,2010s,0.0044,4.885,Brain Drain
ESP,2019,47134837.0,236230.0,236230.0,3527.0,4006.0,-479.0,0.016958049,0.014930365,-0.0020276848,2010s,0.0072,5.012,Brain Drain
ESP,2020,47365655.0,237537.0,237537.0,3800.0,3893.0,-93.0,0.016389025,0.015997509,-0.00039151794,2020s,0.0049,5.015,Brain Drain
ESP,2021,47415794.0,229577.0,229577.0,3619.0,3889.0,-270.0,0.01693985,0.015763775,-0.001176076,2020s,0.0011,4.842,Brain Drain
ESP,2022,47778340.0,0.0,0.0,3348.0,3065.0,283.0,,,,2020s,0.0076,0.0,Brain Gain
ESP,2023,47778340.0,0.0,0.0,2211.0,1844.0,367.0,,,,2020s,0.0,0.0,Brain Gain
EST,1996,1415594.0,1052.0,1052.0,0.0,0.0,0.0,0.0,0.0,0.0,1990s,,0.743,Balanced
EST,1997,1399535.0,1274.0,1274.0,29.0,26.0,3.0,0.020408163,0.02276295,0.0023547881,1990s,-0.0113,0.91,Brain Gain
EST,1998,1386156.0,1454.0,1454.0,22.0,28.0,-6.0,0.019257221,0.0151306745,-0.0041265474,1990s,-0.0096,1.049,Brain Drain
EST,1999,1390244.0,1554.0,1554.0,29.0,30.0,-1.0,0.019305019,0.01866152,-0.00064350065,1990s,0.0029,1.118,Brain Drain
EST,2000,1396985.0,1655.0,1655.0,39.0,48.0,-9.0,0.02900302,0.023564955,-0.0054380666,2000s,0.0048,1.185,Brain Drain
EST,2001,1388115.0,1829.0,1829.0,50.0,40.0,10.0,0.021869874,0.027337343,0.0054674684,2000s,-0.0063,1.318,Brain Gain
EST,2002,1379350.0,1975.0,1975.0,60.0,35.0,25.0,0.017721519,0.030379746,0.012658228,2000s,-0.0063,1.432,Brain Gain
EST,2003,1370720.0,2142.0,2142.0,48.0,37.0,11.0,0.017273577,0.022408964,0.0051353876,2000s,-0.0063,1.563,Brain Gain
EST,2004,1362550.0,2395.0,2395.0,44.0,33.0,11.0,0.013778706,0.018371608,0.004592902,2000s,-0.006,1.758,Brain Gain
EST,2005,1354775.0,2709.0,2709.0,38.0,28.0,10.0,0.010335918,0.014027316,0.003691399,2000s,-0.0057,2.0,Brain Gain
EST,2006,1346810.0,3025.0,3025.0,37.0,19.0,18.0,0.0062809917,0.012231405,0.005950413,2000s,-0.0059,2.246,Brain Gain
EST,2007,1340680.0,3292.0,3292.0,38.0,40.0,-2.0,0.012150669,0.011543135,-0.00060753344,2000s,-0.0046,2.455,Brain Drain
EST,2008,1337090.0,3582.0,3582.0,60.0,48.0,12.0,0.013400335,0.01675042,0.0033500837,2000s,-0.0027,2.679,Brain Gain
EST,2009,1334515.0,3924.0,3924.0,55.0,35.0,20.0,0.00891947,0.01401631,0.0050968397,2000s,-0.0019,2.94,Brain Gain
EST,2010,1331475.0,4198.0,4198.0,74.0,49.0,25.0,0.011672225,0.017627442,0.005955217,2010s,-0.0023,3.153,Brain Gain
EST,2011,1327439.0,4483.0,4483.0,90.0,48.0,42.0,0.010707116,0.020075843,0.009368726,2010s,-0.003,3.377,Brain Gain
EST,2012,1322696.0,4769.0,4769.0,80.0,69.0,11.0,0.014468442,0.016775005,0.0023065633,2010s,-0.0036,3.606,Brain Gain
EST,2013,1317997.0,4995.0,4995.0,79.0,58.0,21.0,0.011611612,0.015815815,0.0042042043,2010s,-0.0036,3.79,Brain Gain
EST,2014,1314545.0,5204.0,5204.0,89.0,77.0,12.0,0.01479631,0.017102228,0.0023059186,2010s,-0.0026,3.959,Brain Gain
EST,2015,1315407.0,5342.0,5342.0,83.0,109.0,-26.0,0.020404343,0.015537252,-0.004867091,2010s,0.0007,4.061,Brain Drain
EST,2016,1315790.0,5439.0,5439.0,97.0,112.0,-15.0,0.02059202,0.01783416,-0.0027578599,2010s,0.0003,4.134,Brain Drain
EST,2017,1317384.0,5544.0,5544.0,112.0,109.0,3.0,0.019660894,0.02020202,0.00054112554,2010s,0.0012,4.208,Brain Gain
EST,2018,1321977.0,5700.0,5700.0,127.0,113.0,14.0,0.01982456,0.022280702,0.0024561402,2010s,0.0035,4.312,Brain Gain
EST,2019,1326898.0,5756.0,5756.0,145.0,137.0,8.0,0.02380125,0.025191104,0.0013898541,2010s,0.0037,4.338,Brain Gain
EST,2020,1329522.0,5758.0,5758.0,157.0,106.0,51.0,0.01840917,0.027266411,0.008857242,2020s,0.002,4.331,Brain Gain
EST,2021,1330932.0,5553.0,5553.0,153.0,119.0,34.0,0.021429857,0.027552674,0.0061228164,2020s,0.0011,4.172,Brain Gain
EST,2022,1348840.0,0.0,0.0,169.0,117.0,52.0,,,,2020s,0.0135,0.0,Brain Gain
EST,2023,1348840.0,0.0,0.0,81.0,87.0,-6.0,,,,2020s,0.0,0.0,Brain Drain
ETH,1996,59347649.0,397.0,397.0,0.0,0.0,0.0,0.0,0.0,0.0,1990s,,0.007,Balanced
ETH,1997,61233480.0,476.0,476.0,12.0,19.0,-7.0,0.039915968,0.025210084,-0.014705882,1990s,0.0318,0.008,Brain Drain
ETH,1998,63136493.0,553.0,553.0,22.0,21.0,1.0,0.03797468,0.039783,0.0018083183,1990s,0.0311,0.009,Brain Gain
ETH,1999,65077579.0,606.0,606.0,27.0,21.0,6.0,0.034653466,0.044554457,0.00990099,1990s,0.0307,0.009,Brain Gain
ETH,2000,67031867.0,658.0,658.0,25.0,42.0,-17.0,0.06382979,0.037993923,-0.025835866,2000s,0.03,0.01,Brain Drain
ETH,2001,69018932.0,711.0,711.0,36.0,39.0,-3.0,0.05485232,0.050632913,-0.004219409,2000s,0.0296,0.01,Brain Drain
ETH,2002,71073215.0,749.0,749.0,30.0,35.0,-5.0,0.046728972,0.040053405,-0.0066755675,2000s,0.0298,0.011,Brain Drain
ETH,2003,73168838.0,831.0,831.0,61.0,46.0,15.0,0.055354994,0.073405534,0.018050542,2000s,0.0295,0.011,Brain Gain
ETH,2004,75301026.0,967.0,967.0,55.0,35.0,20.0,0.036194414,0.05687694,0.020682523,2000s,0.0291,0.013,Brain Gain
ETH,2005,77469940.0,1109.0,1109.0,52.0,38.0,14.0,0.034265105,0.04688909,0.012623985,2000s,0.0288,0.014,Brain Gain
ETH,2006,79691050.0,1304.0,1304.0,57.0,37.0,20.0,0.028374232,0.043711655,0.015337423,2000s,0.0287,0.016,Brain Gain
ETH,2007,81996185.0,1487.0,1487.0,62.0,48.0,14.0,0.03227976,0.041694686,0.009414929,2000s,0.0289,0.018,Brain Gain
ETH,2008,84357105.0,1699.0,1699.0,69.0,48.0,21.0,0.028251912,0.040612124,0.012360211,2000s,0.0288,0.02,Brain Gain
ETH,2009,86755585.0,1959.0,1959.0,70.0,81.0,-11.0,0.041347627,0.035732515,-0.0056151096,2000s,0.0284,0.023,Brain Drain
ETH,2010,89237791.0,2340.0,2340.0,87.0,72.0,15.0,0.03076923,0.03717949,0.0064102565,2010s,0.0286,0.026,Brain Gain
ETH,2011,91817929.0,2836.0,2836.0,103.0,84.0,19.0,0.029619182,0.03631876,0.006699577,2010s,0.0289,0.031,Brain Gain
ETH,2012,94451280.0,3462.0,3462.0,111.0,93.0,18.0,0.026863085,0.032062393,0.0051993066,2010s,0.0287,0.037,Brain Gain
ETH,2013,97084366.0,4076.0,4076.0,111.0,105.0,6.0,0.02576055,0.027232582,0.0014720313,2010s,0.0279,0.042,Brain Gain
ETH,2014,99746766.0,4766.0,4766.0,139.0,138.0,1.0,0.028955098,0.029164918,0.00020981955,2010s,0.0274,0.048,Brain Gain
ETH,2015,102471895.0,5657.0,5657.0,145.0,144.0,1.0,0.025455188,0.02563196,0.00017677214,2010s,0.0273,0.055,Brain Gain
ETH,2016,105293228.0,6852.0,6852.0,220.0,152.0,68.0,0.022183305,0.032107413,0.00992411,2010s,0.0275,0.065,Brain Gain
ETH,2017,108197950.0,8275.0,8275.0,235.0,171.0,64.0,0.020664653,0.028398791,0.007734139,2010s,0.0276,0.076,Brain Gain
ETH,2018,111129438.0,10337.0,10337.0,302.0,211.0,91.0,0.020412112,0.02921544,0.008803328,2010s,0.0271,0.093,Brain Gain
ETH,2019,114120594.0,12695.0,12695.0,340.0,221.0,119.0,0.017408429,0.026782198,0.009373769,2010s,0.0269,0.111,Brain Gain
ETH,2020,117190911.0,14511.0,14511.0,388.0,245.0,143.0,0.016883744,0.026738336,0.009854593,2020s,0.0269,0.124,Brain Gain
ETH,2021,120283026.0,14470.0,14470.0,370.0,280.0,90.0,0.01935038,0.025570145,0.006219765,2020s,0.0264,0.12,Brain Gain
ETH,2022,123379924.0,0.0,0.0,280.0,258.0,22.0,,,,2020s,0.0257,0.0,Brain Gain
ETH,2023,123379924.0,0.0,0.0,181.0,218.0,-37.0,,,,2020s,0.0,0.0,Brain Drain
EUE,2004,,8.0,8.0,0.0,0.0,0.0,0.0,0.0,0.0,2000s,,,Balanced
EUE,2005,,10.0,10.0,2.0,0.0,2.0,0.0,0.2,0.2,2000s,,,Brain Gain
EUE,2017,,1.0,1.0,0.0,0.0,0.0,0.0,0.0,0.0,2010s,,,Balanced
EUE,2020,,14.0,14.0,3.0,0.0,3.0,0.0,0.21428572,0.21428572,2020s,,,Brain Gain
EUE,2021,,9.0,9.0,1.0,6.0,-5.0,0.6666667,0.11111111,-0.5555556,2020s,,,Brain Drain
FIN,1996,5124573.0,13013.0,13013.0,0.0,0.0,0.0,0.0,0.0,0.0,1990s,,2.539,Balanced
FIN,1997,5139835.0,14978.0,14978.0,252.0,238.0,14.0,0.015889972,0.016824676,0.0009347042,1990s,0.003,2.914,Brain Gain
FIN,1998,5153498.0,16926.0,16926.0,281.0,304.0,-23.0,0.017960533,0.016601678,-0.0013588562,1990s,0.0027,3.284,Brain Drain
FIN,1999,5165474.0,18426.0,18426.0,322.0,315.0,7.0,0.01709541,0.017475307,0.00037989797,1990s,0.0023,3.567,Brain Gain
FIN,2000,5176209.0,19579.0,19579.0,341.0,386.0,-45.0,0.019715,0.01741662,-0.002298381,2000s,0.0021,3.782,Brain Drain
FIN,2001,5188008.0,20662.0,20662.0,427.0,423.0,4.0,0.020472365,0.020665957,0.0001935921,2000s,0.0023,3.983,Brain Gain
FIN,2002,5200598.0,21662.0,21662.0,463.0,463.0,0.0,0.021373834,0.021373834,0.0,2000s,0.0024,4.165,Balanced
FIN,2003,5213014.0,22658.0,22658.0,434.0,437.0,-3.0,0.019286785,0.019154383,-0.00013240357,2000s,0.0024,4.346,Brain Drain
FIN,2004,5228172.0,23654.0,23654.0,361.0,354.0,7.0,0.014965756,0.015261689,0.00029593304,2000s,0.0029,4.524,Brain Gain
FIN,2005,5246096.0,24592.0,24592.0,336.0,345.0,-9.0,0.014028952,0.01366298,-0.00036597266,2000s,0.0034,4.688,Brain Drain
FIN,2006,5266268.0,25633.0,25633.0,346.0,360.0,-14.0,0.014044396,0.013498225,-0.0005461709,2000s,0.0038,4.867,Brain Drain
FIN,2007,5288720.0,26625.0,26625.0,353.0,351.0,2.0,0.013183098,0.013258216,7.511737e-05,2000s,0.0043,5.034,Brain Gain
FIN,2008,5313399.0,27545.0,27545.0,391.0,425.0,-34.0,0.015429297,0.014194953,-0.0012343439,2000s,0.0047,5.184,Brain Drain
FIN,2009,5338871.0,28485.0,28485.0,390.0,442.0,-52.0,0.015516939,0.013691417,-0.0018255222,2000s,0.0048,5.335,Brain Drain
FIN,2010,5363352.0,29355.0,29355.0,477.0,501.0,-24.0,0.017066939,0.01624936,-0.00081757794,2010s,0.0046,5.473,Brain Drain
FIN,2011,5388272.0,30260.0,30260.0,482.0,531.0,-49.0,0.017547918,0.015928619,-0.0016192994,2010s,0.0046,5.616,Brain Drain
FIN,2012,5413971.0,31407.0,31407.0,558.0,524.0,34.0,0.016684178,0.01776674,0.0010825612,2010s,0.0048,5.801,Brain Gain
FIN,2013,5438972.0,32610.0,32610.0,573.0,523.0,50.0,0.016038025,0.017571297,0.001533272,2010s,0.0046,5.996,Brain Gain
FIN,2014,5461512.0,33462.0,33462.0,604.0,579.0,25.0,0.01730321,0.018050326,0.0007471161,2010s,0.0041,6.127,Brain Gain
FIN,2015,5479531.0,34255.0,34255.0,647.0,662.0,-15.0,0.019325646,0.018887755,-0.00043789227,2010s,0.0033,6.251,Brain Drain
FIN,2016,5495303.0,35013.0,35013.0,660.0,781.0,-121.0,0.022306,0.018850142,-0.0034558591,2010s,0.0029,6.371,Brain Drain
FIN,2017,5508214.0,35573.0,35573.0,683.0,774.0,-91.0,0.021758076,0.019199954,-0.0025581198,2010s,0.0023,6.458,Brain Drain
FIN,2018,5515525.0,36236.0,36236.0,769.0,804.0,-35.0,0.02218788,0.02122199,-0.0009658903,2010s,0.0013,6.57,Brain Drain
FIN,2019,5521606.0,36741.0,36741.0,884.0,732.0,152.0,0.019923247,0.024060315,0.0041370676,2010s,0.0011,6.654,Brain Gain
FIN,2020,5529543.0,36508.0,36508.0,896.0,769.0,127.0,0.021063877,0.024542566,0.0034786896,2020s,0.0014,6.602,Brain Gain
FIN,2021,5541017.0,35159.0,35159.0,907.0,744.0,163.0,0.02116101,0.025797093,0.004636082,2020s,0.0021,6.345,Brain Gain
FIN,2022,5556106.0,0.0,0.0,868.0,627.0,241.0,,,,2020s,0.0027,0.0,Brain Gain
FIN,2023,5556106.0,0.0,0.0,516.0,460.0,56.0,,,,2020s,0.0,0.0,Brain Gain
FJI,1996,796538.0,44.0,44.0,0.0,0.0,0.0,0.0,0.0,0.0,1990s,,0.055,Balanced
FJI,1997,804572.0,63.0,63.0,4.0,2.0,2.0,0.031746034,0.06349207,0.031746034,1990s,0.0101,0.078,Brain Gain
FJI,1998,813947.0,80.0,80.0,5.0,3.0,2.0,0.0375,0.0625,0.025,1990s,0.0117,0.098,Brain Gain
FJI,1999,823422.0,96.0,96.0,6.0,5.0,1.0,0.052083332,0.0625,0.010416667,1990s,0.0116,0.117,Brain Gain
FJI,2000,832509.0,119.0,119.0,7.0,5.0,2.0,0.042016808,0.05882353,0.016806724,2000s,0.011,0.143,Brain Gain
FJI,2001,841320.0,124.0,124.0,9.0,10.0,-1.0,0.08064516,0.07258064,-0.008064516,2000s,0.0106,0.147,Brain Drain
FJI,2002,849891.0,137.0,137.0,5.0,12.0,-7.0,0.08759124,0.03649635,-0.05109489,2000s,0.0102,0.161,Brain Drain
FJI,2003,858306.0,153.0,153.0,20.0,15.0,5.0,0.09803922,0.13071896,0.03267974,2000s,0.0099,0.178,Brain Gain
FJI,2004,866694.0,183.0,183.0,17.0,13.0,4.0,0.07103825,0.09289618,0.021857923,2000s,0.0098,0.211,Brain Gain
FJI,2005,874923.0,206.0,206.0,14.0,14.0,0.0,0.067961164,0.067961164,0.0,2000s,0.0095,0.235,Balanced
FJI,2006,883083.0,230.0,230.0,16.0,8.0,8.0,0.034782607,0.069565214,0.034782607,2000s,0.0093,0.26,Brain Gain
FJI,2007,890648.0,229.0,229.0,11.0,21.0,-10.0,0.09170306,0.048034936,-0.04366812,2000s,0.0086,0.257,Brain Drain
FJI,2008,896731.0,234.0,234.0,13.0,23.0,-10.0,0.0982906,0.055555556,-0.042735044,2000s,0.0068,0.261,Brain Drain
FJI,2009,901383.0,229.0,229.0,11.0,21.0,-10.0,0.09170306,0.048034936,-0.04366812,2000s,0.0052,0.254,Brain Drain
FJI,2010,905169.0,244.0,244.0,18.0,20.0,-2.0,0.08196721,0.07377049,-0.008196721,2010s,0.0042,0.27,Brain Drain
FJI,2011,908355.0,264.0,264.0,22.0,16.0,6.0,0.060606062,0.083333336,0.022727273,2010s,0.0035,0.291,Brain Gain
FJI,2012,911059.0,289.0,289.0,22.0,25.0,-3.0,0.08650519,0.076124564,-0.010380623,2010s,0.003,0.317,Brain Drain
FJI,2013,913453.0,309.0,309.0,21.0,19.0,2.0,0.061488673,0.067961164,0.006472492,2010s,0.0026,0.338,Brain Gain
FJI,2014,915560.0,370.0,370.0,32.0,26.0,6.0,0.07027027,0.08648649,0.016216217,2010s,0.0023,0.404,Brain Gain
FJI,2015,917200.0,405.0,405.0,36.0,25.0,11.0,0.061728396,0.08888889,0.027160494,2010s,0.0018,0.442,Brain Gain
FJI,2016,918371.0,443.0,443.0,36.0,24.0,12.0,0.054176074,0.08126411,0.027088037,2010s,0.0013,0.482,Brain Gain
FJI,2017,919019.0,496.0,496.0,41.0,25.0,16.0,0.050403226,0.08266129,0.032258064,2010s,0.0007,0.54,Brain Gain
FJI,2018,918996.0,551.0,551.0,35.0,34.0,1.0,0.061705988,0.06352087,0.001814882,2010s,-0.0,0.6,Brain Gain
FJI,2019,918465.0,596.0,596.0,39.0,32.0,7.0,0.053691275,0.065436244,0.011744967,2010s,-0.0006,0.649,Brain Gain
FJI,2020,920422.0,604.0,604.0,39.0,36.0,3.0,0.059602648,0.06456953,0.0049668876,2020s,0.0021,0.656,Brain Gain
FJI,2021,924610.0,584.0,584.0,28.0,38.0,-10.0,0.06506849,0.047945205,-0.017123288,2020s,0.0046,0.632,Brain Drain
FJI,2022,929766.0,0.0,0.0,22.0,27.0,-5.0,,,,2020s,0.0056,0.0,Brain Drain
FJI,2023,929766.0,,,,,,,,,2020s,0.0,,Unknown
FLK,1997,,8.0,8.0,2.0,0.0,2.0,0.0,0.25,0.25,1990s,,,Brain Gain
FLK,1998,,10.0,10.0,2.0,2.0,0.0,0.2,0.2,0.0,1990s,,,Balanced
FLK,1999,,12.0,12.0,1.0,1.0,0.0,0.083333336,0.083333336,0.0,1990s,,,Balanced
FLK,2000,,12.0,12.0,3.0,4.0,-1.0,0.33333334,0.25,-0.083333336,2000s,,,Brain Drain
FLK,2001,,16.0,16.0,4.0,1.0,3.0,0.0625,0.25,0.1875,2000s,,,Brain Gain
FLK,2002,,21.0,21.0,5.0,4.0,1.0,0.1904762,0.23809524,0.04761905,2000s,,,Brain Gain
FLK,2003,,25.0,25.0,4.0,1.0,3.0,0.04,0.16,0.12,2000s,,,Brain Gain
FLK,2004,,28.0,28.0,3.0,2.0,1.0,0.071428575,0.10714286,0.035714287,2000s,,,Brain Gain
FLK,2005,,31.0,31.0,4.0,1.0,3.0,0.032258064,0.12903225,0.09677419,2000s,,,Brain Gain
FLK,2006,,27.0,27.0,4.0,6.0,-2.0,0.22222222,0.14814815,-0.074074075,2000s,,,Brain Drain
FLK,2007,,26.0,26.0,3.0,3.0,0.0,0.115384616,0.115384616,0.0,2000s,,,Balanced
FLK,2008,,26.0,26.0,2.0,5.0,-3.0,0.1923077,0.07692308,-0.115384616,2000s,,,Brain Drain
FLK,2009,,22.0,22.0,1.0,3.0,-2.0,0.13636364,0.045454547,-0.09090909,2000s,,,Brain Drain
FLK,2010,,23.0,23.0,2.0,5.0,-3.0,0.2173913,0.08695652,-0.13043478,2010s,,,Brain Drain
FLK,2012,,25.0,25.0,3.0,1.0,2.0,0.04,0.12,0.08,2010s,,,Brain Gain
FLK,2013,,28.0,28.0,2.0,3.0,-1.0,0.10714286,0.071428575,-0.035714287,2010s,,,Brain Drain
FLK,2014,,28.0,28.0,3.0,2.0,1.0,0.071428575,0.10714286,0.035714287,2010s,,,Brain Gain
FLK,2015,,33.0,33.0,5.0,2.0,3.0,0.060606062,0.15151516,0.09090909,2010s,,,Brain Gain
FLK,2016,,32.0,32.0,4.0,6.0,-2.0,0.1875,0.125,-0.0625,2010s,,,Brain Drain
FLK,2017,,33.0,33.0,6.0,4.0,2.0,0.121212125,0.18181819,0.060606062,2010s,,,Brain Gain
FLK,2018,,29.0,29.0,3.0,4.0,-1.0,0.13793103,0.10344828,-0.03448276,2010s,,,Brain Drain
FLK,2020,,38.0,38.0,6.0,2.0,4.0,0.05263158,0.15789473,0.10526316,2020s,,,Brain Gain
FLK,2021,,38.0,38.0,6.0,5.0,1.0,0.13157895,0.15789473,0.02631579,2020s,,,Brain Gain
FLK,2022,,0.0,0.0,3.0,9.0,-6.0,,,,2020s,,,Brain Drain
FRA,1996,59756533.0,103986.0,103986.0,0.0,0.0,0.0,0.0,0.0,0.0,1990s,,1.74,Balanced
FRA,1997,59969944.0,117849.0,117849.0,2180.0,2377.0,-197.0,0.020169878,0.018498247,-0.0016716307,1990s,0.0036,1.965,Brain Drain
FRA,1998,60192790.0,130193.0,130193.0,2521.0,2980.0,-459.0,0.022889096,0.01936356,-0.003525535,1990s,0.0037,2.163,Brain Drain
FRA,1999,60504420.0,139276.0,139276.0,2722.0,3398.0,-676.0,0.024397599,0.019543927,-0.004853672,1990s,0.0052,2.302,Brain Drain
FRA,2000,60921384.0,145804.0,145804.0,3076.0,3700.0,-624.0,0.025376532,0.021096814,-0.004279718,2000s,0.0069,2.393,Brain Drain
FRA,2001,61367388.0,150619.0,150619.0,3475.0,4060.0,-585.0,0.026955431,0.023071459,-0.003883972,2000s,0.0073,2.454,Brain Drain
FRA,2002,61816234.0,155454.0,155454.0,3713.0,4343.0,-630.0,0.027937524,0.02388488,-0.004052646,2000s,0.0073,2.515,Brain Drain
FRA,2003,62256970.0,160362.0,160362.0,3668.0,4175.0,-507.0,0.026034847,0.022873249,-0.0031615968,2000s,0.0071,2.576,Brain Drain
FRA,2004,62716306.0,165583.0,165583.0,3128.0,3730.0,-602.0,0.022526467,0.018890828,-0.0036356389,2000s,0.0074,2.64,Brain Drain
FRA,2005,63188395.0,170794.0,170794.0,3277.0,3846.0,-569.0,0.022518355,0.019186856,-0.0033314987,2000s,0.0075,2.703,Brain Drain
FRA,2006,63628261.0,177593.0,177593.0,3525.0,4041.0,-516.0,0.022754274,0.019848755,-0.00290552,2000s,0.007,2.791,Brain Drain
FRA,2007,64021737.0,184835.0,184835.0,3809.0,4351.0,-542.0,0.023539914,0.020607568,-0.002932345,2000s,0.0062,2.887,Brain Drain
FRA,2008,64379696.0,192535.0,192535.0,4171.0,4538.0,-367.0,0.02356974,0.021663593,-0.0019061469,2000s,0.0056,2.991,Brain Drain
FRA,2009,64710879.0,199865.0,199865.0,4354.0,4704.0,-350.0,0.023535887,0.021784704,-0.001751182,2000s,0.0051,3.089,Brain Drain
FRA,2010,65030575.0,207123.0,207123.0,4717.0,5053.0,-336.0,0.024396133,0.022773907,-0.0016222245,2010s,0.0049,3.185,Brain Drain
FRA,2011,65345233.0,213982.0,213982.0,4897.0,5403.0,-506.0,0.025249787,0.022885103,-0.0023646848,2010s,0.0048,3.275,Brain Drain
FRA,2012,65662240.0,221536.0,221536.0,4862.0,5636.0,-774.0,0.02544056,0.021946771,-0.003493789,2010s,0.0049,3.374,Brain Drain
FRA,2013,66002289.0,228488.0,228488.0,4917.0,5770.0,-853.0,0.025252968,0.02151973,-0.0037332377,2010s,0.0052,3.462,Brain Drain
FRA,2014,66312067.0,234696.0,234696.0,5329.0,6063.0,-734.0,0.025833419,0.022705968,-0.00312745,2010s,0.0047,3.539,Brain Drain
FRA,2015,66548272.0,240084.0,240084.0,5393.0,6276.0,-883.0,0.02614085,0.022462972,-0.0036778795,2010s,0.0036,3.608,Brain Drain
FRA,2016,66724104.0,243979.0,243979.0,5605.0,6537.0,-932.0,0.02679329,0.022973288,-0.003820001,2010s,0.0026,3.657,Brain Drain
FRA,2017,66918020.0,246268.0,246268.0,5516.0,6582.0,-1066.0,0.02672698,0.022398362,-0.004328618,2010s,0.0029,3.68,Brain Drain
FRA,2018,67158348.0,248621.0,248621.0,5618.0,6885.0,-1267.0,0.027692754,0.022596642,-0.00509611,2010s,0.0036,3.702,Brain Drain
FRA,2019,67388001.0,249039.0,249039.0,5582.0,6781.0,-1199.0,0.027228666,0.02241416,-0.004814507,2010s,0.0034,3.696,Brain Drain
FRA,2020,67571107.0,244313.0,244313.0,5630.0,6513.0,-883.0,0.026658425,0.02304421,-0.003614216,2020s,0.0027,3.616,Brain Drain
FRA,2021,67764304.0,232315.0,232315.0,5518.0,6190.0,-672.0,0.026644858,0.023752233,-0.0028926244,2020s,0.0029,3.428,Brain Drain
FRA,2022,67971311.0,0.0,0.0,4766.0,4810.0,-44.0,,,,2020s,0.0031,0.0,Brain Drain
FRA,2023,67971311.0,0.0,0.0,2817.0,2891.0,-74.0,,,,2020s,0.0,0.0,Brain Drain
FRO,1996,44138.0,10.0,10.0,0.0,0.0,0.0,0.0,0.0,0.0,1990s,,0.227,Balanced
FRO,1997,44495.0,10.0,10.0,0.0,1.0,-1.0,0.1,0.0,-0.1,1990s,0.0081,0.225,Brain Drain
FRO,1998,44865.0,12.0,12.0,2.0,1.0,1.0,0.083333336,0.16666667,0.083333336,1990s,0.0083,0.267,Brain Gain
FRO,1999,45203.0,14.0,14.0,1.0,0.0,1.0,0.0,0.071428575,0.071428575,1990s,0.0075,0.31,Brain Gain
FRO,2000,45660.0,16.0,16.0,1.0,2.0,-1.0,0.125,0.0625,-0.0625,2000s,0.0101,0.35,Brain Drain
FRO,2001,46245.0,19.0,19.0,1.0,1.0,0.0,0.05263158,0.05263158,0.0,2000s,0.0128,0.411,Balanced
FRO,2002,46813.0,23.0,23.0,2.0,0.0,2.0,0.0,0.08695652,0.08695652,2000s,0.0123,0.491,Brain Gain
FRO,2003,47392.0,30.0,30.0,6.0,2.0,4.0,0.06666667,0.2,0.13333334,2000s,0.0124,0.633,Brain Gain
FRO,2004,47989.0,36.0,36.0,3.0,0.0,3.0,0.0,0.083333336,0.083333336,2000s,0.0126,0.75,Brain Gain
FRO,2005,48291.0,40.0,40.0,2.0,1.0,1.0,0.025,0.05,0.025,2000s,0.0063,0.828,Brain Gain
FRO,2006,48313.0,39.0,39.0,1.0,3.0,-2.0,0.07692308,0.025641026,-0.051282052,2000s,0.0005,0.807,Brain Drain
FRO,2007,48361.0,42.0,42.0,2.0,1.0,1.0,0.023809524,0.04761905,0.023809524,2000s,0.001,0.868,Brain Gain
FRO,2008,48411.0,52.0,52.0,5.0,4.0,1.0,0.07692308,0.09615385,0.01923077,2000s,0.001,1.074,Brain Gain
FRO,2009,48429.0,57.0,57.0,5.0,3.0,2.0,0.05263158,0.0877193,0.03508772,2000s,0.0004,1.177,Brain Gain
FRO,2010,48410.0,66.0,66.0,6.0,4.0,2.0,0.060606062,0.09090909,0.030303031,2010s,-0.0004,1.363,Brain Gain
FRO,2011,48386.0,69.0,69.0,3.0,2.0,1.0,0.028985508,0.04347826,0.014492754,2010s,-0.0005,1.426,Brain Gain
FRO,2012,48392.0,77.0,77.0,5.0,2.0,3.0,0.025974026,0.064935066,0.038961038,2010s,0.0001,1.591,Brain Gain
FRO,2013,48418.0,80.0,80.0,5.0,3.0,2.0,0.0375,0.0625,0.025,2010s,0.0005,1.652,Brain Gain
FRO,2014,48465.0,90.0,90.0,4.0,1.0,3.0,0.011111111,0.044444446,0.033333335,2010s,0.001,1.857,Brain Gain
FRO,2015,48816.0,104.0,104.0,10.0,5.0,5.0,0.048076924,0.09615385,0.048076924,2010s,0.0072,2.13,Brain Gain
FRO,2016,49500.0,105.0,105.0,5.0,3.0,2.0,0.028571429,0.04761905,0.01904762,2010s,0.014,2.121,Brain Gain
FRO,2017,50230.0,119.0,119.0,3.0,3.0,0.0,0.025210084,0.025210084,0.0,2010s,0.0147,2.369,Balanced
FRO,2018,50955.0,130.0,130.0,10.0,5.0,5.0,0.03846154,0.07692308,0.03846154,2010s,0.0144,2.551,Brain Gain
FRO,2019,51681.0,134.0,134.0,9.0,7.0,2.0,0.052238807,0.06716418,0.014925373,2010s,0.0142,2.593,Brain Gain
FRO,2020,52415.0,151.0,151.0,16.0,6.0,10.0,0.0397351,0.105960265,0.06622516,2020s,0.0142,2.881,Brain Gain
FRO,2021,52889.0,150.0,150.0,11.0,4.0,7.0,0.026666667,0.07333333,0.046666667,2020s,0.009,2.836,Brain Gain
FRO,2022,53090.0,0.0,0.0,7.0,9.0,-2.0,,,,2020s,0.0038,0.0,Brain Drain
FRO,2023,53090.0,,,,,,,,,2020s,0.0,,Unknown
FSM,1996,110785.0,5.0,5.0,0.0,0.0,0.0,0.0,0.0,0.0,1990s,,0.045,Balanced
FSM,1997,111133.0,7.0,7.0,1.0,0.0,1.0,0.0,0.14285715,0.14285715,1990s,0.0031,0.063,Brain Gain
FSM,1998,111406.0,10.0,10.0,0.0,0.0,0.0,0.0,0.0,0.0,1990s,0.0025,0.09,Balanced
FSM,1999,111539.0,11.0,11.0,2.0,2.0,0.0,0.18181819,0.18181819,0.0,1990s,0.0012,0.099,Balanced
FSM,2000,111709.0,7.0,7.0,0.0,3.0,-3.0,0.42857143,0.0,-0.42857143,2000s,0.0015,0.063,Brain Drain
FSM,2001,111948.0,10.0,10.0,0.0,2.0,-2.0,0.2,0.0,-0.2,2000s,0.0021,0.089,Brain Drain
FSM,2002,111992.0,,,,,,,,,2000s,0.0004,,Unknown
FSM,2003,111805.0,21.0,21.0,2.0,1.0,1.0,0.04761905,0.0952381,0.04761905,2000s,-0.0017,0.188,Brain Gain
FSM,2004,111438.0,23.0,23.0,4.0,3.0,1.0,0.13043478,0.17391305,0.04347826,2000s,-0.0033,0.206,Brain Gain
FSM,2005,110940.0,25.0,25.0,0.0,1.0,-1.0,0.04,0.0,-0.04,2000s,-0.0045,0.225,Brain Drain
FSM,2006,110301.0,27.0,27.0,0.0,0.0,0.0,0.0,0.0,0.0,2000s,-0.0058,0.245,Balanced
FSM,2007,109532.0,34.0,34.0,4.0,0.0,4.0,0.0,0.11764706,0.11764706,2000s,-0.007,0.31,Brain Gain
FSM,2008,108704.0,36.0,36.0,2.0,0.0,2.0,0.0,0.055555556,0.055555556,2000s,-0.0076,0.331,Brain Gain
FSM,2009,107868.0,33.0,33.0,0.0,3.0,-3.0,0.09090909,0.0,-0.09090909,2000s,-0.0077,0.306,Brain Drain
FSM,2010,107588.0,32.0,32.0,0.0,0.0,0.0,0.0,0.0,0.0,2010s,-0.0026,0.297,Balanced
FSM,2011,107887.0,37.0,37.0,2.0,2.0,0.0,0.054054055,0.054054055,0.0,2010s,0.0028,0.343,Balanced
FSM,2012,108232.0,31.0,31.0,0.0,0.0,0.0,0.0,0.0,0.0,2010s,0.0032,0.286,Balanced
FSM,2013,108609.0,36.0,36.0,2.0,3.0,-1.0,0.083333336,0.055555556,-0.027777778,2010s,0.0035,0.331,Brain Drain
FSM,2014,109024.0,38.0,38.0,4.0,4.0,0.0,0.10526316,0.10526316,0.0,2010s,0.0038,0.349,Balanced
FSM,2015,109462.0,41.0,41.0,3.0,2.0,1.0,0.048780486,0.07317073,0.024390243,2010s,0.004,0.375,Brain Gain
FSM,2016,109925.0,47.0,47.0,5.0,0.0,5.0,0.0,0.10638298,0.10638298,2010s,0.0042,0.428,Brain Gain
FSM,2017,110430.0,43.0,43.0,2.0,3.0,-1.0,0.069767445,0.046511628,-0.023255814,2010s,0.0046,0.389,Brain Drain
FSM,2018,110929.0,42.0,42.0,2.0,1.0,1.0,0.023809524,0.04761905,0.023809524,2010s,0.0045,0.379,Brain Gain
FSM,2019,111379.0,,,,,,,,,2010s,0.0041,,Unknown
FSM,2020,112106.0,33.0,33.0,1.0,0.0,1.0,0.0,0.030303031,0.030303031,2020s,0.0065,0.294,Brain Gain
FSM,2021,113131.0,,,,,,,,,2020s,0.0091,,Unknown
FSM,2022,114164.0,0.0,0.0,0.0,3.0,-3.0,,,,2020s,0.0091,0.0,Brain Drain
FSM,2023,114164.0,,,,,,,,,2020s,0.0,,Unknown
GAB,1996,1150601.0,103.0,103.0,0.0,0.0,0.0,0.0,0.0,0.0,1990s,,0.09,Balanced
GAB,1997,1179806.0,117.0,117.0,4.0,7.0,-3.0,0.05982906,0.034188036,-0.025641026,1990s,0.0254,0.099,Brain Drain
GAB,1998,1209832.0,135.0,135.0,11.0,9.0,2.0,0.06666667,0.08148148,0.014814815,1990s,0.0254,0.112,Brain Gain
GAB,1999,1240764.0,138.0,138.0,7.0,12.0,-5.0,0.08695652,0.050724637,-0.036231883,1990s,0.0256,0.111,Brain Drain
GAB,2000,1272935.0,140.0,140.0,7.0,12.0,-5.0,0.08571429,0.05,-0.035714287,2000s,0.0259,0.11,Brain Drain
GAB,2001,1306590.0,144.0,144.0,13.0,15.0,-2.0,0.104166664,0.090277776,-0.013888889,2000s,0.0264,0.11,Brain Drain
GAB,2002,1341696.0,164.0,164.0,14.0,12.0,2.0,0.07317073,0.085365854,0.0121951215,2000s,0.0269,0.122,Brain Gain
GAB,2003,1378398.0,171.0,171.0,5.0,15.0,-10.0,0.0877193,0.029239766,-0.058479533,2000s,0.0274,0.124,Brain Drain
GAB,2004,1417110.0,200.0,200.0,18.0,6.0,12.0,0.03,0.09,0.06,2000s,0.0281,0.141,Brain Gain
GAB,2005,1458353.0,234.0,234.0,19.0,10.0,9.0,0.042735044,0.081196584,0.03846154,2000s,0.0291,0.16,Brain Gain
GAB,2006,1502534.0,243.0,243.0,22.0,13.0,9.0,0.053497944,0.09053498,0.037037037,2000s,0.0303,0.162,Brain Gain
GAB,2007,1549774.0,264.0,264.0,20.0,22.0,-2.0,0.083333336,0.07575758,-0.007575758,2000s,0.0314,0.17,Brain Drain
GAB,2008,1599978.0,286.0,286.0,22.0,14.0,8.0,0.04895105,0.07692308,0.027972028,2000s,0.0324,0.179,Brain Gain
GAB,2009,1653542.0,318.0,318.0,31.0,21.0,10.0,0.06603774,0.097484276,0.031446543,2000s,0.0335,0.192,Brain Gain
GAB,2010,1711105.0,328.0,328.0,10.0,18.0,-8.0,0.05487805,0.030487806,-0.024390243,2010s,0.0348,0.192,Brain Drain
GAB,2011,1772500.0,360.0,360.0,25.0,19.0,6.0,0.05277778,0.06944445,0.016666668,2010s,0.0359,0.203,Brain Gain
GAB,2012,1836705.0,370.0,370.0,20.0,25.0,-5.0,0.067567565,0.054054055,-0.013513514,2010s,0.0362,0.201,Brain Drain
GAB,2013,1902226.0,411.0,411.0,14.0,18.0,-4.0,0.04379562,0.03406326,-0.00973236,2010s,0.0357,0.216,Brain Drain
GAB,2014,1966855.0,416.0,416.0,23.0,20.0,3.0,0.048076924,0.05528846,0.0072115385,2010s,0.034,0.212,Brain Gain
GAB,2015,2028517.0,446.0,446.0,32.0,29.0,3.0,0.065022424,0.07174888,0.0067264573,2010s,0.0314,0.22,Brain Gain
GAB,2016,2086206.0,480.0,480.0,30.0,35.0,-5.0,0.072916664,0.0625,-0.010416667,2010s,0.0284,0.23,Brain Drain
GAB,2017,2140215.0,515.0,515.0,35.0,21.0,14.0,0.0407767,0.067961164,0.027184466,2010s,0.0259,0.241,Brain Gain
GAB,2018,2192012.0,526.0,526.0,36.0,19.0,17.0,0.036121674,0.06844106,0.032319393,2010s,0.0242,0.24,Brain Gain
GAB,2019,2242785.0,581.0,581.0,46.0,29.0,17.0,0.049913943,0.07917384,0.029259896,2010s,0.0232,0.259,Brain Gain
GAB,2020,2292573.0,600.0,600.0,32.0,31.0,1.0,0.051666666,0.053333335,0.0016666667,2020s,0.0222,0.262,Brain Gain
GAB,2021,2341179.0,593.0,593.0,26.0,23.0,3.0,0.038785834,0.043844856,0.005059022,2020s,0.0212,0.253,Brain Gain
GAB,2022,2388992.0,0.0,0.0,32.0,18.0,14.0,,,,2020s,0.0204,0.0,Brain Gain
GAB,2023,2388992.0,,,,,,,,,2020s,0.0,,Unknown
GBR,1996,58166950.0,124601.0,124601.0,0.0,0.0,0.0,0.0,0.0,0.0,1990s,,2.142,Balanced
GBR,1997,58316954.0,143613.0,143613.0,3322.0,3597.0,-275.0,0.025046479,0.02313161,-0.0019148685,1990s,0.0026,2.463,Brain Drain
GBR,1998,58487141.0,162310.0,162310.0,4075.0,4379.0,-304.0,0.026979238,0.025106277,-0.0018729592,1990s,0.0029,2.775,Brain Drain
GBR,1999,58682466.0,174757.0,174757.0,4575.0,4889.0,-314.0,0.02797599,0.02617921,-0.0017967806,1990s,0.0033,2.978,Brain Drain
GBR,2000,58892514.0,184504.0,184504.0,5244.0,5358.0,-114.0,0.02904002,0.028422149,-0.0006178728,2000s,0.0036,3.133,Brain Drain
GBR,2001,59119673.0,191548.0,191548.0,5894.0,6435.0,-541.0,0.033594713,0.030770356,-0.0028243572,2000s,0.0039,3.24,Brain Drain
GBR,2002,59370479.0,198706.0,198706.0,6166.0,6893.0,-727.0,0.03468944,0.031030769,-0.0036586716,2000s,0.0042,3.347,Brain Drain
GBR,2003,59647577.0,204138.0,204138.0,5785.0,6979.0,-1194.0,0.034187656,0.028338673,-0.0058489847,2000s,0.0047,3.422,Brain Drain
GBR,2004,59987905.0,211447.0,211447.0,5200.0,6109.0,-909.0,0.028891401,0.024592452,-0.0042989496,2000s,0.0057,3.525,Brain Drain
GBR,2005,60401206.0,219720.0,219720.0,5484.0,6016.0,-532.0,0.027380303,0.024959039,-0.0024212634,2000s,0.0069,3.638,Brain Drain
GBR,2006,60846820.0,228431.0,228431.0,5909.0,6125.0,-216.0,0.026813349,0.025867768,-0.00094558095,2000s,0.0074,3.754,Brain Drain
GBR,2007,61322463.0,238094.0,238094.0,6331.0,6364.0,-33.0,0.02672894,0.026590338,-0.00013860072,2000s,0.0078,3.883,Brain Drain
GBR,2008,61806995.0,247231.0,247231.0,6851.0,6908.0,-57.0,0.02794148,0.027710926,-0.00023055362,2000s,0.0079,4.0,Brain Drain
GBR,2009,62276270.0,256178.0,256178.0,6885.0,7321.0,-436.0,0.028577786,0.026875844,-0.0017019416,2000s,0.0076,4.114,Brain Drain
GBR,2010,62766365.0,264744.0,264744.0,7245.0,8221.0,-976.0,0.03105264,0.027366059,-0.0036865803,2010s,0.0079,4.218,Brain Drain
GBR,2011,63258810.0,274555.0,274555.0,7398.0,8648.0,-1250.0,0.031498242,0.026945421,-0.0045528216,2010s,0.0078,4.34,Brain Drain
GBR,2012,63700215.0,283496.0,283496.0,7546.0,8999.0,-1453.0,0.031742953,0.02661766,-0.0051252926,2010s,0.007,4.45,Brain Drain
GBR,2013,64128273.0,293037.0,293037.0,8048.0,9310.0,-1262.0,0.031770732,0.027464109,-0.0043066232,2010s,0.0067,4.57,Brain Drain
GBR,2014,64602298.0,304347.0,304347.0,9020.0,9476.0,-456.0,0.031135513,0.029637223,-0.0014982898,2010s,0.0074,4.711,Brain Drain
GBR,2015,65116219.0,313354.0,313354.0,9495.0,9678.0,-183.0,0.030885197,0.030301193,-0.00058400404,2010s,0.008,4.812,Brain Drain
GBR,2016,65611593.0,322952.0,322952.0,10342.0,9766.0,576.0,0.030239789,0.032023333,0.0017835468,2010s,0.0076,4.922,Brain Gain
GBR,2017,66058859.0,332244.0,332244.0,10439.0,10465.0,-26.0,0.031497937,0.03141968,-7.825574e-05,2010s,0.0068,5.03,Brain Drain
GBR,2018,66460344.0,341374.0,341374.0,10598.0,11466.0,-868.0,0.033587795,0.03104513,-0.002542666,2010s,0.0061,5.137,Brain Drain
GBR,2019,66836327.0,348323.0,348323.0,10641.0,11978.0,-1337.0,0.034387622,0.030549232,-0.0038383913,2010s,0.0057,5.212,Brain Drain
GBR,2020,67081234.0,344091.0,344091.0,10881.0,12387.0,-1506.0,0.035999198,0.031622447,-0.004376749,2020s,0.0037,5.129,Brain Drain
GBR,2021,67026292.0,327546.0,327546.0,10639.0,11854.0,-1215.0,0.03619034,0.032480933,-0.0037094026,2020s,-0.0008,4.887,Brain Drain
GBR,2022,66971395.0,0.0,0.0,8750.0,10250.0,-1500.0,,,,2020s,-0.0008,0.0,Brain Drain
GBR,2023,66971395.0,0.0,0.0,5577.0,5969.0,-392.0,,,,2020s,0.0,0.0,Brain Drain
GEO,1996,4491699.0,627.0,627.0,0.0,0.0,0.0,0.0,0.0,0.0,1990s,,0.14,Balanced
GEO,1997,4349913.0,792.0,792.0,24.0,30.0,-6.0,0.03787879,0.030303031,-0.007575758,1990s,-0.0316,0.182,Brain Drain
GEO,1998,4243607.0,894.0,894.0,23.0,47.0,-24.0,0.05257271,0.025727069,-0.026845638,1990s,-0.0244,0.211,Brain Drain
GEO,1999,4157192.0,970.0,970.0,48.0,39.0,9.0,0.040206186,0.049484536,0.0092783505,1990s,-0.0204,0.233,Brain Gain
GEO,2000,4077131.0,1000.0,1000.0,57.0,44.0,13.0,0.044,0.057,0.013,2000s,-0.0193,0.245,Brain Gain
GEO,2001,4014373.0,1025.0,1025.0,60.0,75.0,-15.0,0.07317073,0.058536585,-0.014634146,2000s,-0.0154,0.255,Brain Drain
GEO,2002,3978515.0,1023.0,1023.0,56.0,72.0,-16.0,0.07038123,0.054740958,-0.015640274,2000s,-0.0089,0.257,Brain Drain
GEO,2003,3951736.0,1150.0,1150.0,47.0,77.0,-30.0,0.06695652,0.040869564,-0.026086956,2000s,-0.0067,0.291,Brain Drain
GEO,2004,3927340.0,1288.0,1288.0,58.0,57.0,1.0,0.044254657,0.045031056,0.00077639753,2000s,-0.0062,0.328,Brain Gain
GEO,2005,3902469.0,1374.0,1374.0,63.0,41.0,22.0,0.029839883,0.04585153,0.016011644,2000s,-0.0063,0.352,Brain Gain
GEO,2006,3880347.0,1502.0,1502.0,53.0,61.0,-8.0,0.040612515,0.035286285,-0.0053262315,2000s,-0.0057,0.387,Brain Drain
GEO,2007,3860158.0,1634.0,1634.0,65.0,52.0,13.0,0.031823747,0.03977968,0.007955937,2000s,-0.0052,0.423,Brain Gain
GEO,2008,3848449.0,1691.0,1691.0,74.0,52.0,22.0,0.030751035,0.04376109,0.013010053,2000s,-0.003,0.439,Brain Gain
GEO,2009,3814419.0,1760.0,1760.0,80.0,68.0,12.0,0.038636364,0.045454547,0.006818182,2000s,-0.0088,0.461,Brain Gain
GEO,2010,3786695.0,1821.0,1821.0,50.0,78.0,-28.0,0.042833608,0.02745744,-0.015376167,2010s,-0.0073,0.481,Brain Drain
GEO,2011,3756441.0,1873.0,1873.0,72.0,65.0,7.0,0.034703683,0.038441002,0.0037373197,2010s,-0.008,0.499,Brain Gain
GEO,2012,3728874.0,1978.0,1978.0,75.0,61.0,14.0,0.03083923,0.03791709,0.0070778565,2010s,-0.0073,0.53,Brain Gain
GEO,2013,3717668.0,2124.0,2124.0,70.0,71.0,-1.0,0.033427496,0.032956686,-0.00047080978,2010s,-0.003,0.571,Brain Drain
GEO,2014,3719414.0,2304.0,2304.0,111.0,88.0,23.0,0.038194444,0.048177082,0.009982639,2010s,0.0005,0.619,Brain Gain
GEO,2015,3725276.0,2518.0,2518.0,144.0,92.0,52.0,0.036536936,0.057188246,0.02065131,2010s,0.0016,0.676,Brain Gain
GEO,2016,3727505.0,2802.0,2802.0,216.0,100.0,116.0,0.035688795,0.0770878,0.041399002,2010s,0.0006,0.752,Brain Gain
GEO,2017,3728004.0,3029.0,3029.0,243.0,196.0,47.0,0.06470782,0.0802245,0.015516672,2010s,0.0001,0.812,Brain Gain
GEO,2018,3726549.0,3110.0,3110.0,271.0,279.0,-8.0,0.08971061,0.087138265,-0.0025723472,2010s,-0.0004,0.835,Brain Drain
GEO,2019,3720161.0,3143.0,3143.0,294.0,249.0,45.0,0.07922367,0.093541205,0.014317531,2010s,-0.0017,0.845,Brain Gain
GEO,2020,3722716.0,3067.0,3067.0,309.0,325.0,-16.0,0.10596674,0.10074992,-0.0052168244,2020s,0.0007,0.824,Brain Drain
GEO,2021,3708610.0,2962.0,2962.0,249.0,254.0,-5.0,0.08575287,0.08406482,-0.0016880486,2020s,-0.0038,0.799,Brain Drain
GEO,2022,3712502.0,0.0,0.0,218.0,147.0,71.0,,,,2020s,0.001,0.0,Brain Gain
GEO,2023,3712502.0,,,,,,,,,2020s,0.0,,Unknown
GHA,1996,17844010.0,393.0,393.0,0.0,0.0,0.0,0.0,0.0,0.0,1990s,,0.022,Balanced
GHA,1997,18268040.0,460.0,460.0,15.0,16.0,-1.0,0.034782607,0.032608695,-0.002173913,1990s,0.0238,0.025,Brain Drain
GHA,1998,18714708.0,544.0,544.0,32.0,21.0,11.0,0.03860294,0.05882353,0.020220589,1990s,0.0245,0.029,Brain Gain
GHA,1999,19176791.0,575.0,575.0,19.0,36.0,-17.0,0.0626087,0.033043478,-0.029565217,1990s,0.0247,0.03,Brain Drain
GHA,2000,19665502.0,610.0,610.0,24.0,24.0,0.0,0.039344262,0.039344262,0.0,2000s,0.0255,0.031,Balanced
GHA,2001,20195577.0,661.0,661.0,33.0,21.0,12.0,0.031770047,0.04992436,0.018154312,2000s,0.027,0.033,Brain Gain
GHA,2002,20758326.0,727.0,727.0,39.0,39.0,0.0,0.053645115,0.053645115,0.0,2000s,0.0279,0.035,Balanced
GHA,2003,21329514.0,825.0,825.0,44.0,29.0,15.0,0.035151515,0.053333335,0.018181818,2000s,0.0275,0.039,Brain Gain
GHA,2004,21906444.0,936.0,936.0,42.0,21.0,21.0,0.022435898,0.044871796,0.022435898,2000s,0.027,0.043,Brain Gain
GHA,2005,22496951.0,1053.0,1053.0,40.0,31.0,9.0,0.029439695,0.037986703,0.008547009,2000s,0.027,0.047,Brain Gain
GHA,2006,23098586.0,1211.0,1211.0,44.0,39.0,5.0,0.03220479,0.03633361,0.0041288193,2000s,0.0267,0.052,Brain Gain
GHA,2007,23708320.0,1425.0,1425.0,52.0,35.0,17.0,0.024561403,0.036491226,0.011929825,2000s,0.0264,0.06,Brain Gain
GHA,2008,24326087.0,1698.0,1698.0,53.0,38.0,15.0,0.02237927,0.031213192,0.008833922,2000s,0.0261,0.07,Brain Gain
GHA,2009,24950762.0,2009.0,2009.0,56.0,34.0,22.0,0.016923843,0.027874565,0.010950722,2000s,0.0257,0.081,Brain Gain
GHA,2010,25574719.0,2356.0,2356.0,75.0,61.0,14.0,0.025891341,0.031833615,0.005942275,2010s,0.025,0.092,Brain Gain
GHA,2011,26205941.0,2745.0,2745.0,103.0,57.0,46.0,0.020765027,0.03752277,0.016757742,2010s,0.0247,0.105,Brain Gain
GHA,2012,26858762.0,3162.0,3162.0,93.0,64.0,29.0,0.020240353,0.029411765,0.00917141,2010s,0.0249,0.118,Brain Gain
GHA,2013,27525597.0,3622.0,3622.0,95.0,74.0,21.0,0.0204307,0.026228603,0.0057979017,2010s,0.0248,0.132,Brain Gain
GHA,2014,28196358.0,4190.0,4190.0,129.0,96.0,33.0,0.022911694,0.030787589,0.007875895,2010s,0.0244,0.149,Brain Gain
GHA,2015,28870939.0,4760.0,4760.0,163.0,117.0,46.0,0.024579832,0.0342437,0.009663866,2010s,0.0239,0.165,Brain Gain
GHA,2016,29554303.0,5440.0,5440.0,173.0,129.0,44.0,0.023713235,0.03180147,0.008088236,2010s,0.0237,0.184,Brain Gain
GHA,2017,30222262.0,6227.0,6227.0,215.0,180.0,35.0,0.028906375,0.03452706,0.005620684,2010s,0.0226,0.206,Brain Gain
GHA,2018,30870641.0,7087.0,7087.0,202.0,192.0,10.0,0.027091859,0.028502893,0.0014110343,2010s,0.0215,0.23,Brain Gain
GHA,2019,31522290.0,7898.0,7898.0,235.0,218.0,17.0,0.027601924,0.029754369,0.0021524436,2010s,0.0211,0.251,Brain Gain
GHA,2020,32180401.0,8619.0,8619.0,293.0,238.0,55.0,0.027613413,0.033994664,0.006381251,2020s,0.0209,0.268,Brain Gain
GHA,2021,32833031.0,8670.0,8670.0,348.0,253.0,95.0,0.029181084,0.04013841,0.010957324,2020s,0.0203,0.264,Brain Gain
GHA,2022,33475870.0,0.0,0.0,320.0,216.0,104.0,,,,2020s,0.0196,0.0,Brain Gain
GHA,2023,33475870.0,0.0,0.0,169.0,167.0,2.0,,,,2020s,0.0,0.0,Brain Gain
GIB,1996,27491.0,,,,,,,,,1990s,,,Unknown
GIB,1997,27564.0,,,,,,,,,1990s,0.0027,,Unknown
GIB,1998,27636.0,,,,,,,,,1990s,0.0026,,Unknown
GIB,1999,27695.0,1.0,1.0,0.0,0.0,0.0,0.0,0.0,0.0,1990s,0.0021,0.036,Balanced
GIB,2000,27741.0,,,,,,,,,2000s,0.0017,,Unknown
GIB,2001,27721.0,,,,,,,,,2000s,-0.0007,,Unknown
GIB,2002,27892.0,1.0,1.0,0.0,0.0,0.0,0.0,0.0,0.0,2000s,0.0062,0.036,Balanced
GIB,2003,28301.0,,,,,,,,,2000s,0.0147,,Unknown
GIB,2004,28716.0,,,,,,,,,2000s,0.0147,,Unknown
GIB,2005,29155.0,,,,,,,,,2000s,0.0153,,Unknown
GIB,2006,29587.0,13.0,13.0,2.0,0.0,2.0,0.0,0.15384616,0.15384616,2000s,0.0148,0.439,Brain Gain
GIB,2007,29996.0,11.0,11.0,1.0,3.0,-2.0,0.27272728,0.09090909,-0.18181819,2000s,0.0138,0.367,Brain Drain
GIB,2008,30398.0,,,,,,,,,2000s,0.0134,,Unknown
GIB,2009,30819.0,19.0,19.0,1.0,2.0,-1.0,0.10526316,0.05263158,-0.05263158,2000s,0.0138,0.617,Brain Drain
GIB,2010,31262.0,15.0,15.0,1.0,1.0,0.0,0.06666667,0.06666667,0.0,2010s,0.0144,0.48,Balanced
GIB,2011,31701.0,15.0,15.0,0.0,0.0,0.0,0.0,0.0,0.0,2010s,0.014,0.473,Balanced
GIB,2012,32160.0,,,,,,,,,2010s,0.0145,,Unknown
GIB,2013,32411.0,16.0,16.0,0.0,1.0,-1.0,0.0625,0.0,-0.0625,2010s,0.0078,0.494,Brain Drain
GIB,2014,32452.0,21.0,21.0,5.0,0.0,5.0,0.0,0.23809524,0.23809524,2010s,0.0013,0.647,Brain Gain
GIB,2015,32520.0,27.0,27.0,7.0,1.0,6.0,0.037037037,0.25925925,0.22222222,2010s,0.0021,0.83,Brain Gain
GIB,2016,32565.0,30.0,30.0,5.0,2.0,3.0,0.06666667,0.16666667,0.1,2010s,0.0014,0.921,Brain Gain
GIB,2017,32602.0,27.0,27.0,1.0,6.0,-5.0,0.22222222,0.037037037,-0.18518518,2010s,0.0011,0.828,Brain Drain
GIB,2018,32648.0,,,,,,,,,2010s,0.0014,,Unknown
GIB,2019,32685.0,22.0,22.0,2.0,1.0,1.0,0.045454547,0.09090909,0.045454547,2010s,0.0011,0.673,Brain Gain
GIB,2020,32709.0,22.0,22.0,3.0,2.0,1.0,0.09090909,0.13636364,0.045454547,2020s,0.0007,0.673,Brain Gain
GIB,2021,32669.0,25.0,25.0,6.0,2.0,4.0,0.08,0.24,0.16,2020s,-0.0012,0.765,Brain Gain
GIB,2022,32649.0,0.0,0.0,1.0,1.0,0.0,,,,2020s,-0.0006,0.0,Balanced
GIB,2023,32649.0,,,,,,,,,2020s,0.0,,Unknown
GIN,1996,7683115.0,24.0,24.0,0.0,0.0,0.0,0.0,0.0,0.0,1990s,,0.003,Balanced
GIN,1997,7842806.0,26.0,26.0,1.0,4.0,-3.0,0.15384616,0.03846154,-0.115384616,1990s,0.0208,0.003,Brain Drain
GIN,1998,7992545.0,35.0,35.0,3.0,4.0,-1.0,0.114285715,0.08571429,-0.028571429,1990s,0.0191,0.004,Brain Drain
GIN,1999,8174897.0,46.0,46.0,0.0,2.0,-2.0,0.04347826,0.0,-0.04347826,1990s,0.0228,0.006,Brain Drain
GIN,2000,8336967.0,50.0,50.0,3.0,3.0,0.0,0.06,0.06,0.0,2000s,0.0198,0.006,Balanced
GIN,2001,8445717.0,53.0,53.0,4.0,4.0,0.0,0.0754717,0.0754717,0.0,2000s,0.013,0.006,Balanced
GIN,2002,8577790.0,68.0,68.0,4.0,1.0,3.0,0.014705882,0.05882353,0.04411765,2000s,0.0156,0.008,Brain Gain
GIN,2003,8772254.0,79.0,79.0,3.0,0.0,3.0,0.0,0.03797468,0.03797468,2000s,0.0227,0.009,Brain Gain
GIN,2004,8961039.0,93.0,93.0,2.0,1.0,1.0,0.010752688,0.021505376,0.010752688,2000s,0.0215,0.01,Brain Gain
GIN,2005,9140114.0,114.0,114.0,7.0,5.0,2.0,0.04385965,0.06140351,0.01754386,2000s,0.02,0.012,Brain Gain
GIN,2006,9330625.0,120.0,120.0,5.0,3.0,2.0,0.025,0.041666668,0.016666668,2000s,0.0208,0.013,Brain Gain
GIN,2007,9547082.0,132.0,132.0,8.0,6.0,2.0,0.045454547,0.060606062,0.015151516,2000s,0.0232,0.014,Brain Gain
GIN,2008,9779785.0,133.0,133.0,3.0,10.0,-7.0,0.075187966,0.02255639,-0.05263158,2000s,0.0244,0.014,Brain Drain
GIN,2009,10021323.0,135.0,135.0,6.0,6.0,0.0,0.044444446,0.044444446,0.0,2000s,0.0247,0.013,Balanced
GIN,2010,10270728.0,128.0,128.0,6.0,10.0,-4.0,0.078125,0.046875,-0.03125,2010s,0.0249,0.012,Brain Drain
GIN,2011,10527712.0,136.0,136.0,8.0,6.0,2.0,0.04411765,0.05882353,0.014705882,2010s,0.025,0.013,Brain Gain
GIN,2012,10788692.0,166.0,166.0,16.0,12.0,4.0,0.072289154,0.09638554,0.024096385,2010s,0.0248,0.015,Brain Gain
GIN,2013,11055430.0,195.0,195.0,19.0,14.0,5.0,0.071794875,0.0974359,0.025641026,2010s,0.0247,0.018,Brain Gain
GIN,2014,11333365.0,249.0,249.0,21.0,8.0,13.0,0.032128513,0.084337346,0.052208837,2010s,0.0251,0.022,Brain Gain
GIN,2015,11625998.0,287.0,287.0,17.0,17.0,0.0,0.05923345,0.05923345,0.0,2010s,0.0258,0.025,Balanced
GIN,2016,11930985.0,322.0,322.0,30.0,17.0,13.0,0.05279503,0.0931677,0.04037267,2010s,0.0262,0.027,Brain Gain
GIN,2017,12240789.0,357.0,357.0,27.0,29.0,-2.0,0.081232496,0.075630255,-0.005602241,2010s,0.026,0.029,Brain Drain
GIN,2018,12554864.0,390.0,390.0,31.0,33.0,-2.0,0.08461539,0.07948718,-0.0051282053,2010s,0.0257,0.031,Brain Drain
GIN,2019,12877539.0,404.0,404.0,29.0,13.0,16.0,0.03217822,0.07178218,0.03960396,2010s,0.0257,0.031,Brain Gain
GIN,2020,13205153.0,407.0,407.0,18.0,25.0,-7.0,0.06142506,0.044226043,-0.017199017,2020s,0.0254,0.031,Brain Drain
GIN,2021,13531906.0,404.0,404.0,35.0,26.0,9.0,0.06435644,0.08663366,0.022277229,2020s,0.0247,0.03,Brain Gain
GIN,2022,13859341.0,0.0,0.0,22.0,13.0,9.0,,,,2020s,0.0242,0.0,Brain Gain
GIN,2023,13859341.0,,,,,,,,,2020s,0.0,,Unknown
GLP,1996,,88.0,88.0,0.0,0.0,0.0,0.0,0.0,0.0,1990s,,,Balanced
GLP,1997,,98.0,98.0,11.0,14.0,-3.0,0.14285715,0.1122449,-0.030612245,1990s,,,Brain Drain
GLP,1998,,103.0,103.0,14.0,19.0,-5.0,0.18446602,0.13592233,-0.048543688,1990s,,,Brain Drain
GLP,1999,,112.0,112.0,21.0,18.0,3.0,0.16071428,0.1875,0.026785715,1990s,,,Brain Gain
GLP,2000,,109.0,109.0,16.0,19.0,-3.0,0.17431192,0.14678898,-0.027522936,2000s,,,Brain Drain
GLP,2001,,105.0,105.0,10.0,21.0,-11.0,0.2,0.0952381,-0.104761906,2000s,,,Brain Drain
GLP,2002,,107.0,107.0,20.0,17.0,3.0,0.1588785,0.18691589,0.028037382,2000s,,,Brain Gain
GLP,2003,,126.0,126.0,32.0,17.0,15.0,0.13492064,0.25396827,0.11904762,2000s,,,Brain Gain
GLP,2004,,132.0,132.0,19.0,29.0,-10.0,0.21969697,0.14393939,-0.07575758,2000s,,,Brain Drain
GLP,2005,,149.0,149.0,23.0,14.0,9.0,0.093959734,0.15436241,0.060402684,2000s,,,Brain Gain
GLP,2006,,149.0,149.0,24.0,27.0,-3.0,0.18120806,0.16107382,-0.020134227,2000s,,,Brain Drain
GLP,2007,,186.0,186.0,44.0,29.0,15.0,0.15591398,0.23655914,0.08064516,2000s,,,Brain Gain
GLP,2008,,199.0,199.0,36.0,34.0,2.0,0.17085427,0.18090452,0.010050251,2000s,,,Brain Gain
GLP,2009,,211.0,211.0,45.0,32.0,13.0,0.15165877,0.21327014,0.061611373,2000s,,,Brain Gain
GLP,2010,,180.0,180.0,19.0,53.0,-34.0,0.29444444,0.10555556,-0.18888889,2010s,,,Brain Drain
GLP,2011,,185.0,185.0,33.0,42.0,-9.0,0.22702703,0.17837837,-0.048648648,2010s,,,Brain Drain
GLP,2012,,200.0,200.0,37.0,37.0,0.0,0.185,0.185,0.0,2010s,,,Balanced
GLP,2013,,219.0,219.0,50.0,30.0,20.0,0.1369863,0.2283105,0.0913242,2010s,,,Brain Gain
GLP,2014,,199.0,199.0,34.0,51.0,-17.0,0.2562814,0.17085427,-0.085427135,2010s,,,Brain Drain
GLP,2015,,172.0,172.0,30.0,55.0,-25.0,0.31976745,0.1744186,-0.14534883,2010s,,,Brain Drain
GLP,2016,,149.0,149.0,29.0,46.0,-17.0,0.30872482,0.19463088,-0.11409396,2010s,,,Brain Drain
GLP,2017,,124.0,124.0,33.0,41.0,-8.0,0.33064517,0.26612905,-0.06451613,2010s,,,Brain Drain
GLP,2018,,91.0,91.0,26.0,51.0,-25.0,0.5604396,0.2857143,-0.2747253,2010s,,,Brain Drain
GLP,2019,,108.0,108.0,30.0,24.0,6.0,0.22222222,0.2777778,0.055555556,2010s,,,Brain Gain
GLP,2020,,108.0,108.0,34.0,28.0,6.0,0.25925925,0.3148148,0.055555556,2020s,,,Brain Gain
GLP,2021,,88.0,88.0,20.0,33.0,-13.0,0.375,0.22727273,-0.14772727,2020s,,,Brain Drain
GLP,2022,,0.0,0.0,30.0,29.0,1.0,,,,2020s,,,Brain Gain
GMB,1996,1279070.0,105.0,105.0,0.0,0.0,0.0,0.0,0.0,0.0,1990s,,0.082,Balanced
GMB,1997,1317002.0,119.0,119.0,9.0,10.0,-1.0,0.084033616,0.075630255,-0.008403362,1990s,0.0297,0.09,Brain Drain
GMB,1998,1356189.0,131.0,131.0,11.0,9.0,2.0,0.06870229,0.08396947,0.015267176,1990s,0.0298,0.097,Brain Gain
GMB,1999,1396499.0,133.0,133.0,6.0,9.0,-3.0,0.067669176,0.04511278,-0.02255639,1990s,0.0297,0.095,Brain Drain
GMB,2000,1437539.0,130.0,130.0,8.0,15.0,-7.0,0.115384616,0.06153846,-0.053846154,2000s,0.0294,0.09,Brain Drain
GMB,2001,1479449.0,137.0,137.0,16.0,22.0,-6.0,0.16058394,0.11678832,-0.04379562,2000s,0.0292,0.093,Brain Drain
GMB,2002,1522223.0,148.0,148.0,26.0,22.0,4.0,0.14864865,0.17567568,0.027027028,2000s,0.0289,0.097,Brain Gain
GMB,2003,1566257.0,178.0,178.0,29.0,16.0,13.0,0.08988764,0.16292135,0.073033705,2000s,0.0289,0.114,Brain Gain
GMB,2004,1612225.0,183.0,183.0,16.0,19.0,-3.0,0.10382514,0.08743169,-0.016393442,2000s,0.0293,0.114,Brain Drain
GMB,2005,1660368.0,189.0,189.0,15.0,19.0,-4.0,0.1005291,0.07936508,-0.02116402,2000s,0.0299,0.114,Brain Drain
GMB,2006,1711294.0,206.0,206.0,16.0,16.0,0.0,0.0776699,0.0776699,0.0,2000s,0.0307,0.12,Balanced
GMB,2007,1764883.0,207.0,207.0,16.0,23.0,-7.0,0.11111111,0.077294685,-0.033816423,2000s,0.0313,0.117,Brain Drain
GMB,2008,1820542.0,224.0,224.0,23.0,16.0,7.0,0.071428575,0.102678575,0.03125,2000s,0.0315,0.123,Brain Gain
GMB,2009,1878119.0,220.0,220.0,15.0,21.0,-6.0,0.095454544,0.06818182,-0.027272727,2000s,0.0316,0.117,Brain Drain
GMB,2010,1937275.0,225.0,225.0,17.0,16.0,1.0,0.07111111,0.075555556,0.0044444446,2010s,0.0315,0.116,Brain Gain
GMB,2011,1998212.0,233.0,233.0,17.0,25.0,-8.0,0.10729614,0.072961375,-0.034334764,2010s,0.0315,0.117,Brain Drain
GMB,2012,2061014.0,237.0,237.0,10.0,17.0,-7.0,0.07172996,0.042194095,-0.029535865,2010s,0.0314,0.115,Brain Drain
GMB,2013,2124869.0,264.0,264.0,26.0,20.0,6.0,0.07575758,0.09848485,0.022727273,2010s,0.031,0.124,Brain Gain
GMB,2014,2189019.0,319.0,319.0,21.0,19.0,2.0,0.05956113,0.06583072,0.0062695923,2010s,0.0302,0.146,Brain Gain
GMB,2015,2253133.0,345.0,345.0,18.0,17.0,1.0,0.04927536,0.052173913,0.0028985508,2010s,0.0293,0.153,Brain Gain
GMB,2016,2317206.0,367.0,367.0,22.0,21.0,1.0,0.05722071,0.059945505,0.0027247956,2010s,0.0284,0.158,Brain Gain
GMB,2017,2381182.0,390.0,390.0,14.0,23.0,-9.0,0.05897436,0.035897437,-0.023076924,2010s,0.0276,0.164,Brain Drain
GMB,2018,2444916.0,402.0,402.0,17.0,42.0,-25.0,0.104477614,0.042288557,-0.062189054,2010s,0.0268,0.164,Brain Drain
GMB,2019,2508883.0,425.0,425.0,27.0,27.0,0.0,0.06352941,0.06352941,0.0,2010s,0.0262,0.169,Balanced
GMB,2020,2573995.0,436.0,436.0,33.0,33.0,0.0,0.07568807,0.07568807,0.0,2020s,0.026,0.169,Balanced
GMB,2021,2639916.0,452.0,452.0,42.0,24.0,18.0,0.053097345,0.092920355,0.03982301,2020s,0.0256,0.171,Brain Gain
GMB,2022,2705992.0,0.0,0.0,35.0,35.0,0.0,,,,2020s,0.025,0.0,Balanced
GMB,2023,2705992.0,,,,,,,,,2020s,0.0,,Unknown
GNB,1996,1140604.0,13.0,13.0,0.0,0.0,0.0,0.0,0.0,0.0,1990s,,0.011,Balanced
GNB,1997,1162443.0,17.0,17.0,0.0,1.0,-1.0,0.05882353,0.0,-0.05882353,1990s,0.0191,0.015,Brain Drain
GNB,1998,1184071.0,16.0,16.0,1.0,3.0,-2.0,0.1875,0.0625,-0.125,1990s,0.0186,0.014,Brain Drain
GNB,1999,1206474.0,17.0,17.0,2.0,3.0,-1.0,0.1764706,0.11764706,-0.05882353,1990s,0.0189,0.014,Brain Drain
GNB,2000,1230849.0,19.0,19.0,2.0,4.0,-2.0,0.21052632,0.10526316,-0.10526316,2000s,0.0202,0.015,Brain Drain
GNB,2001,1257380.0,20.0,20.0,3.0,2.0,1.0,0.1,0.15,0.05,2000s,0.0216,0.016,Brain Gain
GNB,2002,1285678.0,21.0,21.0,5.0,6.0,-1.0,0.2857143,0.23809524,-0.04761905,2000s,0.0225,0.016,Brain Drain
GNB,2003,1315653.0,,,,,,,,,2000s,0.0233,,Unknown
GNB,2004,1347009.0,39.0,39.0,5.0,1.0,4.0,0.025641026,0.12820514,0.102564104,2000s,0.0238,0.029,Brain Gain
GNB,2005,1379713.0,43.0,43.0,10.0,2.0,8.0,0.046511628,0.23255815,0.18604651,2000s,0.0243,0.031,Brain Gain
GNB,2006,1414091.0,36.0,36.0,4.0,12.0,-8.0,0.33333334,0.11111111,-0.22222222,2000s,0.0249,0.025,Brain Drain
GNB,2007,1450572.0,40.0,40.0,3.0,3.0,0.0,0.075,0.075,0.0,2000s,0.0258,0.028,Balanced
GNB,2008,1488431.0,44.0,44.0,5.0,5.0,0.0,0.11363637,0.11363637,0.0,2000s,0.0261,0.03,Balanced
GNB,2009,1527196.0,45.0,45.0,3.0,8.0,-5.0,0.17777778,0.06666667,-0.11111111,2000s,0.026,0.029,Brain Drain
GNB,2010,1567220.0,57.0,57.0,9.0,4.0,5.0,0.07017544,0.15789473,0.0877193,2010s,0.0262,0.036,Brain Gain
GNB,2011,1609017.0,70.0,70.0,6.0,1.0,5.0,0.014285714,0.08571429,0.071428575,2010s,0.0267,0.044,Brain Gain
GNB,2012,1652717.0,74.0,74.0,7.0,5.0,2.0,0.067567565,0.0945946,0.027027028,2010s,0.0272,0.045,Brain Gain
GNB,2013,1697753.0,69.0,69.0,2.0,6.0,-4.0,0.08695652,0.028985508,-0.057971016,2010s,0.0272,0.041,Brain Drain
GNB,2014,1743309.0,70.0,70.0,3.0,7.0,-4.0,0.1,0.042857144,-0.057142857,2010s,0.0268,0.04,Brain Drain
GNB,2015,1788919.0,80.0,80.0,10.0,8.0,2.0,0.1,0.125,0.025,2010s,0.0262,0.045,Brain Gain
GNB,2016,1834552.0,81.0,81.0,10.0,6.0,4.0,0.074074075,0.12345679,0.049382716,2010s,0.0255,0.044,Brain Gain
GNB,2017,1879826.0,88.0,88.0,6.0,3.0,3.0,0.03409091,0.06818182,0.03409091,2010s,0.0247,0.047,Brain Gain
GNB,2018,1924955.0,,,,,,,,,2010s,0.024,,Unknown
GNB,2019,1970457.0,85.0,85.0,5.0,4.0,1.0,0.047058824,0.05882353,0.011764706,2010s,0.0236,0.043,Brain Gain
GNB,2020,2015828.0,80.0,80.0,6.0,3.0,3.0,0.0375,0.075,0.0375,2020s,0.023,0.04,Brain Gain
GNB,2021,2060721.0,83.0,83.0,9.0,4.0,5.0,0.04819277,0.10843374,0.060240965,2020s,0.0223,0.04,Brain Gain
GNB,2022,2105566.0,0.0,0.0,4.0,3.0,1.0,,,,2020s,0.0218,0.0,Brain Gain
GNB,2023,2105566.0,,,,,,,,,2020s,0.0,,Unknown
GNQ,1996,582573.0,4.0,4.0,0.0,0.0,0.0,0.0,0.0,0.0,1990s,,0.007,Balanced
GNQ,1997,605570.0,6.0,6.0,0.0,0.0,0.0,0.0,0.0,0.0,1990s,0.0395,0.01,Balanced
GNQ,1998,629734.0,6.0,6.0,1.0,1.0,0.0,0.16666667,0.16666667,0.0,1990s,0.0399,0.01,Balanced
GNQ,1999,655029.0,6.0,6.0,0.0,0.0,0.0,0.0,0.0,0.0,1990s,0.0402,0.009,Balanced
GNQ,2000,684977.0,,,,,,,,,2000s,0.0457,,Unknown
GNQ,2001,719270.0,12.0,12.0,2.0,0.0,2.0,0.0,0.16666667,0.16666667,2000s,0.0501,0.017,Brain Gain
GNQ,2002,754115.0,16.0,16.0,1.0,0.0,1.0,0.0,0.0625,0.0625,2000s,0.0484,0.021,Brain Gain
GNQ,2003,789681.0,19.0,19.0,1.0,1.0,0.0,0.05263158,0.05263158,0.0,2000s,0.0472,0.024,Balanced
GNQ,2004,826355.0,26.0,26.0,5.0,0.0,5.0,0.0,0.1923077,0.1923077,2000s,0.0464,0.031,Brain Gain
GNQ,2005,864726.0,27.0,27.0,4.0,3.0,1.0,0.11111111,0.14814815,0.037037037,2000s,0.0464,0.031,Brain Gain
GNQ,2006,905418.0,25.0,25.0,1.0,2.0,-1.0,0.08,0.04,-0.04,2000s,0.0471,0.028,Brain Drain
GNQ,2007,948814.0,23.0,23.0,2.0,2.0,0.0,0.08695652,0.08695652,0.0,2000s,0.0479,0.024,Balanced
GNQ,2008,994971.0,24.0,24.0,7.0,6.0,1.0,0.25,0.29166666,0.041666668,2000s,0.0486,0.024,Brain Gain
GNQ,2009,1043686.0,25.0,25.0,3.0,6.0,-3.0,0.24,0.12,-0.12,2000s,0.049,0.024,Brain Drain
GNQ,2010,1094524.0,25.0,25.0,0.0,1.0,-1.0,0.04,0.0,-0.04,2010s,0.0487,0.023,Brain Drain
GNQ,2011,1144588.0,30.0,30.0,1.0,4.0,-3.0,0.13333334,0.033333335,-0.1,2010s,0.0457,0.026,Brain Drain
GNQ,2012,1193636.0,30.0,30.0,1.0,3.0,-2.0,0.1,0.033333335,-0.06666667,2010s,0.0429,0.025,Brain Drain
GNQ,2013,1243941.0,29.0,29.0,2.0,4.0,-2.0,0.13793103,0.06896552,-0.06896552,2010s,0.0421,0.023,Brain Drain
GNQ,2014,1295183.0,41.0,41.0,1.0,1.0,0.0,0.024390243,0.024390243,0.0,2010s,0.0412,0.032,Balanced
GNQ,2015,1346973.0,48.0,48.0,3.0,4.0,-1.0,0.083333336,0.0625,-0.020833334,2010s,0.04,0.036,Brain Drain
GNQ,2016,1398927.0,52.0,52.0,7.0,8.0,-1.0,0.15384616,0.13461539,-0.01923077,2010s,0.0386,0.037,Brain Drain
GNQ,2017,1450694.0,61.0,61.0,7.0,5.0,2.0,0.08196721,0.114754096,0.032786883,2010s,0.037,0.042,Brain Gain
GNQ,2018,1502091.0,60.0,60.0,10.0,13.0,-3.0,0.21666667,0.16666667,-0.05,2010s,0.0354,0.04,Brain Drain
GNQ,2019,1553031.0,59.0,59.0,4.0,9.0,-5.0,0.15254237,0.06779661,-0.084745765,2010s,0.0339,0.038,Brain Drain
GNQ,2020,1596049.0,65.0,65.0,9.0,2.0,7.0,0.03076923,0.13846155,0.10769231,2020s,0.0277,0.041,Brain Gain
GNQ,2021,1634466.0,57.0,57.0,1.0,10.0,-9.0,0.1754386,0.01754386,-0.15789473,2020s,0.0241,0.035,Brain Drain
GNQ,2022,1674908.0,0.0,0.0,8.0,3.0,5.0,,,,2020s,0.0247,0.0,Brain Gain
GNQ,2023,1674908.0,,,,,,,,,2020s,0.0,,Unknown
GRC,1996,10608800.0,10391.0,10391.0,0.0,0.0,0.0,0.0,0.0,0.0,1990s,,0.979,Balanced
GRC,1997,10661259.0,12277.0,12277.0,256.0,199.0,57.0,0.016209172,0.020852,0.004642828,1990s,0.0049,1.152,Brain Gain
GRC,1998,10720509.0,14279.0,14279.0,320.0,193.0,127.0,0.0135163525,0.022410532,0.00889418,1990s,0.0056,1.332,Brain Gain
GRC,1999,10761698.0,15728.0,15728.0,313.0,270.0,43.0,0.017166836,0.019900814,0.0027339775,1990s,0.0038,1.461,Brain Gain
GRC,2000,10805808.0,17200.0,17200.0,391.0,280.0,111.0,0.01627907,0.022732558,0.0064534885,2000s,0.0041,1.592,Brain Gain
GRC,2001,10862132.0,18843.0,18843.0,424.0,303.0,121.0,0.016080242,0.022501726,0.0064214827,2000s,0.0052,1.735,Brain Gain
GRC,2002,10902022.0,20710.0,20710.0,489.0,370.0,119.0,0.017865766,0.023611782,0.0057460163,2000s,0.0037,1.9,Brain Gain
GRC,2003,10928070.0,22855.0,22855.0,504.0,323.0,181.0,0.014132575,0.022052068,0.007919492,2000s,0.0024,2.091,Brain Gain
GRC,2004,10955141.0,25102.0,25102.0,427.0,309.0,118.0,0.012309776,0.017010598,0.0047008204,2000s,0.0025,2.291,Brain Gain
GRC,2005,10987314.0,27327.0,27327.0,452.0,343.0,109.0,0.012551689,0.016540417,0.0039887293,2000s,0.0029,2.487,Brain Gain
GRC,2006,11020362.0,29371.0,29371.0,473.0,347.0,126.0,0.0118143745,0.01610432,0.004289946,2000s,0.003,2.665,Brain Gain
GRC,2007,11048473.0,31524.0,31524.0,517.0,442.0,75.0,0.014021063,0.016400203,0.0023791397,2000s,0.0026,2.853,Brain Gain
GRC,2008,11077841.0,33040.0,33040.0,548.0,473.0,75.0,0.0143159805,0.016585957,0.0022699758,2000s,0.0027,2.983,Brain Gain
GRC,2009,11107017.0,34377.0,34377.0,504.0,533.0,-29.0,0.015504552,0.014660965,-0.0008435873,2000s,0.0026,3.095,Brain Drain
GRC,2010,11121341.0,35259.0,35259.0,520.0,609.0,-89.0,0.017272186,0.014748008,-0.0025241782,2010s,0.0013,3.17,Brain Drain
GRC,2011,11104899.0,35877.0,35877.0,501.0,666.0,-165.0,0.018563425,0.013964378,-0.004599047,2010s,-0.0015,3.231,Brain Drain
GRC,2012,11045011.0,36319.0,36319.0,524.0,765.0,-241.0,0.021063356,0.01442771,-0.0066356454,2010s,-0.0054,3.288,Brain Drain
GRC,2013,10965211.0,36520.0,36520.0,478.0,860.0,-382.0,0.02354874,0.013088718,-0.010460022,2010s,-0.0072,3.331,Brain Drain
GRC,2014,10892413.0,36708.0,36708.0,490.0,954.0,-464.0,0.025988886,0.013348589,-0.0126402965,2010s,-0.0066,3.37,Brain Drain
GRC,2015,10820883.0,37042.0,37042.0,520.0,919.0,-399.0,0.024809675,0.0140381185,-0.010771557,2010s,-0.0066,3.423,Brain Drain
GRC,2016,10775971.0,37500.0,37500.0,489.0,923.0,-434.0,0.024613334,0.01304,-0.011573333,2010s,-0.0042,3.48,Brain Drain
GRC,2017,10754679.0,37983.0,37983.0,537.0,959.0,-422.0,0.025248138,0.014137904,-0.011110233,2010s,-0.002,3.532,Brain Drain
GRC,2018,10732882.0,39128.0,39128.0,606.0,923.0,-317.0,0.023589246,0.01548763,-0.008101615,2010s,-0.002,3.646,Brain Drain
GRC,2019,10721582.0,40315.0,40315.0,658.0,912.0,-254.0,0.022621853,0.01632147,-0.0063003846,2010s,-0.0011,3.76,Brain Drain
GRC,2020,10698599.0,40796.0,40796.0,658.0,900.0,-242.0,0.022060987,0.016129032,-0.005931954,2020s,-0.0021,3.813,Brain Drain
GRC,2021,10569207.0,39402.0,39402.0,699.0,794.0,-95.0,0.020151261,0.017740216,-0.0024110451,2020s,-0.0121,3.728,Brain Drain
GRC,2022,10426919.0,0.0,0.0,616.0,593.0,23.0,,,,2020s,-0.0135,0.0,Brain Gain
GRC,2023,10426919.0,0.0,0.0,373.0,392.0,-19.0,,,,2020s,0.0,0.0,Brain Drain
GRD,1996,104846.0,3.0,3.0,0.0,0.0,0.0,0.0,0.0,0.0,1990s,,0.029,Balanced
GRD,1997,105549.0,,,,,,,,,1990s,0.0067,,Unknown
GRD,1998,106200.0,,,,,,,,,1990s,0.0062,,Unknown
GRD,1999,106823.0,6.0,6.0,1.0,0.0,1.0,0.0,0.16666667,0.16666667,1990s,0.0059,0.056,Brain Gain
GRD,2000,107432.0,,,,,,,,,2000s,0.0057,,Unknown
GRD,2001,107936.0,,,,,,,,,2000s,0.0047,,Unknown
GRD,2002,108231.0,13.0,13.0,3.0,1.0,2.0,0.07692308,0.23076923,0.15384616,2000s,0.0027,0.12,Brain Gain
GRD,2003,108740.0,,,,,,,,,2000s,0.0047,,Unknown
GRD,2004,109516.0,25.0,25.0,3.0,2.0,1.0,0.08,0.12,0.04,2000s,0.0071,0.228,Brain Gain
GRD,2005,110254.0,35.0,35.0,5.0,2.0,3.0,0.057142857,0.14285715,0.08571429,2000s,0.0067,0.317,Brain Gain
GRD,2006,110988.0,56.0,56.0,7.0,3.0,4.0,0.05357143,0.125,0.071428575,2000s,0.0067,0.505,Brain Gain
GRD,2007,111725.0,62.0,62.0,1.0,3.0,-2.0,0.048387095,0.016129032,-0.032258064,2000s,0.0066,0.555,Brain Drain
GRD,2008,112478.0,66.0,66.0,9.0,5.0,4.0,0.07575758,0.13636364,0.060606062,2000s,0.0067,0.587,Brain Gain
GRD,2009,113249.0,70.0,70.0,4.0,16.0,-12.0,0.22857143,0.057142857,-0.17142858,2000s,0.0069,0.618,Brain Drain
GRD,2010,114039.0,90.0,90.0,10.0,10.0,0.0,0.11111111,0.11111111,0.0,2010s,0.007,0.789,Balanced
GRD,2011,114918.0,108.0,108.0,13.0,7.0,6.0,0.06481481,0.12037037,0.055555556,2010s,0.0077,0.94,Brain Gain
GRD,2012,115912.0,149.0,149.0,19.0,5.0,14.0,0.033557046,0.12751678,0.093959734,2010s,0.0086,1.285,Brain Gain
GRD,2013,116945.0,163.0,163.0,12.0,11.0,1.0,0.06748466,0.073619634,0.006134969,2010s,0.0089,1.394,Brain Gain
GRD,2014,117972.0,179.0,179.0,17.0,8.0,9.0,0.044692736,0.09497207,0.05027933,2010s,0.0088,1.517,Brain Gain
GRD,2015,118980.0,206.0,206.0,16.0,17.0,-1.0,0.08252427,0.0776699,-0.004854369,2010s,0.0085,1.731,Brain Drain
GRD,2016,119966.0,214.0,214.0,14.0,15.0,-1.0,0.07009346,0.06542056,-0.004672897,2010s,0.0083,1.784,Brain Drain
GRD,2017,120921.0,211.0,211.0,19.0,13.0,6.0,0.061611373,0.0900474,0.028436018,2010s,0.008,1.745,Brain Gain
GRD,2018,121838.0,239.0,239.0,22.0,17.0,5.0,0.07112971,0.09205021,0.020920502,2010s,0.0076,1.962,Brain Gain
GRD,2019,122724.0,252.0,252.0,20.0,25.0,-5.0,0.09920635,0.07936508,-0.01984127,2010s,0.0073,2.053,Brain Drain
GRD,2020,123663.0,254.0,254.0,21.0,19.0,2.0,0.07480315,0.08267716,0.007874016,2020s,0.0077,2.054,Brain Gain
GRD,2021,124610.0,225.0,225.0,18.0,28.0,-10.0,0.12444445,0.08,-0.044444446,2020s,0.0077,1.806,Brain Drain
GRD,2022,125438.0,0.0,0.0,10.0,16.0,-6.0,,,,2020s,0.0066,0.0,Brain Drain
GRD,2023,125438.0,,,,,,,,,2020s,0.0,,Unknown
GRL,1996,55900.0,16.0,16.0,0.0,0.0,0.0,0.0,0.0,0.0,1990s,,0.286,Balanced
GRL,1997,56000.0,16.0,16.0,1.0,1.0,0.0,0.0625,0.0625,0.0,1990s,0.0018,0.286,Balanced
GRL,1998,56100.0,20.0,20.0,0.0,2.0,-2.0,0.1,0.0,-0.1,1990s,0.0018,0.357,Brain Drain
GRL,1999,56100.0,,,,,,,,,1990s,0.0,,Unknown
GRL,2000,56200.0,26.0,26.0,2.0,2.0,0.0,0.07692308,0.07692308,0.0,2000s,0.0018,0.463,Balanced
GRL,2001,56350.0,32.0,32.0,4.0,1.0,3.0,0.03125,0.125,0.09375,2000s,0.0027,0.568,Brain Gain
GRL,2002,56609.0,35.0,35.0,2.0,3.0,-1.0,0.08571429,0.057142857,-0.028571429,2000s,0.0046,0.618,Brain Drain
GRL,2003,56765.0,44.0,44.0,6.0,1.0,5.0,0.022727273,0.13636364,0.11363637,2000s,0.0028,0.775,Brain Gain
GRL,2004,56911.0,49.0,49.0,8.0,5.0,3.0,0.10204082,0.1632653,0.06122449,2000s,0.0026,0.861,Brain Gain
GRL,2005,56935.0,54.0,54.0,3.0,4.0,-1.0,0.074074075,0.055555556,-0.018518519,2000s,0.0004,0.948,Brain Drain
GRL,2006,56774.0,58.0,58.0,7.0,6.0,1.0,0.10344828,0.12068965,0.01724138,2000s,-0.0028,1.022,Brain Gain
GRL,2007,56555.0,59.0,59.0,3.0,4.0,-1.0,0.06779661,0.050847456,-0.016949153,2000s,-0.0039,1.043,Brain Drain
GRL,2008,56328.0,62.0,62.0,10.0,9.0,1.0,0.14516129,0.16129032,0.016129032,2000s,-0.004,1.101,Brain Gain
GRL,2009,56323.0,65.0,65.0,9.0,7.0,2.0,0.10769231,0.13846155,0.03076923,2000s,-0.0001,1.154,Brain Gain
GRL,2010,56905.0,69.0,69.0,5.0,4.0,1.0,0.057971016,0.072463766,0.014492754,2010s,0.0103,1.213,Brain Gain
GRL,2011,56890.0,81.0,81.0,6.0,4.0,2.0,0.049382716,0.074074075,0.024691358,2010s,-0.0003,1.424,Brain Gain
GRL,2012,56810.0,91.0,91.0,5.0,4.0,1.0,0.043956045,0.054945055,0.010989011,2010s,-0.0014,1.602,Brain Gain
GRL,2013,56483.0,94.0,94.0,7.0,5.0,2.0,0.05319149,0.07446808,0.021276595,2010s,-0.0058,1.664,Brain Gain
GRL,2014,56295.0,98.0,98.0,6.0,7.0,-1.0,0.071428575,0.06122449,-0.010204081,2010s,-0.0033,1.741,Brain Drain
GRL,2015,56114.0,94.0,94.0,8.0,6.0,2.0,0.06382979,0.08510638,0.021276595,2010s,-0.0032,1.675,Brain Gain
GRL,2016,56186.0,105.0,105.0,12.0,3.0,9.0,0.028571429,0.114285715,0.08571429,2010s,0.0013,1.869,Brain Gain
GRL,2017,56172.0,102.0,102.0,10.0,13.0,-3.0,0.12745099,0.09803922,-0.029411765,2010s,-0.0002,1.816,Brain Drain
GRL,2018,56023.0,107.0,107.0,10.0,11.0,-1.0,0.10280374,0.093457945,-0.009345794,2010s,-0.0027,1.91,Brain Drain
GRL,2019,56225.0,114.0,114.0,14.0,8.0,6.0,0.07017544,0.12280702,0.05263158,2010s,0.0036,2.028,Brain Gain
GRL,2020,56367.0,116.0,116.0,7.0,7.0,0.0,0.060344826,0.060344826,0.0,2020s,0.0025,2.058,Balanced
GRL,2021,56653.0,116.0,116.0,17.0,8.0,9.0,0.06896552,0.14655173,0.077586204,2020s,0.0051,2.048,Brain Gain
GRL,2022,56661.0,0.0,0.0,8.0,13.0,-5.0,,,,2020s,0.0001,0.0,Brain Drain
GRL,2023,56661.0,,,,,,,,,2020s,0.0,,Unknown
GTM,1996,10536942.0,81.0,81.0,0.0,0.0,0.0,0.0,0.0,0.0,1990s,,0.008,Balanced
GTM,1997,10788362.0,103.0,103.0,4.0,5.0,-1.0,0.048543688,0.03883495,-0.009708738,1990s,0.0239,0.01,Brain Drain
GTM,1998,11046215.0,113.0,113.0,6.0,6.0,0.0,0.053097345,0.053097345,0.0,1990s,0.0239,0.01,Balanced
GTM,1999,11311078.0,112.0,112.0,6.0,9.0,-3.0,0.08035714,0.05357143,-0.026785715,1990s,0.024,0.01,Brain Drain
GTM,2000,11589761.0,105.0,105.0,8.0,13.0,-5.0,0.123809524,0.07619048,-0.04761905,2000s,0.0246,0.009,Brain Drain
GTM,2001,11871565.0,112.0,112.0,7.0,8.0,-1.0,0.071428575,0.0625,-0.008928572,2000s,0.0243,0.009,Brain Drain
GTM,2002,12147518.0,121.0,121.0,12.0,10.0,2.0,0.08264463,0.09917355,0.016528925,2000s,0.0232,0.01,Brain Gain
GTM,2003,12415334.0,150.0,150.0,22.0,8.0,14.0,0.053333335,0.14666666,0.093333334,2000s,0.022,0.012,Brain Gain
GTM,2004,12682108.0,172.0,172.0,13.0,6.0,7.0,0.034883723,0.075581394,0.040697675,2000s,0.0215,0.014,Brain Gain
GTM,2005,12948292.0,192.0,192.0,14.0,7.0,7.0,0.036458332,0.072916664,0.036458332,2000s,0.021,0.015,Brain Gain
GTM,2006,13213330.0,197.0,197.0,6.0,9.0,-3.0,0.04568528,0.030456852,-0.015228426,2000s,0.0205,0.015,Brain Drain
GTM,2007,13477017.0,230.0,230.0,18.0,12.0,6.0,0.052173913,0.07826087,0.026086956,2000s,0.02,0.017,Brain Gain
GTM,2008,13739299.0,248.0,248.0,6.0,11.0,-5.0,0.044354837,0.024193548,-0.02016129,2000s,0.0195,0.018,Brain Drain
GTM,2009,14000190.0,271.0,271.0,12.0,8.0,4.0,0.029520296,0.044280443,0.014760148,2000s,0.019,0.019,Brain Gain
GTM,2010,14259687.0,291.0,291.0,13.0,16.0,-3.0,0.05498282,0.04467354,-0.010309278,2010s,0.0185,0.02,Brain Drain
GTM,2011,14521515.0,316.0,316.0,17.0,18.0,-1.0,0.056962024,0.05379747,-0.003164557,2010s,0.0184,0.022,Brain Drain
GTM,2012,14781942.0,350.0,350.0,24.0,15.0,9.0,0.042857144,0.068571426,0.025714286,2010s,0.0179,0.024,Brain Gain
GTM,2013,15043981.0,421.0,421.0,31.0,21.0,10.0,0.049881235,0.07363421,0.023752969,2010s,0.0177,0.028,Brain Gain
GTM,2014,15306316.0,470.0,470.0,17.0,19.0,-2.0,0.04042553,0.036170214,-0.004255319,2010s,0.0174,0.031,Brain Drain
GTM,2015,15567419.0,521.0,521.0,25.0,11.0,14.0,0.021113243,0.047984645,0.026871402,2010s,0.0171,0.033,Brain Gain
GTM,2016,15827690.0,556.0,556.0,37.0,28.0,9.0,0.05035971,0.06654676,0.01618705,2010s,0.0167,0.035,Brain Gain
GTM,2017,16087418.0,579.0,579.0,18.0,33.0,-15.0,0.05699482,0.031088082,-0.025906736,2010s,0.0164,0.036,Brain Drain
GTM,2018,16346950.0,624.0,624.0,29.0,29.0,0.0,0.04647436,0.04647436,0.0,2010s,0.0161,0.038,Balanced
GTM,2019,16604026.0,686.0,686.0,36.0,30.0,6.0,0.04373178,0.052478135,0.008746356,2010s,0.0157,0.041,Brain Gain
GTM,2020,16858333.0,687.0,687.0,37.0,27.0,10.0,0.03930131,0.053857353,0.014556041,2020s,0.0153,0.041,Brain Gain
GTM,2021,17109746.0,641.0,641.0,33.0,34.0,-1.0,0.05304212,0.05148206,-0.0015600624,2020s,0.0149,0.037,Brain Drain
GTM,2022,17357886.0,0.0,0.0,34.0,22.0,12.0,,,,2020s,0.0145,0.0,Brain Gain
GTM,2023,17357886.0,,,,,,,,,2020s,0.0,,Unknown
GUF,1996,,27.0,27.0,0.0,0.0,0.0,0.0,0.0,0.0,1990s,,,Balanced
GUF,1997,,28.0,28.0,5.0,7.0,-2.0,0.25,0.17857143,-0.071428575,1990s,,,Brain Drain
GUF,1998,,41.0,41.0,12.0,4.0,8.0,0.09756097,0.29268292,0.19512194,1990s,,,Brain Gain
GUF,1999,,39.0,39.0,3.0,9.0,-6.0,0.23076923,0.07692308,-0.15384616,1990s,,,Brain Drain
GUF,2000,,49.0,49.0,10.0,10.0,0.0,0.20408164,0.20408164,0.0,2000s,,,Balanced
GUF,2001,,57.0,57.0,10.0,6.0,4.0,0.10526316,0.1754386,0.07017544,2000s,,,Brain Gain
GUF,2002,,61.0,61.0,15.0,9.0,6.0,0.14754099,0.24590164,0.09836066,2000s,,,Brain Gain
GUF,2003,,77.0,77.0,20.0,13.0,7.0,0.16883117,0.25974026,0.09090909,2000s,,,Brain Gain
GUF,2004,,86.0,86.0,17.0,14.0,3.0,0.1627907,0.19767442,0.034883723,2000s,,,Brain Gain
GUF,2005,,94.0,94.0,14.0,15.0,-1.0,0.15957446,0.14893617,-0.010638298,2000s,,,Brain Drain
GUF,2006,,111.0,111.0,16.0,11.0,5.0,0.0990991,0.14414415,0.045045044,2000s,,,Brain Gain
GUF,2007,,130.0,130.0,23.0,9.0,14.0,0.06923077,0.17692308,0.10769231,2000s,,,Brain Gain
GUF,2008,,133.0,133.0,17.0,17.0,0.0,0.12781955,0.12781955,0.0,2000s,,,Balanced
GUF,2009,,130.0,130.0,11.0,25.0,-14.0,0.1923077,0.08461539,-0.10769231,2000s,,,Brain Drain
GUF,2010,,153.0,153.0,30.0,20.0,10.0,0.13071896,0.19607843,0.06535948,2010s,,,Brain Gain
GUF,2011,,174.0,174.0,31.0,25.0,6.0,0.14367816,0.17816092,0.03448276,2010s,,,Brain Gain
GUF,2012,,181.0,181.0,32.0,29.0,3.0,0.160221,0.17679559,0.016574586,2010s,,,Brain Gain
GUF,2013,,205.0,205.0,41.0,31.0,10.0,0.15121952,0.2,0.048780486,2010s,,,Brain Gain
GUF,2014,,191.0,191.0,17.0,48.0,-31.0,0.2513089,0.08900524,-0.16230367,2010s,,,Brain Drain
GUF,2015,,191.0,191.0,29.0,38.0,-9.0,0.19895288,0.15183246,-0.04712042,2010s,,,Brain Drain
GUF,2016,,189.0,189.0,25.0,32.0,-7.0,0.16931216,0.13227513,-0.037037037,2010s,,,Brain Drain
GUF,2017,,190.0,190.0,40.0,45.0,-5.0,0.23684211,0.21052632,-0.02631579,2010s,,,Brain Drain
GUF,2018,,226.0,226.0,65.0,41.0,24.0,0.18141593,0.28761062,0.10619469,2010s,,,Brain Gain
GUF,2019,,237.0,237.0,39.0,41.0,-2.0,0.17299578,0.16455697,-0.008438818,2010s,,,Brain Drain
GUF,2020,,253.0,253.0,44.0,25.0,19.0,0.09881423,0.17391305,0.07509881,2020s,,,Brain Gain
GUF,2021,,253.0,253.0,44.0,29.0,15.0,0.11462451,0.17391305,0.05928854,2020s,,,Brain Gain
GUF,2022,,0.0,0.0,23.0,45.0,-22.0,,,,2020s,,,Brain Drain
GUF,2023,,0.0,0.0,30.0,23.0,7.0,,,,2020s,,,Brain Gain
GUM,1996,152261.0,37.0,37.0,0.0,0.0,0.0,0.0,0.0,0.0,1990s,,0.243,Balanced
GUM,1997,154330.0,41.0,41.0,2.0,4.0,-2.0,0.09756097,0.048780486,-0.048780486,1990s,0.0136,0.266,Brain Drain
GUM,1998,156357.0,54.0,54.0,12.0,3.0,9.0,0.055555556,0.22222222,0.16666667,1990s,0.0131,0.345,Brain Gain
GUM,1999,158395.0,54.0,54.0,3.0,8.0,-5.0,0.14814815,0.055555556,-0.09259259,1990s,0.013,0.341,Brain Drain
GUM,2000,160188.0,43.0,43.0,2.0,17.0,-15.0,0.39534885,0.046511628,-0.3488372,2000s,0.0113,0.268,Brain Drain
GUM,2001,161524.0,38.0,38.0,3.0,8.0,-5.0,0.21052632,0.078947365,-0.13157895,2000s,0.0083,0.235,Brain Drain
GUM,2002,162563.0,41.0,41.0,8.0,9.0,-1.0,0.2195122,0.19512194,-0.024390243,2000s,0.0064,0.252,Brain Drain
GUM,2003,163385.0,49.0,49.0,8.0,7.0,1.0,0.14285715,0.1632653,0.020408163,2000s,0.0051,0.3,Brain Gain
GUM,2004,164004.0,49.0,49.0,8.0,8.0,0.0,0.1632653,0.1632653,0.0,2000s,0.0038,0.299,Balanced
GUM,2005,164430.0,52.0,52.0,7.0,4.0,3.0,0.07692308,0.13461539,0.057692308,2000s,0.0026,0.316,Brain Gain
GUM,2006,164675.0,52.0,52.0,6.0,5.0,1.0,0.09615385,0.115384616,0.01923077,2000s,0.0015,0.316,Brain Gain
GUM,2007,164763.0,53.0,53.0,4.0,7.0,-3.0,0.13207547,0.0754717,-0.056603774,2000s,0.0005,0.322,Brain Drain
GUM,2008,164725.0,49.0,49.0,5.0,9.0,-4.0,0.18367347,0.10204082,-0.08163265,2000s,-0.0002,0.297,Brain Drain
GUM,2009,164580.0,55.0,55.0,7.0,7.0,0.0,0.12727273,0.12727273,0.0,2000s,-0.0009,0.334,Balanced
GUM,2010,164905.0,52.0,52.0,6.0,7.0,-1.0,0.13461539,0.115384616,-0.01923077,2010s,0.002,0.315,Brain Drain
GUM,2011,165649.0,67.0,67.0,16.0,4.0,12.0,0.05970149,0.23880596,0.17910448,2010s,0.0045,0.404,Brain Gain
GUM,2012,166392.0,70.0,70.0,9.0,11.0,-2.0,0.15714286,0.12857144,-0.028571429,2010s,0.0045,0.421,Brain Drain
GUM,2013,167054.0,76.0,76.0,7.0,7.0,0.0,0.09210526,0.09210526,0.0,2010s,0.004,0.455,Balanced
GUM,2014,167543.0,69.0,69.0,3.0,8.0,-5.0,0.11594203,0.04347826,-0.072463766,2010s,0.0029,0.412,Brain Drain
GUM,2015,167978.0,69.0,69.0,6.0,6.0,0.0,0.08695652,0.08695652,0.0,2010s,0.0026,0.411,Balanced
GUM,2016,168346.0,65.0,65.0,13.0,10.0,3.0,0.15384616,0.2,0.046153847,2010s,0.0022,0.386,Brain Gain
GUM,2017,168606.0,66.0,66.0,10.0,13.0,-3.0,0.1969697,0.15151516,-0.045454547,2010s,0.0015,0.391,Brain Drain
GUM,2018,168678.0,71.0,71.0,17.0,13.0,4.0,0.18309858,0.23943663,0.056338027,2010s,0.0004,0.421,Brain Gain
GUM,2019,168624.0,86.0,86.0,16.0,15.0,1.0,0.1744186,0.18604651,0.011627907,2010s,-0.0003,0.51,Brain Gain
GUM,2020,169231.0,90.0,90.0,9.0,9.0,0.0,0.1,0.1,0.0,2020s,0.0036,0.532,Balanced
GUM,2021,170534.0,91.0,91.0,22.0,19.0,3.0,0.20879121,0.24175824,0.032967035,2020s,0.0077,0.534,Brain Gain
GUM,2022,171774.0,0.0,0.0,20.0,8.0,12.0,,,,2020s,0.0073,0.0,Brain Gain
GUM,2023,171774.0,,,,,,,,,2020s,0.0,,Unknown
GUY,1996,753571.0,13.0,13.0,0.0,0.0,0.0,0.0,0.0,0.0,1990s,,0.017,Balanced
GUY,1997,755211.0,22.0,22.0,2.0,1.0,1.0,0.045454547,0.09090909,0.045454547,1990s,0.0022,0.029,Brain Gain
GUY,1998,756697.0,,,,,,,,,1990s,0.002,,Unknown
GUY,1999,758014.0,25.0,25.0,4.0,4.0,0.0,0.16,0.16,0.0,1990s,0.0017,0.033,Balanced
GUY,2000,759051.0,25.0,25.0,7.0,10.0,-3.0,0.4,0.28,-0.12,2000s,0.0014,0.033,Brain Drain
GUY,2001,759809.0,25.0,25.0,2.0,5.0,-3.0,0.2,0.08,-0.12,2000s,0.001,0.033,Brain Drain
GUY,2002,760323.0,29.0,29.0,4.0,3.0,1.0,0.10344828,0.13793103,0.03448276,2000s,0.0007,0.038,Brain Gain
GUY,2003,760562.0,37.0,37.0,8.0,4.0,4.0,0.10810811,0.21621622,0.10810811,2000s,0.0003,0.049,Brain Gain
GUY,2004,760424.0,44.0,44.0,5.0,5.0,0.0,0.11363637,0.11363637,0.0,2000s,-0.0002,0.058,Balanced
GUY,2005,759709.0,46.0,46.0,7.0,6.0,1.0,0.13043478,0.1521739,0.02173913,2000s,-0.0009,0.061,Brain Gain
GUY,2006,758367.0,41.0,41.0,5.0,4.0,1.0,0.09756097,0.12195122,0.024390243,2000s,-0.0018,0.054,Brain Gain
GUY,2007,756521.0,40.0,40.0,6.0,9.0,-3.0,0.225,0.15,-0.075,2000s,-0.0024,0.053,Brain Drain
GUY,2008,754150.0,49.0,49.0,5.0,8.0,-3.0,0.1632653,0.10204082,-0.06122449,2000s,-0.0031,0.065,Brain Drain
GUY,2009,751258.0,60.0,60.0,10.0,3.0,7.0,0.05,0.16666667,0.11666667,2000s,-0.0038,0.08,Brain Gain
GUY,2010,747932.0,60.0,60.0,2.0,5.0,-3.0,0.083333336,0.033333335,-0.05,2010s,-0.0044,0.08,Brain Drain
GUY,2011,744230.0,65.0,65.0,4.0,4.0,0.0,0.06153846,0.06153846,0.0,2010s,-0.0049,0.087,Balanced
GUY,2012,743966.0,73.0,73.0,3.0,5.0,-2.0,0.06849315,0.04109589,-0.02739726,2010s,-0.0004,0.098,Brain Drain
GUY,2013,747420.0,69.0,69.0,3.0,5.0,-2.0,0.072463766,0.04347826,-0.028985508,2010s,0.0046,0.092,Brain Drain
GUY,2014,751115.0,80.0,80.0,8.0,4.0,4.0,0.05,0.1,0.05,2010s,0.0049,0.107,Brain Gain
GUY,2015,755031.0,90.0,90.0,6.0,7.0,-1.0,0.07777778,0.06666667,-0.011111111,2010s,0.0052,0.119,Brain Drain
GUY,2016,759087.0,90.0,90.0,5.0,10.0,-5.0,0.11111111,0.055555556,-0.055555556,2010s,0.0054,0.119,Brain Drain
GUY,2017,763252.0,101.0,101.0,7.0,6.0,1.0,0.05940594,0.06930693,0.00990099,2010s,0.0055,0.132,Brain Gain
GUY,2018,785514.0,123.0,123.0,9.0,5.0,4.0,0.040650405,0.07317073,0.032520324,2010s,0.0292,0.157,Brain Gain
GUY,2019,798753.0,133.0,133.0,10.0,3.0,7.0,0.02255639,0.075187966,0.05263158,2010s,0.0169,0.167,Brain Gain
GUY,2020,797202.0,143.0,143.0,15.0,8.0,7.0,0.055944055,0.10489511,0.04895105,2020s,-0.0019,0.179,Brain Gain
GUY,2021,804567.0,140.0,140.0,11.0,11.0,0.0,0.07857143,0.07857143,0.0,2020s,0.0092,0.174,Balanced
GUY,2022,808726.0,0.0,0.0,6.0,12.0,-6.0,,,,2020s,0.0052,0.0,Brain Drain
GUY,2023,808726.0,,,,,,,,,2020s,0.0,,Unknown
HKG,1996,6435500.0,5688.0,5688.0,0.0,0.0,0.0,0.0,0.0,0.0,1990s,,0.884,Balanced
HKG,1997,6489300.0,6844.0,6844.0,280.0,187.0,93.0,0.027323203,0.04091175,0.013588545,1990s,0.0084,1.055,Brain Gain
HKG,1998,6543700.0,8100.0,8100.0,390.0,269.0,121.0,0.033209875,0.048148148,0.014938272,1990s,0.0084,1.238,Brain Gain
HKG,1999,6606500.0,9126.0,9126.0,338.0,371.0,-33.0,0.04065308,0.037037037,-0.003616042,1990s,0.0096,1.381,Brain Drain
HKG,2000,6665000.0,10201.0,10201.0,466.0,392.0,74.0,0.038427606,0.045681797,0.0072541907,2000s,0.0089,1.531,Brain Gain
HKG,2001,6714300.0,11166.0,11166.0,509.0,527.0,-18.0,0.047196846,0.045584813,-0.0016120365,2000s,0.0074,1.663,Brain Drain
HKG,2002,6744100.0,12176.0,12176.0,534.0,579.0,-45.0,0.047552563,0.043856766,-0.003695795,2000s,0.0044,1.805,Brain Drain
HKG,2003,6730800.0,12985.0,12985.0,538.0,616.0,-78.0,0.04743935,0.04143242,-0.006006931,2000s,-0.002,1.929,Brain Drain
HKG,2004,6783500.0,13684.0,13684.0,481.0,634.0,-153.0,0.046331484,0.03515054,-0.011180941,2000s,0.0078,2.017,Brain Drain
HKG,2005,6813200.0,14510.0,14510.0,539.0,562.0,-23.0,0.03873191,0.037146796,-0.0015851137,2000s,0.0044,2.13,Brain Drain
HKG,2006,6857100.0,15337.0,15337.0,541.0,583.0,-42.0,0.03801265,0.035274174,-0.0027384756,2000s,0.0064,2.237,Brain Drain
HKG,2007,6916300.0,16134.0,16134.0,579.0,625.0,-46.0,0.03873807,0.035886947,-0.0028511218,2000s,0.0086,2.333,Brain Drain
HKG,2008,6957800.0,16817.0,16817.0,618.0,723.0,-105.0,0.042992212,0.03674853,-0.006243682,2000s,0.006,2.417,Brain Drain
HKG,2009,6972800.0,17445.0,17445.0,681.0,846.0,-165.0,0.04849527,0.039036974,-0.009458298,2000s,0.0022,2.502,Brain Drain
HKG,2010,7024200.0,17809.0,17809.0,699.0,1111.0,-412.0,0.06238419,0.03924982,-0.02313437,2010s,0.0074,2.535,Brain Drain
HKG,2011,7071600.0,18477.0,18477.0,896.0,1064.0,-168.0,0.057585105,0.048492722,-0.009092385,2010s,0.0067,2.613,Brain Drain
HKG,2012,7150100.0,19210.0,19210.0,1079.0,1102.0,-23.0,0.057365954,0.05616866,-0.001197293,2010s,0.0111,2.687,Brain Drain
HKG,2013,7178900.0,20382.0,20382.0,1108.0,1017.0,91.0,0.049896967,0.05436169,0.0044647236,2010s,0.004,2.839,Brain Gain
HKG,2014,7229500.0,21329.0,21329.0,1051.0,1131.0,-80.0,0.053026397,0.049275633,-0.003750762,2010s,0.007,2.95,Brain Drain
HKG,2015,7291300.0,22298.0,22298.0,1071.0,1211.0,-140.0,0.054309804,0.048031215,-0.00627859,2010s,0.0085,3.058,Brain Drain
HKG,2016,7336600.0,23434.0,23434.0,1267.0,1374.0,-107.0,0.058632758,0.05406674,-0.004566015,2010s,0.0062,3.194,Brain Drain
HKG,2017,7393200.0,24756.0,24756.0,1339.0,1291.0,48.0,0.052148975,0.0540879,0.0019389238,2010s,0.0077,3.348,Brain Gain
HKG,2018,7452600.0,25949.0,25949.0,1340.0,1599.0,-259.0,0.061620872,0.051639754,-0.009981117,2010s,0.008,3.482,Brain Drain
HKG,2019,7507900.0,26862.0,26862.0,1324.0,1901.0,-577.0,0.07076912,0.04928896,-0.021480158,2010s,0.0074,3.578,Brain Drain
HKG,2020,7481000.0,27283.0,27283.0,1596.0,2049.0,-453.0,0.07510171,0.058497965,-0.016603746,2020s,-0.0036,3.647,Brain Drain
HKG,2021,7413100.0,26069.0,26069.0,1973.0,2030.0,-57.0,0.077870265,0.075683765,-0.0021865051,2020s,-0.0091,3.517,Brain Drain
HKG,2022,7346100.0,0.0,0.0,1861.0,1961.0,-100.0,,,,2020s,-0.009,0.0,Brain Drain
HKG,2023,7346100.0,0.0,0.0,1460.0,1423.0,37.0,,,,2020s,0.0,0.0,Brain Gain
HND,1996,5976550.0,34.0,34.0,0.0,0.0,0.0,0.0,0.0,0.0,1990s,,0.006,Balanced
HND,1997,6144112.0,43.0,43.0,1.0,2.0,-1.0,0.046511628,0.023255814,-0.023255814,1990s,0.028,0.007,Brain Drain
HND,1998,6308537.0,46.0,46.0,1.0,2.0,-1.0,0.04347826,0.02173913,-0.02173913,1990s,0.0268,0.007,Brain Drain
HND,1999,6477365.0,49.0,49.0,6.0,3.0,3.0,0.06122449,0.12244898,0.06122449,1990s,0.0268,0.008,Brain Gain
HND,2000,6656725.0,47.0,47.0,0.0,4.0,-4.0,0.08510638,0.0,-0.08510638,2000s,0.0277,0.007,Brain Drain
HND,2001,6837861.0,44.0,44.0,3.0,3.0,0.0,0.06818182,0.06818182,0.0,2000s,0.0272,0.006,Balanced
HND,2002,7019908.0,46.0,46.0,1.0,2.0,-1.0,0.04347826,0.02173913,-0.02173913,2000s,0.0266,0.007,Brain Drain
HND,2003,7201881.0,58.0,58.0,9.0,4.0,5.0,0.06896552,0.15517241,0.0862069,2000s,0.0259,0.008,Brain Gain
HND,2004,7383407.0,75.0,75.0,6.0,0.0,6.0,0.0,0.08,0.08,2000s,0.0252,0.01,Brain Gain
HND,2005,7564613.0,75.0,75.0,4.0,3.0,1.0,0.04,0.053333335,0.013333334,2000s,0.0245,0.01,Brain Gain
HND,2006,7745200.0,82.0,82.0,3.0,10.0,-7.0,0.12195122,0.036585364,-0.085365854,2000s,0.0239,0.011,Brain Drain
HND,2007,7924462.0,85.0,85.0,4.0,6.0,-2.0,0.07058824,0.047058824,-0.023529412,2000s,0.0231,0.011,Brain Drain
HND,2008,8101777.0,91.0,91.0,6.0,10.0,-4.0,0.10989011,0.06593407,-0.043956045,2000s,0.0224,0.011,Brain Drain
HND,2009,8277302.0,104.0,104.0,7.0,6.0,1.0,0.057692308,0.067307696,0.009615385,2000s,0.0217,0.013,Brain Gain
HND,2010,8450933.0,129.0,129.0,8.0,5.0,3.0,0.03875969,0.062015504,0.023255814,2010s,0.021,0.015,Brain Gain
HND,2011,8622504.0,145.0,145.0,6.0,7.0,-1.0,0.048275862,0.04137931,-0.0068965517,2010s,0.0203,0.017,Brain Drain
HND,2012,8792367.0,162.0,162.0,6.0,3.0,3.0,0.018518519,0.037037037,0.018518519,2010s,0.0197,0.018,Brain Gain
HND,2013,8960657.0,181.0,181.0,7.0,4.0,3.0,0.022099448,0.038674034,0.016574586,2010s,0.0191,0.02,Brain Gain
HND,2014,9127846.0,190.0,190.0,8.0,13.0,-5.0,0.06842105,0.042105265,-0.02631579,2010s,0.0187,0.021,Brain Drain
HND,2015,9294505.0,217.0,217.0,6.0,3.0,3.0,0.013824885,0.02764977,0.013824885,2010s,0.0183,0.023,Brain Gain
HND,2016,9460798.0,244.0,244.0,6.0,9.0,-3.0,0.036885247,0.024590164,-0.012295082,2010s,0.0179,0.026,Brain Drain
HND,2017,9626842.0,265.0,265.0,9.0,8.0,1.0,0.03018868,0.033962265,0.003773585,2010s,0.0176,0.028,Brain Gain
HND,2018,9792850.0,291.0,291.0,14.0,12.0,2.0,0.041237112,0.048109967,0.0068728523,2010s,0.0172,0.03,Brain Gain
HND,2019,9958829.0,342.0,342.0,20.0,9.0,11.0,0.02631579,0.058479533,0.032163743,2010s,0.0169,0.034,Brain Gain
HND,2020,10121763.0,370.0,370.0,17.0,15.0,2.0,0.04054054,0.045945946,0.0054054055,2020s,0.0164,0.037,Brain Gain
HND,2021,10278345.0,359.0,359.0,17.0,14.0,3.0,0.038997214,0.04735376,0.008356546,2020s,0.0155,0.035,Brain Gain
HND,2022,10432860.0,0.0,0.0,17.0,19.0,-2.0,,,,2020s,0.015,0.0,Brain Drain
HND,2023,10432860.0,,,,,,,,,2020s,0.0,,Unknown
HRV,1996,4557097.0,4114.0,4114.0,0.0,0.0,0.0,0.0,0.0,0.0,1990s,,0.903,Balanced
HRV,1997,4534920.0,4827.0,4827.0,38.0,53.0,-15.0,0.010979905,0.007872384,-0.0031075203,1990s,-0.0049,1.064,Brain Drain
HRV,1998,4532135.0,5686.0,5686.0,65.0,56.0,9.0,0.009848751,0.011431586,0.001582835,1990s,-0.0006,1.255,Brain Gain
HRV,1999,4512597.0,6333.0,6333.0,81.0,68.0,13.0,0.010737407,0.012790147,0.0020527397,1990s,-0.0043,1.403,Brain Gain
HRV,2000,4468302.0,6925.0,6925.0,89.0,97.0,-8.0,0.01400722,0.012851985,-0.0011552346,2000s,-0.0098,1.55,Brain Drain
HRV,2001,4299642.0,7615.0,7615.0,94.0,90.0,4.0,0.011818779,0.012344058,0.000525279,2000s,-0.0377,1.771,Brain Gain
HRV,2002,4302174.0,8187.0,8187.0,101.0,119.0,-18.0,0.014535239,0.012336631,-0.0021986077,2000s,0.0006,1.903,Brain Drain
HRV,2003,4303399.0,8699.0,8699.0,85.0,95.0,-10.0,0.010920796,0.009771238,-0.0011495574,2000s,0.0003,2.021,Brain Drain
HRV,2004,4304600.0,9311.0,9311.0,66.0,78.0,-12.0,0.008377188,0.00708839,-0.0012887982,2000s,0.0003,2.163,Brain Drain
HRV,2005,4310145.0,10023.0,10023.0,63.0,84.0,-21.0,0.008380724,0.006285543,-0.002095181,2000s,0.0013,2.325,Brain Drain
HRV,2006,4311159.0,10731.0,10731.0,70.0,91.0,-21.0,0.008480105,0.006523157,-0.0019569471,2000s,0.0002,2.489,Brain Drain
HRV,2007,4310217.0,11696.0,11696.0,96.0,85.0,11.0,0.007267442,0.008207934,0.0009404925,2000s,-0.0002,2.714,Brain Gain
HRV,2008,4309705.0,12595.0,12595.0,80.0,85.0,-5.0,0.00674871,0.006351727,-0.00039698294,2000s,-0.0001,2.922,Brain Drain
HRV,2009,4305181.0,13693.0,13693.0,89.0,85.0,4.0,0.0062075513,0.0064996714,0.00029212006,2000s,-0.001,3.181,Brain Gain
HRV,2010,4295427.0,14585.0,14585.0,121.0,104.0,17.0,0.0071306136,0.0082961945,0.001165581,2010s,-0.0023,3.395,Brain Gain
HRV,2011,4280622.0,15238.0,15238.0,89.0,123.0,-34.0,0.0080719255,0.0058406615,-0.002231264,2010s,-0.0034,3.56,Brain Drain
HRV,2012,4267558.0,15734.0,15734.0,98.0,135.0,-37.0,0.0085801445,0.0062285494,-0.0023515953,2010s,-0.0031,3.687,Brain Drain
HRV,2013,4255689.0,16085.0,16085.0,98.0,150.0,-52.0,0.009325459,0.0060926327,-0.0032328255,2010s,-0.0028,3.78,Brain Drain
HRV,2014,4238389.0,16304.0,16304.0,131.0,164.0,-33.0,0.010058882,0.008034838,-0.0020240431,2010s,-0.0041,3.847,Brain Drain
HRV,2015,4203604.0,16638.0,16638.0,128.0,176.0,-48.0,0.010578195,0.0076932325,-0.0028849621,2010s,-0.0082,3.958,Brain Drain
HRV,2016,4174349.0,17023.0,17023.0,186.0,180.0,6.0,0.010573929,0.010926394,0.00035246433,2010s,-0.007,4.078,Brain Gain
HRV,2017,4124531.0,17490.0,17490.0,154.0,175.0,-21.0,0.010005717,0.008805032,-0.0012006861,2010s,-0.0119,4.24,Brain Drain
HRV,2018,4087843.0,17998.0,17998.0,165.0,184.0,-19.0,0.010223358,0.009167685,-0.0010556729,2010s,-0.0089,4.403,Brain Drain
HRV,2019,4065253.0,18597.0,18597.0,156.0,234.0,-78.0,0.012582675,0.008388449,-0.0041942247,2010s,-0.0055,4.575,Brain Drain
HRV,2020,4047680.0,18680.0,18680.0,150.0,191.0,-41.0,0.01022484,0.008029979,-0.0021948607,2020s,-0.0043,4.615,Brain Drain
HRV,2021,3879000.0,18027.0,18027.0,143.0,166.0,-23.0,0.00920841,0.007932546,-0.001275864,2020s,-0.0417,4.647,Brain Drain
HRV,2022,3855600.0,0.0,0.0,122.0,112.0,10.0,,,,2020s,-0.006,0.0,Brain Gain
HRV,2023,3855600.0,0.0,0.0,70.0,76.0,-6.0,,,,2020s,0.0,0.0,Brain Drain
HTI,1996,7770593.0,18.0,18.0,0.0,0.0,0.0,0.0,0.0,0.0,1990s,,0.002,Balanced
HTI,1997,7915172.0,23.0,23.0,4.0,0.0,4.0,0.0,0.17391305,0.17391305,1990s,0.0186,0.003,Brain Gain
HTI,1998,8060896.0,27.0,27.0,1.0,4.0,-3.0,0.14814815,0.037037037,-0.11111111,1990s,0.0184,0.003,Brain Drain
HTI,1999,8208941.0,22.0,22.0,0.0,7.0,-7.0,0.3181818,0.0,-0.3181818,1990s,0.0184,0.003,Brain Drain
HTI,2000,8360225.0,28.0,28.0,2.0,0.0,2.0,0.0,0.071428575,0.071428575,2000s,0.0184,0.003,Brain Gain
HTI,2001,8511728.0,25.0,25.0,2.0,2.0,0.0,0.08,0.08,0.0,2000s,0.0181,0.003,Balanced
HTI,2002,8661546.0,32.0,32.0,2.0,1.0,1.0,0.03125,0.0625,0.03125,2000s,0.0176,0.004,Brain Gain
HTI,2003,8812245.0,43.0,43.0,4.0,0.0,4.0,0.0,0.093023255,0.093023255,2000s,0.0174,0.005,Brain Gain
HTI,2004,8961489.0,59.0,59.0,3.0,5.0,-2.0,0.084745765,0.050847456,-0.033898305,2000s,0.0169,0.007,Brain Drain
HTI,2005,9111900.0,69.0,69.0,1.0,2.0,-1.0,0.028985508,0.014492754,-0.014492754,2000s,0.0168,0.008,Brain Drain
HTI,2006,9266288.0,88.0,88.0,13.0,1.0,12.0,0.011363637,0.14772727,0.13636364,2000s,0.0169,0.009,Brain Gain
HTI,2007,9420826.0,93.0,93.0,4.0,5.0,-1.0,0.05376344,0.043010753,-0.010752688,2000s,0.0167,0.01,Brain Drain
HTI,2008,9575247.0,98.0,98.0,1.0,6.0,-5.0,0.06122449,0.010204081,-0.05102041,2000s,0.0164,0.01,Brain Drain
HTI,2009,9730638.0,114.0,114.0,8.0,5.0,3.0,0.04385965,0.07017544,0.02631579,2000s,0.0162,0.012,Brain Gain
HTI,2010,9842880.0,125.0,125.0,2.0,0.0,2.0,0.0,0.016,0.016,2010s,0.0115,0.013,Brain Gain
HTI,2011,9954312.0,168.0,168.0,12.0,7.0,5.0,0.041666668,0.071428575,0.029761905,2010s,0.0113,0.017,Brain Gain
HTI,2012,10108539.0,193.0,193.0,11.0,20.0,-9.0,0.103626944,0.05699482,-0.046632126,2010s,0.0155,0.019,Brain Drain
HTI,2013,10261206.0,220.0,220.0,6.0,12.0,-6.0,0.054545455,0.027272727,-0.027272727,2010s,0.0151,0.021,Brain Drain
HTI,2014,10412740.0,257.0,257.0,27.0,6.0,21.0,0.023346303,0.105058365,0.08171206,2010s,0.0148,0.025,Brain Gain
HTI,2015,10563757.0,300.0,300.0,17.0,11.0,6.0,0.036666665,0.05666667,0.02,2010s,0.0145,0.028,Brain Gain
HTI,2016,10713849.0,311.0,311.0,11.0,13.0,-2.0,0.041800644,0.035369776,-0.006430868,2010s,0.0142,0.029,Brain Drain
HTI,2017,10863543.0,359.0,359.0,26.0,14.0,12.0,0.038997214,0.0724234,0.033426184,2010s,0.014,0.033,Brain Gain
HTI,2018,11012421.0,365.0,365.0,13.0,22.0,-9.0,0.06027397,0.03561644,-0.024657534,2010s,0.0137,0.033,Brain Drain
HTI,2019,11160438.0,350.0,350.0,15.0,15.0,0.0,0.042857144,0.042857144,0.0,2010s,0.0134,0.031,Balanced
HTI,2020,11306801.0,352.0,352.0,19.0,11.0,8.0,0.03125,0.053977273,0.022727273,2020s,0.0131,0.031,Brain Gain
HTI,2021,11447569.0,349.0,349.0,25.0,16.0,9.0,0.045845274,0.071633235,0.025787966,2020s,0.0124,0.03,Brain Gain
HTI,2022,11584996.0,0.0,0.0,7.0,11.0,-4.0,,,,2020s,0.012,0.0,Brain Drain
HTI,2023,11584996.0,,,,,,,,,2020s,0.0,,Unknown
HUN,1996,10311238.0,8426.0,8426.0,0.0,0.0,0.0,0.0,0.0,0.0,1990s,,0.817,Balanced
HUN,1997,10290486.0,9754.0,9754.0,196.0,184.0,12.0,0.018864056,0.02009432,0.0012302645,1990s,-0.002,0.948,Brain Gain
HUN,1998,10266570.0,11061.0,11061.0,218.0,247.0,-29.0,0.02233071,0.019708887,-0.0026218244,1990s,-0.0023,1.077,Brain Drain
HUN,1999,10237530.0,11923.0,11923.0,202.0,268.0,-66.0,0.022477563,0.016942045,-0.0055355197,1990s,-0.0028,1.165,Brain Drain
HUN,2000,10210971.0,12660.0,12660.0,252.0,312.0,-60.0,0.02464455,0.019905213,-0.0047393367,2000s,-0.0026,1.24,Brain Drain
HUN,2001,10187576.0,13227.0,13227.0,292.0,291.0,1.0,0.022000454,0.022076057,7.560293e-05,2000s,-0.0023,1.298,Brain Gain
HUN,2002,10158608.0,13850.0,13850.0,281.0,329.0,-48.0,0.023754513,0.020288808,-0.003465704,2000s,-0.0028,1.363,Brain Drain
HUN,2003,10129552.0,14444.0,14444.0,300.0,331.0,-31.0,0.02291609,0.02076987,-0.0021462198,2000s,-0.0029,1.426,Brain Drain
HUN,2004,10107146.0,15077.0,15077.0,248.0,294.0,-46.0,0.0194999,0.016448896,-0.0030510048,2000s,-0.0022,1.492,Brain Drain
HUN,2005,10087065.0,15745.0,15745.0,246.0,287.0,-41.0,0.01822801,0.015624007,-0.0026040012,2000s,-0.002,1.561,Brain Drain
HUN,2006,10071370.0,16639.0,16639.0,266.0,274.0,-8.0,0.016467337,0.015986538,-0.00048079813,2000s,-0.0016,1.652,Brain Drain
HUN,2007,10055780.0,17468.0,17468.0,279.0,273.0,6.0,0.015628578,0.015972063,0.00034348524,2000s,-0.0015,1.737,Brain Gain
HUN,2008,10038188.0,18250.0,18250.0,254.0,323.0,-69.0,0.01769863,0.013917808,-0.0037808218,2000s,-0.0017,1.818,Brain Drain
HUN,2009,10022650.0,19021.0,19021.0,245.0,342.0,-97.0,0.017980127,0.0128805,-0.0050996267,2000s,-0.0015,1.898,Brain Drain
HUN,2010,10000023.0,19743.0,19743.0,271.0,366.0,-95.0,0.018538216,0.013726384,-0.004811832,2010s,-0.0023,1.974,Brain Drain
HUN,2011,9971727.0,20464.0,20464.0,274.0,362.0,-88.0,0.0176896,0.013389367,-0.0043002344,2010s,-0.0028,2.052,Brain Drain
HUN,2012,9920362.0,21325.0,21325.0,270.0,348.0,-78.0,0.016318874,0.012661195,-0.0036576788,2010s,-0.0052,2.15,Brain Drain
HUN,2013,9893082.0,22150.0,22150.0,304.0,384.0,-80.0,0.017336342,0.013724605,-0.003611738,2010s,-0.0027,2.239,Brain Drain
HUN,2014,9866468.0,23057.0,23057.0,289.0,411.0,-122.0,0.01782539,0.012534155,-0.0052912347,2010s,-0.0027,2.337,Brain Drain
HUN,2015,9843028.0,23796.0,23796.0,317.0,367.0,-50.0,0.0154227605,0.013321566,-0.0021011934,2010s,-0.0024,2.418,Brain Drain
HUN,2016,9814023.0,24536.0,24536.0,344.0,427.0,-83.0,0.017403,0.014020215,-0.0033827845,2010s,-0.0029,2.5,Brain Drain
HUN,2017,9787966.0,25329.0,25329.0,362.0,439.0,-77.0,0.017331911,0.014291918,-0.0030399936,2010s,-0.0027,2.588,Brain Drain
HUN,2018,9775564.0,26092.0,26092.0,353.0,436.0,-83.0,0.016710103,0.013529051,-0.0031810517,2010s,-0.0013,2.669,Brain Drain
HUN,2019,9771141.0,26879.0,26879.0,391.0,384.0,7.0,0.014286246,0.014546672,0.00026042634,2010s,-0.0005,2.751,Brain Gain
HUN,2020,9750149.0,27067.0,27067.0,366.0,403.0,-37.0,0.0148889795,0.013522001,-0.0013669783,2020s,-0.0021,2.776,Brain Drain
HUN,2021,9709891.0,26052.0,26052.0,398.0,452.0,-54.0,0.017349916,0.015277138,-0.0020727776,2020s,-0.0041,2.683,Brain Drain
HUN,2022,9643048.0,0.0,0.0,346.0,388.0,-42.0,,,,2020s,-0.0069,0.0,Brain Drain
HUN,2023,9643048.0,0.0,0.0,179.0,220.0,-41.0,,,,2020s,0.0,0.0,Brain Drain
IDN,1996,201373791.0,874.0,874.0,0.0,0.0,0.0,0.0,0.0,0.0,1990s,,0.004,Balanced
IDN,1997,204628007.0,1122.0,1122.0,48.0,26.0,22.0,0.023172906,0.04278075,0.019607844,1990s,0.0162,0.005,Brain Gain
IDN,1998,207855486.0,1424.0,1424.0,66.0,47.0,19.0,0.033005618,0.046348315,0.013342696,1990s,0.0158,0.007,Brain Gain
IDN,1999,210996910.0,1586.0,1586.0,72.0,56.0,16.0,0.035308953,0.045397226,0.010088272,1990s,0.0151,0.008,Brain Gain
IDN,2000,214072421.0,1662.0,1662.0,80.0,93.0,-13.0,0.05595668,0.048134778,-0.007821902,2000s,0.0146,0.008,Brain Drain
IDN,2001,217112437.0,1723.0,1723.0,93.0,97.0,-4.0,0.056297157,0.053975623,-0.0023215322,2000s,0.0142,0.008,Brain Drain
IDN,2002,220115092.0,1853.0,1853.0,113.0,84.0,29.0,0.045331895,0.06098219,0.015650297,2000s,0.0138,0.008,Brain Gain
IDN,2003,223080121.0,2052.0,2052.0,129.0,65.0,64.0,0.03167641,0.062865496,0.031189084,2000s,0.0135,0.009,Brain Gain
IDN,2004,225938595.0,2349.0,2349.0,101.0,56.0,45.0,0.023839932,0.04299702,0.019157087,2000s,0.0128,0.01,Brain Gain
IDN,2005,228805144.0,2702.0,2702.0,129.0,52.0,77.0,0.019245004,0.04774241,0.02849741,2000s,0.0127,0.012,Brain Gain
IDN,2006,231797427.0,3083.0,3083.0,125.0,67.0,58.0,0.021732079,0.040544923,0.018812845,2000s,0.0131,0.013,Brain Gain
IDN,2007,234858289.0,3716.0,3716.0,181.0,82.0,99.0,0.022066738,0.04870829,0.02664155,2000s,0.0132,0.016,Brain Gain
IDN,2008,237936543.0,4515.0,4515.0,204.0,97.0,107.0,0.021483943,0.045182724,0.023698783,2000s,0.0131,0.019,Brain Gain
IDN,2009,240981299.0,5632.0,5632.0,253.0,85.0,168.0,0.015092329,0.044921875,0.029829545,2000s,0.0128,0.023,Brain Gain
IDN,2010,244016173.0,7012.0,7012.0,296.0,114.0,182.0,0.016257843,0.042213347,0.025955506,2010s,0.0126,0.029,Brain Gain
IDN,2011,247099697.0,8695.0,8695.0,296.0,144.0,152.0,0.016561242,0.034042552,0.01748131,2010s,0.0126,0.035,Brain Gain
IDN,2012,250222695.0,10982.0,10982.0,351.0,141.0,210.0,0.012839192,0.031961393,0.0191222,2010s,0.0126,0.044,Brain Gain
IDN,2013,253275918.0,14361.0,14361.0,435.0,168.0,267.0,0.011698349,0.030290369,0.01859202,2010s,0.0122,0.057,Brain Gain
IDN,2014,256229761.0,18718.0,18718.0,555.0,191.0,364.0,0.010204081,0.029650604,0.019446522,2010s,0.0117,0.073,Brain Gain
IDN,2015,259091970.0,24652.0,24652.0,591.0,215.0,376.0,0.008721402,0.023973715,0.015252313,2010s,0.0112,0.095,Brain Gain
IDN,2016,261850182.0,32282.0,32282.0,668.0,253.0,415.0,0.007837185,0.020692647,0.012855461,2010s,0.0106,0.123,Brain Gain
IDN,2017,264498852.0,42959.0,42959.0,764.0,306.0,458.0,0.007123071,0.0177844,0.010661328,2010s,0.0101,0.162,Brain Gain
IDN,2018,267066843.0,52405.0,52405.0,803.0,331.0,472.0,0.006316191,0.015322966,0.009006774,2010s,0.0097,0.196,Brain Gain
IDN,2019,269582878.0,59288.0,59288.0,845.0,401.0,444.0,0.0067635947,0.014252462,0.0074888677,2010s,0.0094,0.22,Brain Gain
IDN,2020,271857970.0,64219.0,64219.0,1022.0,544.0,478.0,0.008471013,0.015914293,0.00744328,2020s,0.0084,0.236,Brain Gain
IDN,2021,273753191.0,64382.0,64382.0,973.0,626.0,347.0,0.009723214,0.01511292,0.0053897053,2020s,0.007,0.235,Brain Gain
IDN,2022,275501339.0,0.0,0.0,728.0,545.0,183.0,,,,2020s,0.0064,0.0,Brain Gain
IDN,2023,275501339.0,0.0,0.0,399.0,339.0,60.0,,,,2020s,0.0,0.0,Brain Gain
IMN,1996,71981.0,,,,,,,,,1990s,,,Unknown
IMN,1997,72793.0,,,,,,,,,1990s,0.0113,,Unknown
IMN,1998,73727.0,,,,,,,,,1990s,0.0128,,Unknown
IMN,1999,74668.0,,,,,,,,,1990s,0.0128,,Unknown
IMN,2000,75562.0,,,,,,,,,2000s,0.012,,Unknown
IMN,2001,76398.0,,,,,,,,,2000s,0.0111,,Unknown
IMN,2002,77183.0,,,,,,,,,2000s,0.0103,,Unknown
IMN,2003,77939.0,,,,,,,,,2000s,0.0098,,Unknown
IMN,2004,78677.0,,,,,,,,,2000s,0.0095,,Unknown
IMN,2005,79415.0,,,,,,,,,2000s,0.0094,,Unknown
IMN,2006,80228.0,,,,,,,,,2000s,0.0102,,Unknown
IMN,2007,81100.0,,,,,,,,,2000s,0.0109,,Unknown
IMN,2008,81997.0,,,,,,,,,2000s,0.0111,,Unknown
IMN,2009,82915.0,,,,,,,,,2000s,0.0112,,Unknown
IMN,2010,83828.0,,,,,,,,,2010s,0.011,,Unknown
IMN,2011,84350.0,,,,,,,,,2010s,0.0062,,Unknown
IMN,2012,84338.0,,,,,,,,,2010s,-0.0001,,Unknown
IMN,2013,84144.0,,,,,,,,,2010s,-0.0023,,Unknown
IMN,2014,83896.0,,,,,,,,,2010s,-0.0029,,Unknown
IMN,2015,83593.0,,,,,,,,,2010s,-0.0036,,Unknown
IMN,2016,83450.0,,,,,,,,,2010s,-0.0017,,Unknown
IMN,2017,83580.0,,,,,,,,,2010s,0.0016,,Unknown
IMN,2018,83775.0,,,,,,,,,2010s,0.0023,,Unknown
IMN,2019,83933.0,,,,,,,,,2010s,0.0019,,Unknown
IMN,2020,84046.0,,,,,,,,,2020s,0.0013,,Unknown
IMN,2021,84263.0,,,,,,,,,2020s,0.0026,,Unknown
IMN,2022,84519.0,,,,,,,,,2020s,0.003,,Unknown
IMN,2023,84519.0,,,,,,,,,2020s,0.0,,Unknown
IND,1996,983281218.0,44461.0,44461.0,0.0,0.0,0.0,0.0,0.0,0.0,1990s,,0.045,Balanced
IND,1997,1002335230.0,52665.0,52665.0,476.0,578.0,-102.0,0.010975031,0.009038261,-0.0019367702,1990s,0.0194,0.053,Brain Drain
IND,1998,1021434576.0,60182.0,60182.0,512.0,826.0,-314.0,0.013725034,0.008507527,-0.005217507,1990s,0.0191,0.059,Brain Drain
IND,1999,1040500054.0,65579.0,65579.0,573.0,973.0,-400.0,0.014837067,0.008737553,-0.0060995137,1990s,0.0187,0.063,Brain Drain
IND,2000,1059633675.0,70860.0,70860.0,666.0,1138.0,-472.0,0.016059836,0.009398814,-0.0066610216,2000s,0.0184,0.067,Brain Drain
IND,2001,1078970907.0,76524.0,76524.0,757.0,1282.0,-525.0,0.016752914,0.009892321,-0.006860593,2000s,0.0182,0.071,Brain Drain
IND,2002,1098313039.0,82609.0,82609.0,835.0,1423.0,-588.0,0.017225726,0.010107857,-0.0071178684,2000s,0.0179,0.075,Brain Drain
IND,2003,1117415123.0,90129.0,90129.0,868.0,1378.0,-510.0,0.015289197,0.009630641,-0.0056585562,2000s,0.0174,0.081,Brain Drain
IND,2004,1136264583.0,98714.0,98714.0,829.0,1516.0,-687.0,0.015357497,0.008397998,-0.0069594993,2000s,0.0169,0.087,Brain Drain
IND,2005,1154638713.0,108606.0,108606.0,923.0,1541.0,-618.0,0.014188903,0.00849861,-0.0056902934,2000s,0.0162,0.094,Brain Drain
IND,2006,1172373788.0,120680.0,120680.0,1104.0,1694.0,-590.0,0.014037123,0.00914816,-0.0048889625,2000s,0.0154,0.103,Brain Drain
IND,2007,1189691809.0,135780.0,135780.0,1175.0,1883.0,-708.0,0.013868022,0.008653704,-0.0052143172,2000s,0.0148,0.114,Brain Drain
IND,2008,1206734806.0,153944.0,153944.0,1258.0,2187.0,-929.0,0.014206464,0.008171802,-0.006034662,2000s,0.0143,0.128,Brain Drain
IND,2009,1223640160.0,176056.0,176056.0,1468.0,2412.0,-944.0,0.013700186,0.008338256,-0.0053619305,2000s,0.014,0.144,Brain Drain
IND,2010,1240613620.0,198244.0,198244.0,1714.0,2653.0,-939.0,0.013382498,0.008645911,-0.0047365874,2010s,0.0139,0.16,Brain Drain
IND,2011,1257621191.0,221554.0,221554.0,1912.0,2678.0,-766.0,0.012087347,0.008629951,-0.0034573963,2010s,0.0137,0.176,Brain Drain
IND,2012,1274487215.0,247820.0,247820.0,2069.0,2802.0,-733.0,0.011306593,0.008348801,-0.002957792,2010s,0.0134,0.194,Brain Drain
IND,2013,1291132063.0,272778.0,272778.0,2292.0,2993.0,-701.0,0.010972292,0.008402437,-0.0025698554,2010s,0.0131,0.211,Brain Drain
IND,2014,1307246509.0,295045.0,295045.0,2454.0,3255.0,-801.0,0.011032215,0.008317376,-0.00271484,2010s,0.0125,0.226,Brain Drain
IND,2015,1322866505.0,314144.0,314144.0,2521.0,3517.0,-996.0,0.011195502,0.008024982,-0.0031705205,2010s,0.0119,0.237,Brain Drain
IND,2016,1338636340.0,333321.0,333321.0,2514.0,3866.0,-1352.0,0.011598429,0.007542279,-0.00405615,2010s,0.0119,0.249,Brain Drain
IND,2017,1354195680.0,355218.0,355218.0,2562.0,4402.0,-1840.0,0.01239239,0.007212472,-0.005179918,2010s,0.0116,0.262,Brain Drain
IND,2018,1369003306.0,374986.0,374986.0,2778.0,4638.0,-1860.0,0.012368462,0.0074082767,-0.0049601854,2010s,0.0109,0.274,Brain Drain
IND,2019,1383112050.0,392111.0,392111.0,2939.0,4936.0,-1997.0,0.012588272,0.0074953265,-0.0050929454,2010s,0.0103,0.283,Brain Drain
IND,2020,1396387127.0,405022.0,405022.0,3087.0,5285.0,-2198.0,0.013048674,0.007621808,-0.0054268655,2020s,0.0096,0.29,Brain Drain
IND,2021,1407563842.0,391164.0,391164.0,3275.0,4996.0,-1721.0,0.012772136,0.008372447,-0.004399689,2020s,0.008,0.278,Brain Drain
IND,2022,1417173173.0,0.0,0.0,2869.0,4258.0,-1389.0,,,,2020s,0.0068,0.0,Brain Drain
IND,2023,1417173173.0,0.0,0.0,1960.0,3025.0,-1065.0,,,,2020s,0.0,0.0,Brain Drain
IOT,1997,,1.0,1.0,0.0,0.0,0.0,0.0,0.0,0.0,1990s,,,Balanced
IOT,2012,,2.0,2.0,1.0,1.0,0.0,0.5,0.5,0.0,2010s,,,Balanced
IOT,2015,,2.0,2.0,0.0,0.0,0.0,0.0,0.0,0.0,2010s,,,Balanced
IOT,2020,,2.0,2.0,0.0,1.0,-1.0,0.5,0.0,-0.5,2020s,,,Brain Drain
IRL,1996,3637510.0,4567.0,4567.0,0.0,0.0,0.0,0.0,0.0,0.0,1990s,,1.256,Balanced
IRL,1997,3674171.0,5329.0,5329.0,206.0,192.0,14.0,0.036029276,0.03865641,0.0026271346,1990s,0.0101,1.45,Brain Gain
IRL,1998,3712696.0,6182.0,6182.0,280.0,261.0,19.0,0.04221935,0.045292787,0.003073439,1990s,0.0105,1.665,Brain Gain
IRL,1999,3754786.0,6858.0,6858.0,288.0,303.0,-15.0,0.044181976,0.04199475,-0.0021872267,1990s,0.0113,1.826,Brain Drain
IRL,2000,3805174.0,7506.0,7506.0,355.0,304.0,51.0,0.04050093,0.047295496,0.0067945644,2000s,0.0134,1.973,Brain Gain
IRL,2001,3866243.0,8025.0,8025.0,439.0,332.0,107.0,0.041370716,0.05470405,0.013333334,2000s,0.016,2.076,Brain Gain
IRL,2002,3931947.0,8956.0,8956.0,500.0,408.0,92.0,0.045556054,0.055828493,0.010272443,2000s,0.017,2.278,Brain Gain
IRL,2003,3996521.0,9794.0,9794.0,478.0,391.0,87.0,0.0399224,0.04880539,0.008882989,2000s,0.0164,2.451,Brain Gain
IRL,2004,4070262.0,10690.0,10690.0,463.0,382.0,81.0,0.03573433,0.043311507,0.007577175,2000s,0.0185,2.626,Brain Gain
IRL,2005,4159914.0,11681.0,11681.0,532.0,411.0,121.0,0.035185345,0.045544047,0.010358702,2000s,0.022,2.808,Brain Gain
IRL,2006,4273591.0,12897.0,12897.0,563.0,428.0,135.0,0.03318601,0.043653563,0.010467551,2000s,0.0273,3.018,Brain Gain
IRL,2007,4398942.0,14251.0,14251.0,630.0,460.0,170.0,0.032278437,0.044207424,0.011928988,2000s,0.0293,3.24,Brain Gain
IRL,2008,4489544.0,15759.0,15759.0,727.0,549.0,178.0,0.034837235,0.046132367,0.011295133,2000s,0.0206,3.51,Brain Gain
IRL,2009,4535375.0,17181.0,17181.0,752.0,588.0,164.0,0.03422385,0.04376928,0.009545428,2000s,0.0102,3.788,Brain Gain
IRL,2010,4560155.0,18305.0,18305.0,801.0,736.0,65.0,0.040207595,0.043758538,0.0035509423,2010s,0.0055,4.014,Brain Gain
IRL,2011,4580084.0,19259.0,19259.0,718.0,804.0,-86.0,0.041746717,0.03728127,-0.004465445,2010s,0.0044,4.205,Brain Drain
IRL,2012,4599533.0,20030.0,20030.0,660.0,886.0,-226.0,0.04423365,0.032950573,-0.011283075,2010s,0.0042,4.355,Brain Drain
IRL,2013,4623816.0,20825.0,20825.0,706.0,937.0,-231.0,0.044993997,0.03390156,-0.011092437,2010s,0.0053,4.504,Brain Drain
IRL,2014,4657740.0,21523.0,21523.0,719.0,913.0,-194.0,0.042419735,0.033406124,-0.009013614,2010s,0.0073,4.621,Brain Drain
IRL,2015,4701957.0,22299.0,22299.0,804.0,917.0,-113.0,0.04112292,0.036055427,-0.005067492,2010s,0.0095,4.742,Brain Drain
IRL,2016,4755335.0,23061.0,23061.0,837.0,978.0,-141.0,0.042409264,0.036295045,-0.006114219,2010s,0.0114,4.85,Brain Drain
IRL,2017,4807388.0,24086.0,24086.0,948.0,871.0,77.0,0.036162086,0.039358962,0.003196878,2010s,0.0109,5.01,Brain Gain
IRL,2018,4867316.0,25477.0,25477.0,1156.0,963.0,193.0,0.0377988,0.04537426,0.0075754602,2010s,0.0125,5.234,Brain Gain
IRL,2019,4934340.0,26797.0,26797.0,1263.0,973.0,290.0,0.036310036,0.047132142,0.010822107,2010s,0.0138,5.431,Brain Gain
IRL,2020,4985382.0,27086.0,27086.0,1327.0,1105.0,222.0,0.040795982,0.048992097,0.008196116,2020s,0.0103,5.433,Brain Gain
IRL,2021,5033164.0,26075.0,26075.0,1252.0,1199.0,53.0,0.04598274,0.04801534,0.0020325982,2020s,0.0096,5.181,Brain Gain
IRL,2022,5127170.0,0.0,0.0,1188.0,989.0,199.0,,,,2020s,0.0187,0.0,Brain Gain
IRL,2023,5127170.0,0.0,0.0,685.0,666.0,19.0,,,,2020s,0.0,0.0,Brain Gain
IRN,1996,61598378.0,1969.0,1969.0,0.0,0.0,0.0,0.0,0.0,0.0,1990s,,0.032,Balanced
IRN,1997,62480533.0,2591.0,2591.0,42.0,37.0,5.0,0.014280201,0.016209958,0.0019297568,1990s,0.0143,0.041,Brain Gain
IRN,1998,63461421.0,3480.0,3480.0,97.0,43.0,54.0,0.012356322,0.027873563,0.015517241,1990s,0.0157,0.055,Brain Gain
IRN,1999,64474745.0,4347.0,4347.0,126.0,51.0,75.0,0.011732229,0.028985508,0.017253278,1990s,0.016,0.067,Brain Gain
IRN,2000,65544383.0,5627.0,5627.0,130.0,65.0,65.0,0.011551448,0.023102896,0.011551448,2000s,0.0166,0.086,Brain Gain
IRN,2001,66674851.0,7233.0,7233.0,168.0,90.0,78.0,0.01244297,0.023226878,0.010783907,2000s,0.0172,0.108,Brain Gain
IRN,2002,67327117.0,9559.0,9559.0,230.0,111.0,119.0,0.011612093,0.024061095,0.012449001,2000s,0.0098,0.142,Brain Gain
IRN,2003,67954699.0,13006.0,13006.0,244.0,141.0,103.0,0.01084115,0.018760571,0.007919421,2000s,0.0093,0.191,Brain Gain
IRN,2004,69061674.0,17515.0,17515.0,268.0,140.0,128.0,0.007993149,0.015301171,0.0073080217,2000s,0.0163,0.254,Brain Gain
IRN,2005,70182594.0,23394.0,23394.0,287.0,177.0,110.0,0.0075660427,0.012268103,0.0047020605,2000s,0.0162,0.333,Brain Gain
IRN,2006,71275760.0,30461.0,30461.0,328.0,229.0,99.0,0.0075178095,0.010767867,0.0032500573,2000s,0.0156,0.427,Brain Gain
IRN,2007,72319418.0,38872.0,38872.0,372.0,300.0,72.0,0.0077176373,0.00956987,0.001852233,2000s,0.0146,0.538,Brain Gain
IRN,2008,73318394.0,47844.0,47844.0,356.0,405.0,-49.0,0.008465012,0.007440849,-0.0010241618,2000s,0.0138,0.653,Brain Drain
IRN,2009,74322685.0,59170.0,59170.0,445.0,548.0,-103.0,0.00926145,0.007520703,-0.001740747,2000s,0.0137,0.796,Brain Drain
IRN,2010,75373855.0,70385.0,70385.0,462.0,775.0,-313.0,0.0110108685,0.0065638986,-0.0044469703,2010s,0.0141,0.934,Brain Drain
IRN,2011,76342971.0,80781.0,80781.0,561.0,939.0,-378.0,0.0116240205,0.0069447025,-0.004679318,2010s,0.0129,1.058,Brain Drain
IRN,2012,77324451.0,90842.0,90842.0,561.0,1184.0,-623.0,0.013033619,0.0061755576,-0.006858061,2010s,0.0129,1.175,Brain Drain
IRN,2013,78458928.0,100030.0,100030.0,576.0,1443.0,-867.0,0.014425673,0.0057582725,-0.0086674,2010s,0.0147,1.275,Brain Drain
IRN,2014,79961672.0,109232.0,109232.0,665.0,1523.0,-858.0,0.0139428,0.0060879597,-0.007854841,2010s,0.0192,1.366,Brain Drain
IRN,2015,81790841.0,116998.0,116998.0,696.0,1574.0,-878.0,0.013453222,0.0059488197,-0.0075044017,2010s,0.0229,1.43,Brain Drain
IRN,2016,83306231.0,124722.0,124722.0,836.0,1637.0,-801.0,0.0131251905,0.0067029074,-0.006422283,2010s,0.0185,1.497,Brain Drain
IRN,2017,84505076.0,133721.0,133721.0,850.0,1756.0,-906.0,0.01313182,0.0063565182,-0.006775301,2010s,0.0144,1.582,Brain Drain
IRN,2018,85617562.0,142548.0,142548.0,878.0,1915.0,-1037.0,0.013434071,0.006159329,-0.0072747427,2010s,0.0132,1.665,Brain Drain
IRN,2019,86564202.0,148380.0,148380.0,806.0,2310.0,-1504.0,0.015568136,0.005431999,-0.010136137,2010s,0.0111,1.714,Brain Drain
IRN,2020,87290193.0,150213.0,150213.0,799.0,2602.0,-1803.0,0.017322069,0.0053191134,-0.012002956,2020s,0.0084,1.721,Brain Drain
IRN,2021,87923432.0,143899.0,143899.0,791.0,2605.0,-1814.0,0.018102976,0.0054969112,-0.012606064,2020s,0.0073,1.637,Brain Drain
IRN,2022,88550570.0,0.0,0.0,663.0,2272.0,-1609.0,,,,2020s,0.0071,0.0,Brain Drain
IRN,2023,88550570.0,0.0,0.0,445.0,1461.0,-1016.0,,,,2020s,0.0,0.0,Brain Drain
IRQ,1996,21639332.0,156.0,156.0,0.0,0.0,0.0,0.0,0.0,0.0,1990s,,0.007,Balanced
IRQ,1997,22330770.0,190.0,190.0,1.0,2.0,-1.0,0.010526316,0.005263158,-0.005263158,1990s,0.032,0.009,Brain Drain
IRQ,1998,23053488.0,230.0,230.0,1.0,7.0,-6.0,0.030434782,0.004347826,-0.026086956,1990s,0.0324,0.01,Brain Drain
IRQ,1999,23820734.0,268.0,268.0,1.0,4.0,-3.0,0.014925373,0.0037313432,-0.01119403,1990s,0.0333,0.011,Brain Drain
IRQ,2000,24628858.0,291.0,291.0,5.0,8.0,-3.0,0.02749141,0.01718213,-0.010309278,2000s,0.0339,0.012,Brain Drain
IRQ,2001,25425663.0,313.0,313.0,5.0,3.0,2.0,0.009584664,0.015974442,0.0063897762,2000s,0.0324,0.012,Brain Gain
IRQ,2002,26255343.0,328.0,328.0,7.0,7.0,0.0,0.021341464,0.021341464,0.0,2000s,0.0326,0.012,Balanced
IRQ,2003,27068823.0,358.0,358.0,3.0,8.0,-5.0,0.022346368,0.008379889,-0.01396648,2000s,0.031,0.013,Brain Drain
IRQ,2004,27858948.0,429.0,429.0,13.0,12.0,1.0,0.027972028,0.030303031,0.0023310024,2000s,0.0292,0.015,Brain Gain
IRQ,2005,28698684.0,508.0,508.0,10.0,7.0,3.0,0.0137795275,0.01968504,0.005905512,2000s,0.0301,0.018,Brain Gain
IRQ,2006,28905607.0,622.0,622.0,13.0,11.0,2.0,0.017684888,0.020900322,0.003215434,2000s,0.0072,0.022,Brain Gain
IRQ,2007,28660887.0,865.0,865.0,24.0,26.0,-2.0,0.030057803,0.027745664,-0.0023121387,2000s,-0.0085,0.03,Brain Drain
IRQ,2008,29218381.0,1161.0,1161.0,21.0,22.0,-1.0,0.01894918,0.018087855,-0.00086132647,2000s,0.0195,0.04,Brain Drain
IRQ,2009,30289040.0,1574.0,1574.0,25.0,29.0,-4.0,0.018424397,0.015883101,-0.002541296,2000s,0.0366,0.052,Brain Drain
IRQ,2010,31264875.0,2021.0,2021.0,45.0,32.0,13.0,0.015833745,0.022266205,0.006432459,2010s,0.0322,0.065,Brain Gain
IRQ,2011,32378061.0,2456.0,2456.0,68.0,39.0,29.0,0.015879478,0.027687296,0.011807818,2010s,0.0356,0.076,Brain Gain
IRQ,2012,33864447.0,2853.0,2853.0,82.0,48.0,34.0,0.016824394,0.028741676,0.01191728,2010s,0.0459,0.084,Brain Gain
IRQ,2013,35481800.0,3356.0,3356.0,116.0,53.0,63.0,0.01579261,0.034564957,0.018772349,2010s,0.0478,0.095,Brain Gain
IRQ,2014,36746488.0,4280.0,4280.0,137.0,76.0,61.0,0.01775701,0.032009345,0.014252337,2010s,0.0356,0.116,Brain Gain
IRQ,2015,37757813.0,5591.0,5591.0,175.0,94.0,81.0,0.016812734,0.031300303,0.014487569,2010s,0.0275,0.148,Brain Gain
IRQ,2016,38697943.0,9383.0,9383.0,302.0,105.0,197.0,0.011190451,0.032185867,0.020995418,2010s,0.0249,0.242,Brain Gain
IRQ,2017,39621162.0,14197.0,14197.0,416.0,101.0,315.0,0.007114179,0.029301966,0.022187786,2010s,0.0239,0.358,Brain Gain
IRQ,2018,40590700.0,18463.0,18463.0,604.0,133.0,471.0,0.007203596,0.032714076,0.02551048,2010s,0.0245,0.455,Brain Gain
IRQ,2019,41563520.0,21049.0,21049.0,685.0,188.0,497.0,0.008931541,0.032543115,0.023611574,2010s,0.024,0.506,Brain Gain
IRQ,2020,42556984.0,23308.0,23308.0,695.0,207.0,488.0,0.008881071,0.029818088,0.020937018,2020s,0.0239,0.548,Brain Gain
IRQ,2021,43533592.0,23569.0,23569.0,647.0,275.0,372.0,0.011667869,0.027451314,0.015783444,2020s,0.0229,0.541,Brain Gain
IRQ,2022,44496122.0,0.0,0.0,414.0,197.0,217.0,,,,2020s,0.0221,0.0,Brain Gain
IRQ,2023,44496122.0,0.0,0.0,213.0,128.0,85.0,,,,2020s,0.0,0.0,Brain Gain
ISL,1996,268916.0,594.0,594.0,0.0,0.0,0.0,0.0,0.0,0.0,1990s,,2.209,Balanced
ISL,1997,271128.0,687.0,687.0,26.0,18.0,8.0,0.026200874,0.037845705,0.011644833,1990s,0.0082,2.534,Brain Gain
ISL,1998,274047.0,796.0,796.0,27.0,18.0,9.0,0.022613065,0.0339196,0.011306533,1990s,0.0108,2.905,Brain Gain
ISL,1999,277381.0,850.0,850.0,37.0,40.0,-3.0,0.047058824,0.04352941,-0.0035294117,1990s,0.0122,3.064,Brain Drain
ISL,2000,281205.0,982.0,982.0,53.0,27.0,26.0,0.02749491,0.053971488,0.026476579,2000s,0.0138,3.492,Brain Gain
ISL,2001,284968.0,1047.0,1047.0,69.0,46.0,23.0,0.043935053,0.065902576,0.021967527,2000s,0.0134,3.674,Brain Gain
ISL,2002,287523.0,1148.0,1148.0,84.0,46.0,38.0,0.040069688,0.07317073,0.033101045,2000s,0.009,3.993,Brain Gain
ISL,2003,289521.0,1208.0,1208.0,65.0,66.0,-1.0,0.054635763,0.053807948,-0.00082781457,2000s,0.0069,4.172,Brain Drain
ISL,2004,292074.0,1300.0,1300.0,48.0,38.0,10.0,0.02923077,0.036923077,0.0076923077,2000s,0.0088,4.451,Brain Gain
ISL,2005,296734.0,1367.0,1367.0,48.0,24.0,24.0,0.017556693,0.035113387,0.017556693,2000s,0.016,4.607,Brain Gain
ISL,2006,303782.0,1442.0,1442.0,54.0,54.0,0.0,0.03744799,0.03744799,0.0,2000s,0.0238,4.747,Balanced
ISL,2007,311566.0,1551.0,1551.0,60.0,40.0,20.0,0.025789812,0.03868472,0.012894906,2000s,0.0256,4.978,Brain Gain
ISL,2008,317414.0,1688.0,1688.0,58.0,37.0,21.0,0.021919431,0.03436019,0.012440759,2000s,0.0188,5.318,Brain Gain
ISL,2009,318499.0,1802.0,1802.0,67.0,37.0,30.0,0.020532742,0.03718091,0.01664817,2000s,0.0034,5.658,Brain Gain
ISL,2010,318041.0,1968.0,1968.0,105.0,38.0,67.0,0.019308943,0.05335366,0.034044717,2010s,-0.0014,6.188,Brain Gain
ISL,2011,319014.0,2032.0,2032.0,54.0,74.0,-20.0,0.036417324,0.026574804,-0.00984252,2010s,0.0031,6.37,Brain Drain
ISL,2012,320716.0,2106.0,2106.0,74.0,70.0,4.0,0.033238366,0.0351377,0.0018993352,2010s,0.0053,6.567,Brain Gain
ISL,2013,323764.0,2135.0,2135.0,58.0,79.0,-21.0,0.037002344,0.027166277,-0.009836066,2010s,0.0095,6.594,Brain Drain
ISL,2014,327386.0,2226.0,2226.0,79.0,88.0,-9.0,0.039532796,0.035489667,-0.0040431265,2010s,0.0112,6.799,Brain Drain
ISL,2015,330815.0,2324.0,2324.0,102.0,67.0,35.0,0.028829604,0.043889847,0.015060241,2010s,0.0105,7.025,Brain Gain
ISL,2016,335439.0,2403.0,2403.0,83.0,71.0,12.0,0.0295464,0.034540158,0.0049937577,2010s,0.014,7.164,Brain Gain
ISL,2017,343400.0,2510.0,2510.0,85.0,63.0,22.0,0.025099602,0.033864543,0.00876494,2010s,0.0237,7.309,Brain Gain
ISL,2018,352721.0,2610.0,2610.0,96.0,76.0,20.0,0.029118774,0.03678161,0.007662835,2010s,0.0271,7.4,Brain Gain
ISL,2019,360563.0,2655.0,2655.0,105.0,85.0,20.0,0.032015067,0.03954802,0.0075329565,2010s,0.0222,7.363,Brain Gain
ISL,2020,366463.0,2660.0,2660.0,102.0,88.0,14.0,0.033082705,0.038345866,0.005263158,2020s,0.0164,7.259,Brain Gain
ISL,2021,372520.0,2606.0,2606.0,108.0,89.0,19.0,0.034151956,0.041442823,0.007290867,2020s,0.0165,6.996,Brain Gain
ISL,2022,382003.0,0.0,0.0,88.0,53.0,35.0,,,,2020s,0.0255,0.0,Brain Gain
ISL,2023,382003.0,0.0,0.0,50.0,60.0,-10.0,,,,2020s,0.0,0.0,Brain Drain
ISR,1996,5692000.0,16302.0,16302.0,0.0,0.0,0.0,0.0,0.0,0.0,1990s,,2.864,Balanced
ISR,1997,5836000.0,18575.0,18575.0,465.0,429.0,36.0,0.02309556,0.025033647,0.0019380888,1990s,0.0253,3.183,Brain Gain
ISR,1998,5971000.0,20855.0,20855.0,528.0,508.0,20.0,0.024358667,0.025317669,0.00095900265,1990s,0.0231,3.493,Brain Gain
ISR,1999,6125000.0,22504.0,22504.0,562.0,529.0,33.0,0.023506932,0.024973338,0.0014664059,1990s,0.0258,3.674,Brain Gain
ISR,2000,6289000.0,23704.0,23704.0,593.0,621.0,-28.0,0.02619811,0.025016874,-0.0011812352,2000s,0.0268,3.769,Brain Drain
ISR,2001,6439000.0,24974.0,24974.0,678.0,672.0,6.0,0.026907984,0.027148234,0.00024024986,2000s,0.0239,3.879,Brain Gain
ISR,2002,6570000.0,26274.0,26274.0,684.0,748.0,-64.0,0.028469209,0.02603334,-0.0024358681,2000s,0.0203,3.999,Brain Drain
ISR,2003,6689700.0,27339.0,27339.0,550.0,800.0,-250.0,0.029262226,0.02011778,-0.009144446,2000s,0.0182,4.087,Brain Drain
ISR,2004,6809000.0,28311.0,28311.0,458.0,724.0,-266.0,0.025573099,0.016177457,-0.009395641,2000s,0.0178,4.158,Brain Drain
ISR,2005,6930100.0,29304.0,29304.0,475.0,686.0,-211.0,0.023409773,0.016209392,-0.007200382,2000s,0.0178,4.229,Brain Drain
ISR,2006,7053700.0,30331.0,30331.0,446.0,676.0,-230.0,0.022287428,0.014704428,-0.0075830007,2000s,0.0178,4.3,Brain Drain
ISR,2007,7180100.0,31283.0,31283.0,472.0,691.0,-219.0,0.022088675,0.015088067,-0.0070006074,2000s,0.0179,4.357,Brain Drain
ISR,2008,7308800.0,32249.0,32249.0,523.0,700.0,-177.0,0.021706099,0.016217558,-0.0054885424,2000s,0.0179,4.412,Brain Drain
ISR,2009,7485600.0,32943.0,32943.0,619.0,782.0,-163.0,0.02373797,0.01879003,-0.0049479404,2000s,0.0242,4.401,Brain Drain
ISR,2010,7623600.0,33855.0,33855.0,604.0,738.0,-134.0,0.021798847,0.017840791,-0.003958056,2010s,0.0184,4.441,Brain Drain
ISR,2011,7765800.0,34784.0,34784.0,710.0,727.0,-17.0,0.020900413,0.020411683,-0.00048873044,2010s,0.0187,4.479,Brain Drain
ISR,2012,7910500.0,35812.0,35812.0,679.0,762.0,-83.0,0.021277783,0.018960126,-0.0023176589,2010s,0.0186,4.527,Brain Drain
ISR,2013,8059500.0,37149.0,37149.0,725.0,744.0,-19.0,0.020027457,0.019516002,-0.0005114539,2010s,0.0188,4.609,Brain Drain
ISR,2014,8215700.0,38358.0,38358.0,796.0,814.0,-18.0,0.021221127,0.020751864,-0.00046926326,2010s,0.0194,4.669,Brain Drain
ISR,2015,8380100.0,39822.0,39822.0,906.0,813.0,93.0,0.02041585,0.022751244,0.0023353924,2010s,0.02,4.752,Brain Gain
ISR,2016,8546000.0,41122.0,41122.0,892.0,953.0,-61.0,0.023174943,0.021691551,-0.0014833909,2010s,0.0198,4.812,Brain Drain
ISR,2017,8713300.0,42219.0,42219.0,945.0,954.0,-9.0,0.022596462,0.022383288,-0.00021317416,2010s,0.0196,4.845,Brain Drain
ISR,2018,8882800.0,43537.0,43537.0,978.0,982.0,-4.0,0.022555528,0.022463651,-9.1875874e-05,2010s,0.0195,4.901,Brain Drain
ISR,2019,9054000.0,44757.0,44757.0,1056.0,968.0,88.0,0.021627901,0.023594074,0.0019661728,2010s,0.0193,4.943,Brain Gain
ISR,2020,9215100.0,45002.0,45002.0,1103.0,1037.0,66.0,0.02304342,0.024510022,0.0014666015,2020s,0.0178,4.884,Brain Gain
ISR,2021,9371400.0,43410.0,43410.0,1071.0,1039.0,32.0,0.023934577,0.024671735,0.00073715736,2020s,0.017,4.632,Brain Gain
ISR,2022,9557500.0,0.0,0.0,825.0,818.0,7.0,,,,2020s,0.0199,0.0,Brain Gain
ISR,2023,9557500.0,0.0,0.0,574.0,566.0,8.0,,,,2020s,0.0,0.0,Brain Gain
ITA,1996,56860281.0,87791.0,87791.0,0.0,0.0,0.0,0.0,0.0,0.0,1990s,,1.544,Balanced
ITA,1997,56890372.0,98764.0,98764.0,1198.0,1262.0,-64.0,0.012777936,0.012129926,-0.0006480094,1990s,0.0005,1.736,Brain Drain
ITA,1998,56906744.0,109446.0,109446.0,1305.0,1605.0,-300.0,0.014664766,0.011923688,-0.0027410777,1990s,0.0003,1.923,Brain Drain
ITA,1999,56916317.0,116811.0,116811.0,1473.0,1630.0,-157.0,0.013954165,0.012610114,-0.0013440514,1990s,0.0002,2.052,Brain Drain
ITA,2000,56942108.0,122539.0,122539.0,1636.0,1808.0,-172.0,0.014754486,0.013350852,-0.0014036348,2000s,0.0005,2.152,Brain Drain
ITA,2001,56974100.0,127888.0,127888.0,1915.0,2017.0,-102.0,0.015771613,0.01497404,-0.0007975729,2000s,0.0006,2.245,Brain Drain
ITA,2002,57059007.0,134353.0,134353.0,2119.0,2067.0,52.0,0.0153848445,0.015771884,0.0003870401,2000s,0.0015,2.355,Brain Gain
ITA,2003,57313203.0,141054.0,141054.0,1880.0,1982.0,-102.0,0.014051356,0.013328229,-0.00072312733,2000s,0.0045,2.461,Brain Drain
ITA,2004,57685327.0,148212.0,148212.0,1556.0,1709.0,-153.0,0.01153078,0.010498475,-0.0010323051,2000s,0.0065,2.569,Brain Drain
ITA,2005,57969484.0,155800.0,155800.0,1575.0,1774.0,-199.0,0.011386393,0.010109114,-0.0012772785,2000s,0.0049,2.688,Brain Drain
ITA,2006,58143979.0,163939.0,163939.0,1697.0,1831.0,-134.0,0.011168788,0.010351411,-0.0008173772,2000s,0.003,2.82,Brain Drain
ITA,2007,58438310.0,171867.0,171867.0,1708.0,2075.0,-367.0,0.01207329,0.009937917,-0.002135372,2000s,0.0051,2.941,Brain Drain
ITA,2008,58826731.0,178738.0,178738.0,1728.0,2349.0,-621.0,0.013142141,0.009667782,-0.0034743592,2000s,0.0066,3.038,Brain Drain
ITA,2009,59095365.0,185501.0,185501.0,1806.0,2577.0,-771.0,0.013892109,0.009735797,-0.004156312,2000s,0.0046,3.139,Brain Drain
ITA,2010,59277417.0,192472.0,192472.0,1953.0,2779.0,-826.0,0.014438463,0.010146931,-0.0042915335,2010s,0.0031,3.247,Brain Drain
ITA,2011,59379449.0,200673.0,200673.0,2046.0,3031.0,-985.0,0.015104175,0.010195691,-0.004908483,2010s,0.0017,3.38,Brain Drain
ITA,2012,59539717.0,207746.0,207746.0,2115.0,3190.0,-1075.0,0.01535529,0.0101807015,-0.0051745884,2010s,0.0027,3.489,Brain Drain
ITA,2013,60233948.0,214719.0,214719.0,2282.0,3382.0,-1100.0,0.015750818,0.010627843,-0.0051229745,2010s,0.0117,3.565,Brain Drain
ITA,2014,60789140.0,221386.0,221386.0,2483.0,3535.0,-1052.0,0.015967585,0.0112157045,-0.004751881,2010s,0.0092,3.642,Brain Drain
ITA,2015,60730582.0,227418.0,227418.0,2496.0,3767.0,-1271.0,0.016564213,0.010975384,-0.0055888277,2010s,-0.001,3.745,Brain Drain
ITA,2016,60627498.0,232859.0,232859.0,2582.0,4097.0,-1515.0,0.017594337,0.011088255,-0.006506083,2010s,-0.0017,3.841,Brain Drain
ITA,2017,60536709.0,239388.0,239388.0,2754.0,4232.0,-1478.0,0.017678414,0.011504336,-0.0061740773,2010s,-0.0015,3.954,Brain Drain
ITA,2018,60421760.0,248905.0,248905.0,3045.0,4276.0,-1231.0,0.017179245,0.012233583,-0.004945662,2010s,-0.0019,4.119,Brain Drain
ITA,2019,59729081.0,256592.0,256592.0,3244.0,4237.0,-993.0,0.016512595,0.012642639,-0.003869957,2010s,-0.0115,4.296,Brain Drain
ITA,2020,59438851.0,258415.0,258415.0,3510.0,4011.0,-501.0,0.015521545,0.013582803,-0.001938742,2020s,-0.0049,4.348,Brain Drain
ITA,2021,59133173.0,249361.0,249361.0,3697.0,3812.0,-115.0,0.015287073,0.014825895,-0.00046117877,2020s,-0.0051,4.217,Brain Drain
ITA,2022,58940425.0,0.0,0.0,3195.0,3225.0,-30.0,,,,2020s,-0.0033,0.0,Brain Drain
ITA,2023,58940425.0,0.0,0.0,2180.0,2062.0,118.0,,,,2020s,0.0,0.0,Brain Gain
JAM,1996,2532894.0,276.0,276.0,0.0,0.0,0.0,0.0,0.0,0.0,1990s,,0.109,Balanced
JAM,1997,2554954.0,320.0,320.0,11.0,13.0,-2.0,0.040625,0.034375,-0.00625,1990s,0.0087,0.125,Brain Drain
JAM,1998,2576567.0,355.0,355.0,6.0,15.0,-9.0,0.04225352,0.01690141,-0.025352113,1990s,0.0085,0.138,Brain Drain
JAM,1999,2596271.0,401.0,401.0,20.0,12.0,8.0,0.029925186,0.04987531,0.019950125,1990s,0.0076,0.154,Brain Gain
JAM,2000,2612205.0,425.0,425.0,14.0,20.0,-6.0,0.047058824,0.032941177,-0.014117647,2000s,0.0061,0.163,Brain Drain
JAM,2001,2625405.0,453.0,453.0,25.0,14.0,11.0,0.030905077,0.05518764,0.024282562,2000s,0.0051,0.173,Brain Gain
JAM,2002,2638244.0,495.0,495.0,21.0,22.0,-1.0,0.044444446,0.042424243,-0.002020202,2000s,0.0049,0.188,Brain Drain
JAM,2003,2651027.0,521.0,521.0,19.0,20.0,-1.0,0.038387716,0.03646833,-0.0019193857,2000s,0.0048,0.197,Brain Drain
JAM,2004,2664024.0,532.0,532.0,12.0,26.0,-14.0,0.04887218,0.02255639,-0.02631579,2000s,0.0049,0.2,Brain Drain
JAM,2005,2676863.0,564.0,564.0,14.0,17.0,-3.0,0.030141843,0.024822695,-0.005319149,2000s,0.0048,0.211,Brain Drain
JAM,2006,2689660.0,632.0,632.0,24.0,15.0,9.0,0.023734177,0.03797468,0.014240506,2000s,0.0048,0.235,Brain Gain
JAM,2007,2701221.0,661.0,661.0,12.0,13.0,-1.0,0.019667171,0.018154312,-0.0015128592,2000s,0.0043,0.245,Brain Drain
JAM,2008,2711373.0,663.0,663.0,19.0,28.0,-9.0,0.04223228,0.028657617,-0.013574661,2000s,0.0038,0.245,Brain Drain
JAM,2009,2722401.0,701.0,701.0,30.0,33.0,-3.0,0.047075607,0.042796005,-0.0042796005,2000s,0.0041,0.257,Brain Drain
JAM,2010,2733896.0,727.0,727.0,24.0,43.0,-19.0,0.05914718,0.03301238,-0.0261348,2010s,0.0042,0.266,Brain Drain
JAM,2011,2746169.0,745.0,745.0,48.0,17.0,31.0,0.022818793,0.06442953,0.041610736,2010s,0.0045,0.271,Brain Gain
JAM,2012,2759817.0,772.0,772.0,29.0,21.0,8.0,0.027202072,0.037564766,0.010362694,2010s,0.005,0.28,Brain Gain
JAM,2013,2773129.0,792.0,792.0,27.0,34.0,-7.0,0.04292929,0.03409091,-0.0088383835,2010s,0.0048,0.286,Brain Drain
JAM,2014,2784543.0,805.0,805.0,38.0,26.0,12.0,0.032298137,0.047204968,0.014906832,2010s,0.0041,0.289,Brain Gain
JAM,2015,2794445.0,808.0,808.0,42.0,36.0,6.0,0.044554457,0.051980197,0.0074257427,2010s,0.0036,0.289,Brain Gain
JAM,2016,2802695.0,803.0,803.0,28.0,39.0,-11.0,0.04856787,0.03486924,-0.01369863,2010s,0.003,0.287,Brain Drain
JAM,2017,2808376.0,808.0,808.0,33.0,31.0,2.0,0.038366336,0.040841583,0.0024752475,2010s,0.002,0.288,Brain Gain
JAM,2018,2811835.0,804.0,804.0,35.0,32.0,3.0,0.039800994,0.043532338,0.0037313432,2010s,0.0012,0.286,Brain Gain
JAM,2019,2813773.0,815.0,815.0,35.0,41.0,-6.0,0.05030675,0.042944785,-0.0073619634,2010s,0.0007,0.29,Brain Drain
JAM,2020,2820436.0,786.0,786.0,27.0,41.0,-14.0,0.05216285,0.034351144,-0.017811704,2020s,0.0024,0.279,Brain Drain
JAM,2021,2827695.0,743.0,743.0,36.0,33.0,3.0,0.044414535,0.04845222,0.004037685,2020s,0.0026,0.263,Brain Gain
JAM,2022,2827377.0,0.0,0.0,17.0,32.0,-15.0,,,,2020s,-0.0001,0.0,Brain Drain
JAM,2023,2827377.0,,,,,,,,,2020s,0.0,,Unknown
JOR,1996,4608676.0,818.0,818.0,0.0,0.0,0.0,0.0,0.0,0.0,1990s,,0.177,Balanced
JOR,1997,4733665.0,1009.0,1009.0,31.0,30.0,1.0,0.029732408,0.030723488,0.0009910803,1990s,0.0271,0.213,Brain Gain
JOR,1998,4844403.0,1212.0,1212.0,53.0,32.0,21.0,0.026402641,0.043729372,0.017326733,1990s,0.0234,0.25,Brain Gain
JOR,1999,4950775.0,1336.0,1336.0,61.0,47.0,14.0,0.03517964,0.04565868,0.010479042,1990s,0.022,0.27,Brain Gain
JOR,2000,5056174.0,1431.0,1431.0,48.0,56.0,-8.0,0.039133474,0.033542976,-0.005590496,2000s,0.0213,0.283,Brain Drain
JOR,2001,5163310.0,1512.0,1512.0,67.0,65.0,2.0,0.042989418,0.044312168,0.0013227513,2000s,0.0212,0.293,Brain Gain
JOR,2002,5275532.0,1648.0,1648.0,67.0,47.0,20.0,0.028519418,0.04065534,0.012135922,2000s,0.0217,0.312,Brain Gain
JOR,2003,5396117.0,1832.0,1832.0,70.0,49.0,21.0,0.026746726,0.038209606,0.011462882,2000s,0.0229,0.34,Brain Gain
JOR,2004,5532423.0,2091.0,2091.0,84.0,51.0,33.0,0.024390243,0.040172167,0.015781922,2000s,0.0253,0.378,Brain Gain
JOR,2005,5678534.0,2342.0,2342.0,99.0,72.0,27.0,0.030742954,0.042271562,0.011528608,2000s,0.0264,0.412,Brain Gain
JOR,2006,6075548.0,2790.0,2790.0,121.0,54.0,67.0,0.019354839,0.043369174,0.024014337,2000s,0.0699,0.459,Brain Gain
JOR,2007,6473457.0,3225.0,3225.0,131.0,80.0,51.0,0.024806201,0.040620156,0.015813954,2000s,0.0655,0.498,Brain Gain
JOR,2008,6632873.0,3732.0,3732.0,140.0,80.0,60.0,0.021436227,0.037513398,0.01607717,2000s,0.0246,0.563,Brain Gain
JOR,2009,6780493.0,4159.0,4159.0,127.0,92.0,35.0,0.022120703,0.030536186,0.008415485,2000s,0.0223,0.613,Brain Gain
JOR,2010,6931258.0,4491.0,4491.0,141.0,155.0,-14.0,0.03451347,0.031396125,-0.0031173457,2010s,0.0222,0.648,Brain Drain
JOR,2011,7109980.0,4735.0,4735.0,153.0,156.0,-3.0,0.032946147,0.032312565,-0.00063357974,2010s,0.0258,0.666,Brain Drain
JOR,2012,7211863.0,4981.0,4981.0,167.0,164.0,3.0,0.032925114,0.033527404,0.0006022887,2010s,0.0143,0.691,Brain Gain
JOR,2013,7694814.0,5146.0,5146.0,183.0,163.0,20.0,0.03167509,0.035561603,0.0038865139,2010s,0.067,0.669,Brain Gain
JOR,2014,8658026.0,5478.0,5478.0,210.0,147.0,63.0,0.02683461,0.03833516,0.011500548,2010s,0.1252,0.633,Brain Gain
JOR,2015,9494246.0,5879.0,5879.0,236.0,170.0,66.0,0.028916482,0.040142883,0.011226399,2010s,0.0966,0.619,Brain Gain
JOR,2016,9964656.0,6504.0,6504.0,265.0,206.0,59.0,0.031672817,0.040744156,0.009071341,2010s,0.0495,0.653,Brain Gain
JOR,2017,10215381.0,7390.0,7390.0,274.0,213.0,61.0,0.028822733,0.037077133,0.008254398,2010s,0.0252,0.723,Brain Gain
JOR,2018,10459865.0,8572.0,8572.0,287.0,240.0,47.0,0.027998133,0.033481102,0.005482968,2010s,0.0239,0.82,Brain Gain
JOR,2019,10698683.0,9650.0,9650.0,281.0,240.0,41.0,0.024870466,0.029119171,0.0042487048,2010s,0.0228,0.902,Brain Gain
JOR,2020,10928721.0,10442.0,10442.0,338.0,294.0,44.0,0.028155526,0.03236928,0.004213752,2020s,0.0215,0.955,Brain Gain
JOR,2021,11148278.0,10363.0,10363.0,330.0,300.0,30.0,0.028949145,0.03184406,0.0028949147,2020s,0.0201,0.93,Brain Gain
JOR,2022,11285869.0,0.0,0.0,263.0,249.0,14.0,,,,2020s,0.0123,0.0,Brain Gain
JOR,2023,11285869.0,0.0,0.0,169.0,198.0,-29.0,,,,2020s,0.0,0.0,Brain Drain
JPN,1996,125757000.0,185821.0,185821.0,0.0,0.0,0.0,0.0,0.0,0.0,1990s,,1.478,Balanced
JPN,1997,126057000.0,214086.0,214086.0,1850.0,1745.0,105.0,0.00815093,0.008641387,0.0004904571,1990s,0.0024,1.698,Brain Gain
JPN,1998,126400000.0,239976.0,239976.0,2155.0,2123.0,32.0,0.008846718,0.008980065,0.00013334666,1990s,0.0027,1.899,Brain Gain
JPN,1999,126631000.0,259011.0,259011.0,2340.0,2413.0,-73.0,0.009316207,0.009034365,-0.00028184132,1990s,0.0018,2.045,Brain Drain
JPN,2000,126843000.0,270814.0,270814.0,2535.0,2810.0,-275.0,0.010376126,0.009360668,-0.0010154571,2000s,0.0017,2.135,Brain Drain
JPN,2001,127149000.0,279163.0,279163.0,2714.0,3245.0,-531.0,0.011624034,0.009721919,-0.0019021145,2000s,0.0024,2.196,Brain Drain
JPN,2002,127445000.0,286926.0,286926.0,2843.0,3491.0,-648.0,0.012166901,0.009908478,-0.002258422,2000s,0.0023,2.251,Brain Drain
JPN,2003,127718000.0,292444.0,292444.0,2813.0,3506.0,-693.0,0.01198862,0.009618935,-0.0023696844,2000s,0.0021,2.29,Brain Drain
JPN,2004,127761000.0,298366.0,298366.0,2382.0,3073.0,-691.0,0.010299431,0.007983483,-0.0023159476,2000s,0.0003,2.335,Brain Drain
JPN,2005,127773000.0,303098.0,303098.0,2461.0,3136.0,-675.0,0.010346489,0.008119486,-0.0022270025,2000s,0.0001,2.372,Brain Drain
JPN,2006,127854000.0,308664.0,308664.0,2403.0,2999.0,-596.0,0.0097160665,0.0077851643,-0.0019309022,2000s,0.0006,2.414,Brain Drain
JPN,2007,128001000.0,315383.0,315383.0,2570.0,3087.0,-517.0,0.009788099,0.008148822,-0.0016392767,2000s,0.0011,2.464,Brain Drain
JPN,2008,128063000.0,320031.0,320031.0,2541.0,3168.0,-627.0,0.009899041,0.007939856,-0.001959185,2000s,0.0005,2.499,Brain Drain
JPN,2009,128047000.0,324581.0,324581.0,2677.0,3250.0,-573.0,0.010012909,0.008247556,-0.0017653529,2000s,-0.0001,2.535,Brain Drain
JPN,2010,128070000.0,329235.0,329235.0,2719.0,3301.0,-582.0,0.010026273,0.008258538,-0.0017677343,2010s,0.0002,2.571,Brain Drain
JPN,2011,127833000.0,334016.0,334016.0,2784.0,3238.0,-454.0,0.009694146,0.00833493,-0.0013592163,2010s,-0.0019,2.613,Brain Drain
JPN,2012,127629000.0,337446.0,337446.0,2624.0,3351.0,-727.0,0.0099304775,0.007776059,-0.0021544187,2010s,-0.0016,2.644,Brain Drain
JPN,2013,127445000.0,341323.0,341323.0,2676.0,3415.0,-739.0,0.010005185,0.007840081,-0.0021651045,2010s,-0.0014,2.678,Brain Drain
JPN,2014,127276000.0,345223.0,345223.0,2730.0,3553.0,-823.0,0.010291899,0.007907932,-0.0023839662,2010s,-0.0013,2.712,Brain Drain
JPN,2015,127141000.0,348592.0,348592.0,2695.0,3411.0,-716.0,0.0097850785,0.007731101,-0.0020539772,2010s,-0.0011,2.742,Brain Drain
JPN,2016,127076000.0,351161.0,351161.0,3066.0,3432.0,-366.0,0.009773294,0.008731038,-0.001042257,2010s,-0.0005,2.763,Brain Drain
JPN,2017,126972000.0,353067.0,353067.0,2916.0,3506.0,-590.0,0.009930126,0.008259055,-0.0016710709,2010s,-0.0008,2.781,Brain Drain
JPN,2018,126811000.0,356238.0,356238.0,2947.0,3542.0,-595.0,0.009942791,0.008272559,-0.0016702317,2010s,-0.0013,2.809,Brain Drain
JPN,2019,126633000.0,357321.0,357321.0,3106.0,3593.0,-487.0,0.010055385,0.008692464,-0.0013629202,2010s,-0.0014,2.822,Brain Drain
JPN,2020,126261000.0,350499.0,350499.0,3057.0,3697.0,-640.0,0.010547819,0.008721851,-0.0018259682,2020s,-0.0029,2.776,Brain Drain
JPN,2021,125681593.0,330028.0,330028.0,2896.0,3259.0,-363.0,0.009874919,0.008775013,-0.0010999066,2020s,-0.0046,2.626,Brain Drain
JPN,2022,125124989.0,0.0,0.0,2295.0,2844.0,-549.0,,,,2020s,-0.0044,0.0,Brain Drain
JPN,2023,125124989.0,0.0,0.0,1505.0,1672.0,-167.0,,,,2020s,0.0,0.0,Brain Drain
KAZ,1996,15578227.0,495.0,495.0,0.0,0.0,0.0,0.0,0.0,0.0,1990s,,0.032,Balanced
KAZ,1997,15334405.0,607.0,607.0,14.0,20.0,-6.0,0.03294893,0.02306425,-0.009884679,1990s,-0.0157,0.04,Brain Drain
KAZ,1998,15071640.0,701.0,701.0,17.0,21.0,-4.0,0.029957203,0.02425107,-0.0057061343,1990s,-0.0171,0.047,Brain Drain
KAZ,1999,14928374.0,754.0,754.0,13.0,12.0,1.0,0.01591512,0.01724138,0.0013262599,1990s,-0.0095,0.051,Brain Gain
KAZ,2000,14883626.0,825.0,825.0,18.0,25.0,-7.0,0.030303031,0.021818181,-0.008484849,2000s,-0.003,0.055,Brain Drain
KAZ,2001,14858335.0,891.0,891.0,19.0,22.0,-3.0,0.024691358,0.021324355,-0.0033670033,2000s,-0.0017,0.06,Brain Drain
KAZ,2002,14858948.0,921.0,921.0,19.0,15.0,4.0,0.016286645,0.02062975,0.0043431055,2000s,0.0,0.062,Brain Gain
KAZ,2003,14909019.0,980.0,980.0,17.0,15.0,2.0,0.015306123,0.01734694,0.0020408162,2000s,0.0034,0.066,Brain Gain
KAZ,2004,15012984.0,1020.0,1020.0,22.0,15.0,7.0,0.014705882,0.021568628,0.006862745,2000s,0.007,0.068,Brain Gain
KAZ,2005,15147029.0,1058.0,1058.0,31.0,18.0,13.0,0.017013233,0.029300567,0.012287335,2000s,0.0089,0.07,Brain Gain
KAZ,2006,15308085.0,1066.0,1066.0,19.0,26.0,-7.0,0.024390243,0.01782364,-0.006566604,2000s,0.0106,0.07,Brain Drain
KAZ,2007,15484192.0,1113.0,1113.0,20.0,30.0,-10.0,0.026954178,0.017969452,-0.008984726,2000s,0.0115,0.072,Brain Drain
KAZ,2008,15776938.0,1172.0,1172.0,24.0,28.0,-4.0,0.023890786,0.020477816,-0.0034129692,2000s,0.0189,0.074,Brain Drain
KAZ,2009,16092822.0,1279.0,1279.0,37.0,23.0,14.0,0.0179828,0.02892885,0.010946051,2000s,0.02,0.079,Brain Gain
KAZ,2010,16321872.0,1564.0,1564.0,34.0,26.0,8.0,0.01662404,0.02173913,0.0051150895,2010s,0.0142,0.096,Brain Gain
KAZ,2011,16557202.0,2816.0,2816.0,57.0,23.0,34.0,0.008167613,0.020241477,0.012073863,2010s,0.0144,0.17,Brain Gain
KAZ,2012,16792090.0,4411.0,4411.0,76.0,32.0,44.0,0.0072545907,0.017229654,0.009975063,2010s,0.0142,0.263,Brain Gain
KAZ,2013,17035551.0,5772.0,5772.0,81.0,31.0,50.0,0.005370755,0.0140332645,0.008662509,2010s,0.0145,0.339,Brain Gain
KAZ,2014,17288285.0,7866.0,7866.0,101.0,49.0,52.0,0.0062293415,0.012840071,0.0066107297,2010s,0.0148,0.455,Brain Gain
KAZ,2015,17542806.0,9431.0,9431.0,126.0,86.0,40.0,0.009118863,0.013360195,0.004241332,2010s,0.0147,0.538,Brain Gain
KAZ,2016,17794055.0,10686.0,10686.0,169.0,91.0,78.0,0.008515815,0.015815085,0.00729927,2010s,0.0143,0.601,Brain Gain
KAZ,2017,18037776.0,11942.0,11942.0,193.0,128.0,65.0,0.010718472,0.016161447,0.005442974,2010s,0.0137,0.662,Brain Gain
KAZ,2018,18276452.0,13164.0,13164.0,178.0,143.0,35.0,0.01086296,0.013521726,0.0026587662,2010s,0.0132,0.72,Brain Gain
KAZ,2019,18513673.0,13862.0,13862.0,174.0,139.0,35.0,0.010027413,0.012552301,0.0025248881,2010s,0.013,0.749,Brain Gain
KAZ,2020,18755666.0,14333.0,14333.0,190.0,151.0,39.0,0.010535128,0.013256122,0.0027209935,2020s,0.0131,0.764,Brain Gain
KAZ,2021,19000988.0,14086.0,14086.0,209.0,122.0,87.0,0.008661082,0.014837427,0.0061763455,2020s,0.0131,0.741,Brain Gain
KAZ,2022,19621972.0,0.0,0.0,166.0,110.0,56.0,,,,2020s,0.0327,0.0,Brain Gain
KAZ,2023,19621972.0,0.0,0.0,111.0,80.0,31.0,,,,2020s,0.0,0.0,Brain Gain
KEN,1996,27615736.0,1082.0,1082.0,0.0,0.0,0.0,0.0,0.0,0.0,1990s,,0.039,Balanced
KEN,1997,28364264.0,1261.0,1261.0,57.0,52.0,5.0,0.041237112,0.04520222,0.0039651073,1990s,0.0271,0.044,Brain Gain
KEN,1998,29137373.0,1425.0,1425.0,54.0,60.0,-6.0,0.042105265,0.037894737,-0.004210526,1990s,0.0273,0.049,Brain Drain
KEN,1999,29965129.0,1521.0,1521.0,78.0,72.0,6.0,0.04733728,0.051282052,0.003944773,1990s,0.0284,0.051,Brain Gain
KEN,2000,30851606.0,1624.0,1624.0,79.0,69.0,10.0,0.042487685,0.04864532,0.0061576352,2000s,0.0296,0.053,Brain Gain
KEN,2001,31800343.0,1725.0,1725.0,87.0,109.0,-22.0,0.063188404,0.050434783,-0.012753624,2000s,0.0308,0.054,Brain Drain
KEN,2002,32779823.0,1862.0,1862.0,112.0,115.0,-3.0,0.061761547,0.060150377,-0.0016111708,2000s,0.0308,0.057,Brain Drain
KEN,2003,33767122.0,2090.0,2090.0,124.0,84.0,40.0,0.040191386,0.059330143,0.019138755,2000s,0.0301,0.062,Brain Gain
KEN,2004,34791836.0,2280.0,2280.0,98.0,92.0,6.0,0.040350877,0.042982455,0.002631579,2000s,0.0303,0.066,Brain Gain
KEN,2005,35843010.0,2503.0,2503.0,88.0,92.0,-4.0,0.036755893,0.03515781,-0.0015980822,2000s,0.0302,0.07,Brain Drain
KEN,2006,36925253.0,2823.0,2823.0,108.0,89.0,19.0,0.031526744,0.038257174,0.0067304284,2000s,0.0302,0.076,Brain Gain
KEN,2007,38036793.0,3180.0,3180.0,141.0,114.0,27.0,0.035849057,0.044339623,0.008490566,2000s,0.0301,0.084,Brain Gain
KEN,2008,39186895.0,3583.0,3583.0,127.0,110.0,17.0,0.03070053,0.035445157,0.0047446275,2000s,0.0302,0.091,Brain Gain
KEN,2009,40364444.0,3997.0,3997.0,143.0,125.0,18.0,0.031273454,0.03577683,0.0045033777,2000s,0.03,0.099,Brain Gain
KEN,2010,41517895.0,4334.0,4334.0,141.0,143.0,-2.0,0.032994922,0.032533456,-0.00046146745,2010s,0.0286,0.104,Brain Drain
KEN,2011,42635144.0,4683.0,4683.0,171.0,156.0,15.0,0.033311978,0.036515053,0.003203075,2010s,0.0269,0.11,Brain Gain
KEN,2012,43725806.0,5196.0,5196.0,200.0,152.0,48.0,0.029253272,0.03849115,0.009237875,2010s,0.0256,0.119,Brain Gain
KEN,2013,44792368.0,5632.0,5632.0,226.0,178.0,48.0,0.031605113,0.04012784,0.0085227275,2010s,0.0244,0.126,Brain Gain
KEN,2014,45831863.0,6047.0,6047.0,241.0,179.0,62.0,0.029601455,0.039854474,0.010253018,2010s,0.0232,0.132,Brain Gain
KEN,2015,46851488.0,6444.0,6444.0,232.0,219.0,13.0,0.0339851,0.036002483,0.0020173804,2010s,0.0222,0.138,Brain Gain
KEN,2016,47894670.0,6942.0,6942.0,259.0,237.0,22.0,0.034140017,0.037309133,0.0031691156,2010s,0.0223,0.145,Brain Gain
KEN,2017,48948137.0,7476.0,7476.0,320.0,256.0,64.0,0.03424291,0.042803638,0.008560727,2010s,0.022,0.153,Brain Gain
KEN,2018,49953304.0,8050.0,8050.0,330.0,293.0,37.0,0.036397517,0.040993787,0.0045962734,2010s,0.0205,0.161,Brain Gain
KEN,2019,50951450.0,8586.0,8586.0,348.0,295.0,53.0,0.03435826,0.0405311,0.0061728396,2010s,0.02,0.169,Brain Gain
KEN,2020,51985780.0,8797.0,8797.0,332.0,326.0,6.0,0.03705809,0.037740137,0.0006820507,2020s,0.0203,0.169,Brain Gain
KEN,2021,53005614.0,8574.0,8574.0,315.0,295.0,20.0,0.034406345,0.036738977,0.0023326336,2020s,0.0196,0.162,Brain Gain
KEN,2022,54027487.0,0.0,0.0,307.0,254.0,53.0,,,,2020s,0.0193,0.0,Brain Gain
KEN,2023,54027487.0,0.0,0.0,176.0,175.0,1.0,,,,2020s,0.0,0.0,Brain Gain
KGZ,1996,4628400.0,59.0,59.0,0.0,0.0,0.0,0.0,0.0,0.0,1990s,,0.013,Balanced
KGZ,1997,4696400.0,74.0,74.0,3.0,1.0,2.0,0.013513514,0.04054054,0.027027028,1990s,0.0147,0.016,Brain Gain
KGZ,1998,4769000.0,98.0,98.0,6.0,3.0,3.0,0.030612245,0.06122449,0.030612245,1990s,0.0155,0.021,Brain Gain
KGZ,1999,4840400.0,108.0,108.0,3.0,3.0,0.0,0.027777778,0.027777778,0.0,1990s,0.015,0.022,Balanced
KGZ,2000,4898400.0,105.0,105.0,2.0,6.0,-4.0,0.057142857,0.01904762,-0.03809524,2000s,0.012,0.021,Brain Drain
KGZ,2001,4945100.0,108.0,108.0,8.0,3.0,5.0,0.027777778,0.074074075,0.046296295,2000s,0.0095,0.022,Brain Gain
KGZ,2002,4990700.0,120.0,120.0,4.0,4.0,0.0,0.033333335,0.033333335,0.0,2000s,0.0092,0.024,Balanced
KGZ,2003,5043300.0,129.0,129.0,8.0,4.0,4.0,0.031007752,0.062015504,0.031007752,2000s,0.0105,0.026,Brain Gain
KGZ,2004,5104700.0,143.0,143.0,11.0,8.0,3.0,0.055944055,0.07692308,0.02097902,2000s,0.0122,0.028,Brain Gain
KGZ,2005,5162600.0,150.0,150.0,4.0,6.0,-2.0,0.04,0.026666667,-0.013333334,2000s,0.0113,0.029,Brain Drain
KGZ,2006,5218400.0,166.0,166.0,5.0,3.0,2.0,0.018072288,0.030120483,0.012048192,2000s,0.0108,0.032,Brain Gain
KGZ,2007,5268400.0,181.0,181.0,7.0,8.0,-1.0,0.044198897,0.038674034,-0.005524862,2000s,0.0096,0.034,Brain Drain
KGZ,2008,5318700.0,192.0,192.0,4.0,2.0,2.0,0.010416667,0.020833334,0.010416667,2000s,0.0095,0.036,Brain Gain
KGZ,2009,5383300.0,200.0,200.0,5.0,8.0,-3.0,0.04,0.025,-0.015,2000s,0.0121,0.037,Brain Drain
KGZ,2010,5447900.0,204.0,204.0,6.0,15.0,-9.0,0.073529415,0.029411765,-0.04411765,2010s,0.012,0.037,Brain Drain
KGZ,2011,5514600.0,228.0,228.0,14.0,8.0,6.0,0.03508772,0.06140351,0.02631579,2010s,0.0122,0.041,Brain Gain
KGZ,2012,5607200.0,250.0,250.0,15.0,10.0,5.0,0.04,0.06,0.02,2010s,0.0168,0.045,Brain Gain
KGZ,2013,5719600.0,273.0,273.0,9.0,11.0,-2.0,0.04029304,0.032967035,-0.0073260074,2010s,0.02,0.048,Brain Drain
KGZ,2014,5835500.0,352.0,352.0,18.0,8.0,10.0,0.022727273,0.051136363,0.028409092,2010s,0.0203,0.06,Brain Gain
KGZ,2015,5956900.0,420.0,420.0,15.0,12.0,3.0,0.028571429,0.035714287,0.007142857,2010s,0.0208,0.071,Brain Gain
KGZ,2016,6079500.0,484.0,484.0,20.0,14.0,6.0,0.02892562,0.041322313,0.012396694,2010s,0.0206,0.08,Brain Gain
KGZ,2017,6198200.0,598.0,598.0,27.0,13.0,14.0,0.02173913,0.045150504,0.02341137,2010s,0.0195,0.096,Brain Gain
KGZ,2018,6322800.0,678.0,678.0,25.0,24.0,1.0,0.03539823,0.036873158,0.0014749262,2010s,0.0201,0.107,Brain Gain
KGZ,2019,6456200.0,742.0,742.0,26.0,11.0,15.0,0.014824797,0.03504043,0.020215634,2010s,0.0211,0.115,Brain Gain
KGZ,2020,6579900.0,772.0,772.0,29.0,30.0,-1.0,0.038860105,0.037564766,-0.0012953368,2020s,0.0192,0.117,Brain Drain
KGZ,2021,6773400.0,745.0,745.0,30.0,37.0,-7.0,0.04966443,0.040268455,-0.009395973,2020s,0.0294,0.11,Brain Drain
KGZ,2022,6974900.0,0.0,0.0,28.0,18.0,10.0,,,,2020s,0.0297,0.0,Brain Gain
KGZ,2023,6974900.0,,,,,,,,,2020s,0.0,,Unknown
KHM,1996,11182612.0,20.0,20.0,0.0,0.0,0.0,0.0,0.0,0.0,1990s,,0.002,Balanced
KHM,1997,11431569.0,26.0,26.0,2.0,2.0,0.0,0.07692308,0.07692308,0.0,1990s,0.0223,0.002,Balanced
KHM,1998,11669077.0,41.0,41.0,2.0,1.0,1.0,0.024390243,0.048780486,0.024390243,1990s,0.0208,0.004,Brain Gain
KHM,1999,11899006.0,46.0,46.0,2.0,3.0,-1.0,0.06521739,0.04347826,-0.02173913,1990s,0.0197,0.004,Brain Drain
KHM,2000,12118841.0,67.0,67.0,7.0,5.0,2.0,0.07462686,0.104477614,0.029850746,2000s,0.0185,0.006,Brain Gain
KHM,2001,12338192.0,92.0,92.0,6.0,3.0,3.0,0.032608695,0.06521739,0.032608695,2000s,0.0181,0.007,Brain Gain
KHM,2002,12561779.0,121.0,121.0,6.0,4.0,2.0,0.03305785,0.049586777,0.016528925,2000s,0.0181,0.01,Brain Gain
KHM,2003,12787710.0,162.0,162.0,15.0,9.0,6.0,0.055555556,0.09259259,0.037037037,2000s,0.018,0.013,Brain Gain
KHM,2004,13016371.0,206.0,206.0,9.0,6.0,3.0,0.029126214,0.04368932,0.014563107,2000s,0.0179,0.016,Brain Gain
KHM,2005,13246583.0,261.0,261.0,11.0,6.0,5.0,0.022988506,0.042145595,0.019157087,2000s,0.0177,0.02,Brain Gain
KHM,2006,13477779.0,298.0,298.0,15.0,11.0,4.0,0.03691275,0.05033557,0.013422819,2000s,0.0175,0.022,Brain Gain
KHM,2007,13714791.0,333.0,333.0,17.0,16.0,1.0,0.04804805,0.05105105,0.003003003,2000s,0.0176,0.024,Brain Gain
KHM,2008,13943888.0,389.0,389.0,25.0,15.0,10.0,0.038560413,0.06426735,0.025706941,2000s,0.0167,0.028,Brain Gain
KHM,2009,14155740.0,435.0,435.0,19.0,16.0,3.0,0.03678161,0.04367816,0.0068965517,2000s,0.0152,0.031,Brain Gain
KHM,2010,14363532.0,490.0,490.0,28.0,23.0,5.0,0.046938777,0.057142857,0.010204081,2010s,0.0147,0.034,Brain Gain
KHM,2011,14573885.0,558.0,558.0,31.0,18.0,13.0,0.032258064,0.055555556,0.02329749,2010s,0.0146,0.038,Brain Gain
KHM,2012,14786640.0,603.0,603.0,25.0,37.0,-12.0,0.061359867,0.04145937,-0.019900497,2010s,0.0146,0.041,Brain Drain
KHM,2013,14999683.0,678.0,678.0,40.0,16.0,24.0,0.02359882,0.05899705,0.03539823,2010s,0.0144,0.045,Brain Gain
KHM,2014,15210817.0,731.0,731.0,35.0,22.0,13.0,0.03009576,0.047879618,0.017783858,2010s,0.0141,0.048,Brain Gain
KHM,2015,15417523.0,813.0,813.0,54.0,27.0,27.0,0.033210333,0.06642067,0.033210333,2010s,0.0136,0.053,Brain Gain
KHM,2016,15624584.0,903.0,903.0,40.0,37.0,3.0,0.040974528,0.04429679,0.003322259,2010s,0.0134,0.058,Brain Gain
KHM,2017,15830689.0,951.0,951.0,49.0,40.0,9.0,0.04206099,0.05152471,0.009463723,2010s,0.0132,0.06,Brain Gain
KHM,2018,16025238.0,1037.0,1037.0,69.0,33.0,36.0,0.031822566,0.06653809,0.034715526,2010s,0.0123,0.065,Brain Gain
KHM,2019,16207746.0,1034.0,1034.0,58.0,56.0,2.0,0.054158606,0.056092843,0.001934236,2010s,0.0114,0.064,Brain Gain
KHM,2020,16396860.0,1054.0,1054.0,69.0,60.0,9.0,0.056925997,0.0654649,0.008538899,2020s,0.0117,0.064,Brain Gain
KHM,2021,16589023.0,1012.0,1012.0,66.0,46.0,20.0,0.045454547,0.06521739,0.019762846,2020s,0.0117,0.061,Brain Gain
KHM,2022,16767842.0,0.0,0.0,48.0,44.0,4.0,,,,2020s,0.0108,0.0,Brain Gain
KHM,2023,16767842.0,,,,,,,,,2020s,0.0,,Unknown
KIR,1996,82832.0,,,,,,,,,1990s,,,Unknown
KIR,1997,84308.0,,,,,,,,,1990s,0.0178,,Unknown
KIR,1998,85805.0,,,,,,,,,1990s,0.0178,,Unknown
KIR,1999,87289.0,,,,,,,,,1990s,0.0173,,Unknown
KIR,2000,88826.0,,,,,,,,,2000s,0.0176,,Unknown
KIR,2001,90531.0,,,,,,,,,2000s,0.0192,,Unknown
KIR,2002,92400.0,,,,,,,,,2000s,0.0206,,Unknown
KIR,2003,94302.0,2.0,2.0,0.0,0.0,0.0,0.0,0.0,0.0,2000s,0.0206,0.021,Balanced
KIR,2004,96224.0,,,,,,,,,2000s,0.0204,,Unknown
KIR,2005,98164.0,,,,,,,,,2000s,0.0202,,Unknown
KIR,2006,100083.0,4.0,4.0,2.0,0.0,2.0,0.0,0.5,0.5,2000s,0.0195,0.04,Brain Gain
KIR,2007,101998.0,,,,,,,,,2000s,0.0191,,Unknown
KIR,2008,103966.0,,,,,,,,,2000s,0.0193,,Unknown
KIR,2009,105996.0,,,,,,,,,2000s,0.0195,,Unknown
KIR,2010,107995.0,2.0,2.0,0.0,0.0,0.0,0.0,0.0,0.0,2010s,0.0189,0.019,Balanced
KIR,2011,109871.0,,,,,,,,,2010s,0.0174,,Unknown
KIR,2012,111618.0,9.0,9.0,2.0,0.0,2.0,0.0,0.22222222,0.22222222,2010s,0.0159,0.081,Brain Gain
KIR,2013,113311.0,10.0,10.0,0.0,0.0,0.0,0.0,0.0,0.0,2010s,0.0152,0.088,Balanced
KIR,2014,114985.0,14.0,14.0,2.0,0.0,2.0,0.0,0.14285715,0.14285715,2010s,0.0148,0.122,Brain Gain
KIR,2015,116707.0,15.0,15.0,0.0,1.0,-1.0,0.06666667,0.0,-0.06666667,2010s,0.015,0.129,Brain Drain
KIR,2016,118513.0,14.0,14.0,0.0,0.0,0.0,0.0,0.0,0.0,2010s,0.0155,0.118,Balanced
KIR,2017,120362.0,12.0,12.0,0.0,1.0,-1.0,0.083333336,0.0,-0.083333336,2010s,0.0156,0.1,Brain Drain
KIR,2018,122261.0,,,,,,,,,2010s,0.0158,,Unknown
KIR,2019,124241.0,20.0,20.0,2.0,0.0,2.0,0.0,0.1,0.1,2010s,0.0162,0.161,Brain Gain
KIR,2020,126463.0,19.0,19.0,1.0,0.0,1.0,0.0,0.05263158,0.05263158,2020s,0.0179,0.15,Brain Gain
KIR,2021,128874.0,18.0,18.0,0.0,0.0,0.0,0.0,0.0,0.0,2020s,0.0191,0.14,Balanced
KIR,2022,131232.0,,,,,,,,,2020s,0.0183,,Unknown
KIR,2023,131232.0,,,,,,,,,2020s,0.0,,Unknown
KNA,1996,43097.0,,,,,,,,,1990s,,,Unknown
KNA,1997,43656.0,,,,,,,,,1990s,0.013,,Unknown
KNA,1998,44230.0,2.0,2.0,0.0,0.0,0.0,0.0,0.0,0.0,1990s,0.0131,0.045,Balanced
KNA,1999,44825.0,2.0,2.0,0.0,0.0,0.0,0.0,0.0,0.0,1990s,0.0135,0.045,Balanced
KNA,2000,45461.0,,,,,,,,,2000s,0.0142,,Unknown
KNA,2001,45986.0,,,,,,,,,2000s,0.0115,,Unknown
KNA,2002,46264.0,4.0,4.0,0.0,0.0,0.0,0.0,0.0,0.0,2000s,0.006,0.086,Balanced
KNA,2003,46431.0,,,,,,,,,2000s,0.0036,,Unknown
KNA,2004,46580.0,4.0,4.0,1.0,0.0,1.0,0.0,0.25,0.25,2000s,0.0032,0.086,Brain Gain
KNA,2005,46725.0,,,,,,,,,2000s,0.0031,,Unknown
KNA,2006,46874.0,,,,,,,,,2000s,0.0032,,Unknown
KNA,2007,47015.0,14.0,14.0,1.0,1.0,0.0,0.071428575,0.071428575,0.0,2000s,0.003,0.298,Balanced
KNA,2008,47156.0,14.0,14.0,4.0,4.0,0.0,0.2857143,0.2857143,0.0,2000s,0.003,0.297,Balanced
KNA,2009,47286.0,14.0,14.0,3.0,3.0,0.0,0.21428572,0.21428572,0.0,2000s,0.0028,0.296,Balanced
KNA,2010,47403.0,,,,,,,,,2010s,0.0025,,Unknown
KNA,2011,47581.0,,,,,,,,,2010s,0.0038,,Unknown
KNA,2012,47727.0,35.0,35.0,7.0,3.0,4.0,0.08571429,0.2,0.114285715,2010s,0.0031,0.733,Brain Gain
KNA,2013,47767.0,43.0,43.0,11.0,7.0,4.0,0.1627907,0.25581396,0.093023255,2010s,0.0008,0.9,Brain Gain
KNA,2014,47789.0,57.0,57.0,7.0,3.0,4.0,0.05263158,0.12280702,0.07017544,2010s,0.0005,1.193,Brain Gain
KNA,2015,47790.0,61.0,61.0,9.0,13.0,-4.0,0.21311475,0.14754099,-0.06557377,2010s,0.0,1.276,Brain Drain
KNA,2016,47788.0,76.0,76.0,20.0,9.0,11.0,0.118421055,0.2631579,0.14473684,2010s,-0.0,1.59,Brain Gain
KNA,2017,47785.0,105.0,105.0,22.0,11.0,11.0,0.104761906,0.20952381,0.104761906,2010s,-0.0001,2.197,Brain Gain
KNA,2018,47761.0,126.0,126.0,12.0,9.0,3.0,0.071428575,0.0952381,0.023809524,2010s,-0.0005,2.638,Brain Gain
KNA,2019,47712.0,138.0,138.0,13.0,4.0,9.0,0.028985508,0.0942029,0.06521739,2010s,-0.001,2.892,Brain Gain
KNA,2020,47642.0,155.0,155.0,20.0,12.0,8.0,0.077419356,0.12903225,0.051612902,2020s,-0.0015,3.253,Brain Gain
KNA,2021,47606.0,143.0,143.0,12.0,18.0,-6.0,0.12587413,0.08391608,-0.04195804,2020s,-0.0008,3.004,Brain Drain
KNA,2022,47657.0,0.0,0.0,9.0,16.0,-7.0,,,,2020s,0.0011,0.0,Brain Drain
KNA,2023,47657.0,,,,,,,,,2020s,0.0,,Unknown
KOR,1996,45524681.0,22906.0,22906.0,0.0,0.0,0.0,0.0,0.0,0.0,1990s,,0.503,Balanced
KOR,1997,45953580.0,28941.0,28941.0,534.0,292.0,242.0,0.010089492,0.018451331,0.00836184,1990s,0.0094,0.63,Brain Gain
KOR,1998,46286503.0,35419.0,35419.0,687.0,434.0,253.0,0.0122533105,0.019396368,0.007143059,1990s,0.0072,0.765,Brain Gain
KOR,1999,46616677.0,41701.0,41701.0,732.0,511.0,221.0,0.012253903,0.017553536,0.005299633,1990s,0.0071,0.895,Brain Gain
KOR,2000,47008111.0,47778.0,47778.0,778.0,616.0,162.0,0.012892963,0.016283644,0.003390682,2000s,0.0084,1.016,Brain Gain
KOR,2001,47370164.0,53838.0,53838.0,907.0,762.0,145.0,0.014153572,0.016846837,0.002693265,2000s,0.0077,1.137,Brain Gain
KOR,2002,47644736.0,60582.0,60582.0,967.0,908.0,59.0,0.01498795,0.015961837,0.00097388664,2000s,0.0058,1.272,Brain Gain
KOR,2003,47892330.0,67176.0,67176.0,1115.0,922.0,193.0,0.01372514,0.01659819,0.0028730498,2000s,0.0052,1.403,Brain Gain
KOR,2004,48082519.0,73995.0,73995.0,1084.0,932.0,152.0,0.012595446,0.014649639,0.0020541928,2000s,0.004,1.539,Brain Gain
KOR,2005,48184561.0,82459.0,82459.0,1251.0,961.0,290.0,0.011654276,0.015171176,0.0035168994,2000s,0.0021,1.711,Brain Gain
KOR,2006,48438292.0,91612.0,91612.0,1320.0,1043.0,277.0,0.011384971,0.014408593,0.0030236214,2000s,0.0053,1.891,Brain Gain
KOR,2007,48683638.0,101101.0,101101.0,1458.0,1123.0,335.0,0.011107705,0.014421223,0.0033135181,2000s,0.0051,2.077,Brain Gain
KOR,2008,49054708.0,111772.0,111772.0,1569.0,1162.0,407.0,0.010396164,0.014037505,0.0036413413,2000s,0.0076,2.279,Brain Gain
KOR,2009,49307835.0,121684.0,121684.0,1578.0,1362.0,216.0,0.011192926,0.012968016,0.0017750895,2000s,0.0052,2.468,Brain Gain
KOR,2010,49554112.0,132090.0,132090.0,1712.0,1477.0,235.0,0.01118177,0.01296086,0.00177909,2010s,0.005,2.666,Brain Gain
KOR,2011,49936638.0,141898.0,141898.0,1790.0,1632.0,158.0,0.011501219,0.012614695,0.0011134759,2010s,0.0077,2.842,Brain Gain
KOR,2012,50199853.0,152456.0,152456.0,1911.0,1603.0,308.0,0.010514509,0.012534764,0.002020255,2010s,0.0053,3.037,Brain Gain
KOR,2013,50428893.0,163261.0,163261.0,1989.0,1819.0,170.0,0.011141669,0.012182946,0.0010412774,2010s,0.0046,3.237,Brain Gain
KOR,2014,50746659.0,172868.0,172868.0,2013.0,1868.0,145.0,0.010805933,0.011644723,0.00083879026,2010s,0.0063,3.406,Brain Gain
KOR,2015,51014947.0,182040.0,182040.0,2044.0,1919.0,125.0,0.010541639,0.011228302,0.0006866623,2010s,0.0053,3.568,Brain Gain
KOR,2016,51217803.0,189647.0,189647.0,2085.0,2014.0,71.0,0.010619731,0.01099411,0.00037437977,2010s,0.004,3.703,Brain Gain
KOR,2017,51361911.0,197759.0,197759.0,2035.0,2224.0,-189.0,0.011246012,0.010290303,-0.00095570873,2010s,0.0028,3.85,Brain Drain
KOR,2018,51585058.0,204526.0,204526.0,2078.0,2396.0,-318.0,0.0117148915,0.010160077,-0.0015548145,2010s,0.0043,3.965,Brain Drain
KOR,2019,51764822.0,209183.0,209183.0,2086.0,2551.0,-465.0,0.012195064,0.00997213,-0.002222934,2010s,0.0035,4.041,Brain Drain
KOR,2020,51836239.0,208288.0,208288.0,2088.0,2716.0,-628.0,0.013039637,0.010024581,-0.003015056,2020s,0.0014,4.018,Brain Drain
KOR,2021,51744876.0,195922.0,195922.0,2157.0,2532.0,-375.0,0.012923511,0.011009484,-0.001914027,2020s,-0.0018,3.786,Brain Drain
KOR,2022,51628117.0,0.0,0.0,2160.0,2101.0,59.0,,,,2020s,-0.0023,0.0,Brain Gain
KOR,2023,51628117.0,0.0,0.0,1401.0,1498.0,-97.0,,,,2020s,0.0,0.0,Brain Drain
KWT,1996,1703318.0,920.0,920.0,0.0,0.0,0.0,0.0,0.0,0.0,1990s,,0.54,Balanced
KWT,1997,1761468.0,1122.0,1122.0,42.0,18.0,24.0,0.01604278,0.037433155,0.021390375,1990s,0.0341,0.637,Brain Gain
KWT,1998,1819544.0,1254.0,1254.0,50.0,43.0,7.0,0.034290273,0.039872408,0.005582137,1990s,0.033,0.689,Brain Gain
KWT,1999,1877427.0,1389.0,1389.0,57.0,39.0,18.0,0.028077753,0.041036718,0.012958963,1990s,0.0318,0.74,Brain Gain
KWT,2000,1934901.0,1486.0,1486.0,61.0,47.0,14.0,0.031628534,0.041049797,0.009421265,2000s,0.0306,0.768,Brain Gain
KWT,2001,1991674.0,1478.0,1478.0,53.0,65.0,-12.0,0.04397835,0.03585927,-0.00811908,2000s,0.0293,0.742,Brain Drain
KWT,2002,2047364.0,1535.0,1535.0,61.0,54.0,7.0,0.035179153,0.039739415,0.0045602606,2000s,0.028,0.75,Brain Gain
KWT,2003,2101506.0,1596.0,1596.0,49.0,51.0,-2.0,0.03195489,0.030701755,-0.0012531328,2000s,0.0264,0.759,Brain Drain
KWT,2004,2153481.0,1727.0,1727.0,74.0,37.0,37.0,0.021424435,0.04284887,0.021424435,2000s,0.0247,0.802,Brain Gain
KWT,2005,2235403.0,1873.0,1873.0,70.0,32.0,38.0,0.017084891,0.037373196,0.020288307,2000s,0.038,0.838,Brain Gain
KWT,2006,2363409.0,2012.0,2012.0,70.0,44.0,26.0,0.021868788,0.034791254,0.012922465,2000s,0.0573,0.851,Brain Gain
KWT,2007,2506769.0,2125.0,2125.0,63.0,40.0,23.0,0.018823529,0.02964706,0.010823529,2000s,0.0607,0.848,Brain Gain
KWT,2008,2650930.0,2198.0,2198.0,52.0,48.0,4.0,0.021838035,0.023657871,0.0018198362,2000s,0.0575,0.829,Brain Gain
KWT,2009,2795550.0,2252.0,2252.0,73.0,47.0,26.0,0.020870337,0.032415632,0.011545293,2000s,0.0546,0.806,Brain Gain
KWT,2010,2943356.0,2320.0,2320.0,84.0,43.0,41.0,0.018534483,0.036206897,0.017672414,2010s,0.0529,0.788,Brain Gain
KWT,2011,3143825.0,2372.0,2372.0,82.0,51.0,31.0,0.021500843,0.034569982,0.01306914,2010s,0.0681,0.754,Brain Gain
KWT,2012,3394663.0,2330.0,2330.0,84.0,60.0,24.0,0.025751073,0.0360515,0.01030043,2010s,0.0798,0.686,Brain Gain
KWT,2013,3646518.0,2419.0,2419.0,81.0,48.0,33.0,0.01984291,0.03348491,0.013642001,2010s,0.0742,0.663,Brain Gain
KWT,2014,3761584.0,2496.0,2496.0,131.0,59.0,72.0,0.02363782,0.052483976,0.028846154,2010s,0.0316,0.664,Brain Gain
KWT,2015,3908743.0,2594.0,2594.0,128.0,76.0,52.0,0.02929838,0.04934464,0.02004626,2010s,0.0391,0.664,Brain Gain
KWT,2016,4048085.0,2706.0,2706.0,124.0,78.0,46.0,0.028824834,0.045824096,0.016999261,2010s,0.0356,0.668,Brain Gain
KWT,2017,4124904.0,2893.0,2893.0,145.0,79.0,66.0,0.027307294,0.050120983,0.022813689,2010s,0.019,0.701,Brain Gain
KWT,2018,4317185.0,3116.0,3116.0,148.0,90.0,58.0,0.028883183,0.047496792,0.018613607,2010s,0.0466,0.722,Brain Gain
KWT,2019,4441100.0,3348.0,3348.0,194.0,98.0,96.0,0.029271206,0.057945043,0.028673835,2010s,0.0287,0.754,Brain Gain
KWT,2020,4360444.0,3509.0,3509.0,175.0,84.0,91.0,0.023938444,0.049871758,0.025933314,2020s,-0.0182,0.805,Brain Gain
KWT,2021,4250114.0,3463.0,3463.0,137.0,106.0,31.0,0.030609298,0.039561074,0.008951776,2020s,-0.0253,0.815,Brain Gain
KWT,2022,4268873.0,0.0,0.0,127.0,87.0,40.0,,,,2020s,0.0044,0.0,Brain Gain
KWT,2023,4268873.0,,,,,,,,,2020s,0.0,,Unknown
LAO,1996,5043914.0,27.0,27.0,0.0,0.0,0.0,0.0,0.0,0.0,1990s,,0.005,Balanced
LAO,1997,5150538.0,27.0,27.0,0.0,2.0,-2.0,0.074074075,0.0,-0.074074075,1990s,0.0211,0.005,Brain Drain
LAO,1998,5246922.0,44.0,44.0,5.0,1.0,4.0,0.022727273,0.11363637,0.09090909,1990s,0.0187,0.008,Brain Gain
LAO,1999,5340056.0,43.0,43.0,1.0,3.0,-2.0,0.069767445,0.023255814,-0.046511628,1990s,0.0178,0.008,Brain Drain
LAO,2000,5430853.0,55.0,55.0,3.0,1.0,2.0,0.018181818,0.054545455,0.036363635,2000s,0.017,0.01,Brain Gain
LAO,2001,5519707.0,71.0,71.0,4.0,3.0,1.0,0.04225352,0.056338027,0.014084507,2000s,0.0164,0.013,Brain Gain
LAO,2002,5606101.0,92.0,92.0,11.0,4.0,7.0,0.04347826,0.11956522,0.07608695,2000s,0.0157,0.016,Brain Gain
LAO,2003,5689065.0,101.0,101.0,7.0,4.0,3.0,0.03960396,0.06930693,0.02970297,2000s,0.0148,0.018,Brain Gain
LAO,2004,5768167.0,142.0,142.0,10.0,4.0,6.0,0.028169014,0.07042254,0.04225352,2000s,0.0139,0.025,Brain Gain
LAO,2005,5852970.0,179.0,179.0,13.0,3.0,10.0,0.016759777,0.0726257,0.05586592,2000s,0.0147,0.031,Brain Gain
LAO,2006,5946593.0,206.0,206.0,9.0,3.0,6.0,0.014563107,0.04368932,0.029126214,2000s,0.016,0.035,Brain Gain
LAO,2007,6041348.0,227.0,227.0,9.0,8.0,1.0,0.03524229,0.039647575,0.004405286,2000s,0.0159,0.038,Brain Gain
LAO,2008,6135861.0,252.0,252.0,13.0,11.0,2.0,0.043650795,0.051587302,0.007936508,2000s,0.0156,0.041,Brain Gain
LAO,2009,6229930.0,280.0,280.0,13.0,12.0,1.0,0.042857144,0.046428572,0.0035714286,2000s,0.0153,0.045,Brain Gain
LAO,2010,6323418.0,323.0,323.0,15.0,8.0,7.0,0.024767801,0.04643963,0.021671826,2010s,0.015,0.051,Brain Gain
LAO,2011,6416327.0,363.0,363.0,22.0,18.0,4.0,0.049586777,0.060606062,0.011019284,2010s,0.0147,0.057,Brain Gain
LAO,2012,6508803.0,402.0,402.0,29.0,20.0,9.0,0.049751244,0.0721393,0.02238806,2010s,0.0144,0.062,Brain Gain
LAO,2013,6600742.0,432.0,432.0,30.0,32.0,-2.0,0.074074075,0.06944445,-0.0046296297,2010s,0.0141,0.065,Brain Drain
LAO,2014,6691454.0,465.0,465.0,27.0,28.0,-1.0,0.060215052,0.058064517,-0.0021505377,2010s,0.0137,0.069,Brain Drain
LAO,2015,6787419.0,504.0,504.0,40.0,24.0,16.0,0.04761905,0.07936508,0.031746034,2010s,0.0143,0.074,Brain Gain
LAO,2016,6891363.0,546.0,546.0,43.0,22.0,21.0,0.04029304,0.07875458,0.03846154,2010s,0.0153,0.079,Brain Gain
LAO,2017,6997917.0,575.0,575.0,42.0,41.0,1.0,0.07130435,0.07304348,0.0017391305,2010s,0.0155,0.082,Brain Gain
LAO,2018,7105006.0,611.0,611.0,48.0,22.0,26.0,0.036006548,0.07855974,0.04255319,2010s,0.0153,0.086,Brain Gain
LAO,2019,7212053.0,621.0,621.0,41.0,38.0,3.0,0.061191626,0.066022545,0.004830918,2010s,0.0151,0.086,Brain Gain
LAO,2020,7319399.0,625.0,625.0,43.0,27.0,16.0,0.0432,0.0688,0.0256,2020s,0.0149,0.085,Brain Gain
LAO,2021,7425057.0,588.0,588.0,40.0,26.0,14.0,0.044217687,0.06802721,0.023809524,2020s,0.0144,0.079,Brain Gain
LAO,2022,7529475.0,0.0,0.0,23.0,12.0,11.0,,,,2020s,0.0141,0.0,Brain Gain
LAO,2023,7529475.0,,,,,,,,,2020s,0.0,,Unknown
LBN,1996,4034243.0,581.0,581.0,0.0,0.0,0.0,0.0,0.0,0.0,1990s,,0.144,Balanced
LBN,1997,4107551.0,735.0,735.0,39.0,22.0,17.0,0.029931974,0.053061225,0.02312925,1990s,0.0182,0.179,Brain Gain
LBN,1998,4178784.0,920.0,920.0,63.0,27.0,36.0,0.029347826,0.068478264,0.039130434,1990s,0.0173,0.22,Brain Gain
LBN,1999,4250020.0,1073.0,1073.0,61.0,34.0,27.0,0.03168686,0.056849953,0.025163094,1990s,0.017,0.252,Brain Gain
LBN,2000,4320642.0,1171.0,1171.0,66.0,54.0,12.0,0.046114434,0.056362085,0.0102476515,2000s,0.0166,0.271,Brain Gain
LBN,2001,4389200.0,1320.0,1320.0,74.0,45.0,29.0,0.03409091,0.056060605,0.021969697,2000s,0.0159,0.301,Brain Gain
LBN,2002,4446666.0,1429.0,1429.0,57.0,70.0,-13.0,0.048985306,0.03988803,-0.009097271,2000s,0.0131,0.321,Brain Drain
LBN,2003,4504807.0,1563.0,1563.0,92.0,58.0,34.0,0.037108127,0.058861166,0.02175304,2000s,0.0131,0.347,Brain Gain
LBN,2004,4574797.0,1741.0,1741.0,93.0,61.0,32.0,0.035037335,0.053417575,0.018380241,2000s,0.0155,0.381,Brain Gain
LBN,2005,4643044.0,1903.0,1903.0,82.0,64.0,18.0,0.03363111,0.04308986,0.00945875,2000s,0.0149,0.41,Brain Gain
LBN,2006,4719864.0,2129.0,2129.0,90.0,68.0,22.0,0.03193988,0.04227337,0.01033349,2000s,0.0165,0.451,Brain Gain
LBN,2007,4809608.0,2282.0,2282.0,81.0,92.0,-11.0,0.040315513,0.03549518,-0.004820333,2000s,0.019,0.474,Brain Drain
LBN,2008,4887613.0,2393.0,2393.0,91.0,120.0,-29.0,0.05014626,0.03802758,-0.0121186795,2000s,0.0162,0.49,Brain Drain
LBN,2009,4951135.0,2609.0,2609.0,117.0,110.0,7.0,0.042161748,0.04484477,0.0026830204,2000s,0.013,0.527,Brain Gain
LBN,2010,4995800.0,2814.0,2814.0,124.0,122.0,2.0,0.043354657,0.044065386,0.00071073207,2010s,0.009,0.563,Brain Gain
LBN,2011,5045056.0,3064.0,3064.0,146.0,117.0,29.0,0.03818538,0.047650132,0.009464752,2010s,0.0099,0.607,Brain Gain
LBN,2012,5178337.0,3419.0,3419.0,182.0,112.0,70.0,0.032758117,0.05323194,0.020473823,2010s,0.0264,0.66,Brain Gain
LBN,2013,5678851.0,3718.0,3718.0,177.0,144.0,33.0,0.038730502,0.04760624,0.00887574,2010s,0.0967,0.655,Brain Gain
LBN,2014,6274342.0,4137.0,4137.0,205.0,191.0,14.0,0.046168722,0.049552817,0.0033840947,2010s,0.1049,0.659,Brain Gain
LBN,2015,6398940.0,4628.0,4628.0,222.0,164.0,58.0,0.035436474,0.047968887,0.012532411,2010s,0.0199,0.723,Brain Gain
LBN,2016,6258619.0,5178.0,5178.0,230.0,208.0,22.0,0.04016995,0.044418696,0.004248745,2010s,-0.0219,0.827,Brain Gain
LBN,2017,6109252.0,5820.0,5820.0,246.0,219.0,27.0,0.037628867,0.04226804,0.0046391753,2010s,-0.0239,0.953,Brain Gain
LBN,2018,5950839.0,6491.0,6491.0,304.0,224.0,80.0,0.03450932,0.046834078,0.012324757,2010s,-0.0259,1.091,Brain Gain
LBN,2019,5781907.0,6956.0,6956.0,269.0,248.0,21.0,0.035652675,0.03867165,0.0030189764,2010s,-0.0284,1.203,Brain Gain
LBN,2020,5662923.0,7136.0,7136.0,249.0,313.0,-64.0,0.04386211,0.034893498,-0.00896861,2020s,-0.0206,1.26,Brain Drain
LBN,2021,5592631.0,6726.0,6726.0,226.0,414.0,-188.0,0.061552186,0.033600952,-0.027951233,2020s,-0.0124,1.203,Brain Drain
LBN,2022,5489739.0,0.0,0.0,159.0,434.0,-275.0,,,,2020s,-0.0184,0.0,Brain Drain
LBN,2023,5489739.0,0.0,0.0,111.0,257.0,-146.0,,,,2020s,0.0,0.0,Brain Drain
LBR,1996,2203966.0,4.0,4.0,0.0,0.0,0.0,0.0,0.0,0.0,1990s,,0.002,Balanced
LBR,1997,2383300.0,2.0,2.0,0.0,2.0,-2.0,1.0,0.0,-1.0,1990s,0.0814,0.001,Brain Drain
LBR,1998,2639224.0,,,,,,,,,1990s,0.1074,,Unknown
LBR,1999,2789743.0,,,,,,,,,1990s,0.057,,Unknown
LBR,2000,2895224.0,4.0,4.0,0.0,0.0,0.0,0.0,0.0,0.0,2000s,0.0378,0.001,Balanced
LBR,2001,2981648.0,,,,,,,,,2000s,0.0299,,Unknown
LBR,2002,3060599.0,7.0,7.0,2.0,0.0,2.0,0.0,0.2857143,0.2857143,2000s,0.0265,0.002,Brain Gain
LBR,2003,3085173.0,,,,,,,,,2000s,0.008,,Unknown
LBR,2004,3122447.0,7.0,7.0,0.0,1.0,-1.0,0.14285715,0.0,-0.14285715,2000s,0.0121,0.002,Brain Drain
LBR,2005,3266318.0,,,,,,,,,2000s,0.0461,,Unknown
LBR,2006,3455397.0,8.0,8.0,2.0,0.0,2.0,0.0,0.25,0.25,2000s,0.0579,0.002,Brain Gain
LBR,2007,3632740.0,,,,,,,,,2000s,0.0513,,Unknown
LBR,2008,3783887.0,,,,,,,,,2000s,0.0416,,Unknown
LBR,2009,3905066.0,,,,,,,,,2000s,0.032,,Unknown
LBR,2010,4019956.0,34.0,34.0,2.0,3.0,-1.0,0.0882353,0.05882353,-0.029411765,2010s,0.0294,0.008,Brain Drain
LBR,2011,4181150.0,37.0,37.0,4.0,5.0,-1.0,0.13513513,0.10810811,-0.027027028,2010s,0.0401,0.009,Brain Drain
LBR,2012,4331740.0,56.0,56.0,9.0,4.0,5.0,0.071428575,0.16071428,0.08928572,2010s,0.036,0.013,Brain Gain
LBR,2013,4427313.0,90.0,90.0,9.0,2.0,7.0,0.022222223,0.1,0.07777778,2010s,0.0221,0.02,Brain Gain
LBR,2014,4519398.0,121.0,121.0,13.0,1.0,12.0,0.008264462,0.10743801,0.09917355,2010s,0.0208,0.027,Brain Gain
LBR,2015,4612329.0,145.0,145.0,12.0,6.0,6.0,0.04137931,0.08275862,0.04137931,2010s,0.0206,0.031,Brain Gain
LBR,2016,4706097.0,210.0,210.0,26.0,6.0,20.0,0.028571429,0.123809524,0.0952381,2010s,0.0203,0.045,Brain Gain
LBR,2017,4796631.0,248.0,248.0,32.0,18.0,14.0,0.07258064,0.12903225,0.05645161,2010s,0.0192,0.052,Brain Gain
LBR,2018,4889391.0,263.0,263.0,24.0,18.0,6.0,0.06844106,0.091254756,0.022813689,2010s,0.0193,0.054,Brain Gain
LBR,2019,4985289.0,279.0,279.0,17.0,21.0,-4.0,0.07526882,0.0609319,-0.014336918,2010s,0.0196,0.056,Brain Drain
LBR,2020,5087584.0,275.0,275.0,19.0,34.0,-15.0,0.123636365,0.06909091,-0.054545455,2020s,0.0205,0.054,Brain Drain
LBR,2021,5193416.0,268.0,268.0,36.0,18.0,18.0,0.06716418,0.13432837,0.06716418,2020s,0.0208,0.052,Brain Gain
LBR,2022,5302681.0,0.0,0.0,71.0,16.0,55.0,,,,2020s,0.021,0.0,Brain Gain
LBR,2023,5302681.0,,,,,,,,,2020s,0.0,,Unknown
LBY,1996,4820066.0,95.0,95.0,0.0,0.0,0.0,0.0,0.0,0.0,1990s,,0.02,Balanced
LBY,1997,4902346.0,118.0,118.0,5.0,1.0,4.0,0.008474576,0.042372882,0.033898305,1990s,0.0171,0.024,Brain Gain
LBY,1998,4980962.0,138.0,138.0,3.0,7.0,-4.0,0.050724637,0.02173913,-0.028985508,1990s,0.016,0.028,Brain Drain
LBY,1999,5057998.0,149.0,149.0,7.0,3.0,4.0,0.020134227,0.046979867,0.026845638,1990s,0.0155,0.029,Brain Gain
LBY,2000,5154790.0,157.0,157.0,9.0,10.0,-1.0,0.06369427,0.05732484,-0.006369427,2000s,0.0191,0.03,Brain Drain
LBY,2001,5275916.0,164.0,164.0,8.0,10.0,-2.0,0.06097561,0.048780486,-0.0121951215,2000s,0.0235,0.031,Brain Drain
LBY,2002,5405326.0,167.0,167.0,11.0,10.0,1.0,0.059880238,0.065868266,0.005988024,2000s,0.0245,0.031,Brain Gain
LBY,2003,5542641.0,182.0,182.0,14.0,7.0,7.0,0.03846154,0.07692308,0.03846154,2000s,0.0254,0.033,Brain Gain
LBY,2004,5687563.0,200.0,200.0,15.0,13.0,2.0,0.065,0.075,0.01,2000s,0.0261,0.035,Brain Gain
LBY,2005,5837986.0,228.0,228.0,16.0,5.0,11.0,0.021929825,0.07017544,0.048245613,2000s,0.0264,0.039,Brain Gain
LBY,2006,5973369.0,265.0,265.0,16.0,12.0,4.0,0.04528302,0.06037736,0.01509434,2000s,0.0232,0.044,Brain Gain
LBY,2007,6097177.0,343.0,343.0,24.0,10.0,14.0,0.029154519,0.069970846,0.040816326,2000s,0.0207,0.056,Brain Gain
LBY,2008,6228370.0,447.0,447.0,50.0,10.0,40.0,0.022371365,0.111856826,0.08948546,2000s,0.0215,0.072,Brain Gain
LBY,2009,6360191.0,500.0,500.0,30.0,8.0,22.0,0.016,0.06,0.044,2000s,0.0212,0.079,Brain Gain
LBY,2010,6491988.0,538.0,538.0,38.0,15.0,23.0,0.027881041,0.07063197,0.04275093,2010s,0.0207,0.083,Brain Gain
LBY,2011,6188132.0,556.0,556.0,36.0,31.0,5.0,0.055755395,0.0647482,0.008992806,2010s,-0.0468,0.09,Brain Gain
LBY,2012,5869870.0,575.0,575.0,53.0,39.0,14.0,0.067826085,0.09217391,0.024347827,2010s,-0.0514,0.098,Brain Gain
LBY,2013,5985221.0,543.0,543.0,48.0,21.0,27.0,0.038674034,0.08839779,0.049723756,2010s,0.0197,0.091,Brain Gain
LBY,2014,6097764.0,557.0,557.0,48.0,39.0,9.0,0.070017956,0.08617594,0.016157988,2010s,0.0188,0.091,Brain Gain
LBY,2015,6192235.0,571.0,571.0,48.0,42.0,6.0,0.073555164,0.084063046,0.010507881,2010s,0.0155,0.092,Brain Gain
LBY,2016,6282196.0,578.0,578.0,48.0,35.0,13.0,0.060553633,0.08304498,0.022491349,2010s,0.0145,0.092,Brain Gain
LBY,2017,6378261.0,592.0,592.0,45.0,27.0,18.0,0.045608107,0.07601351,0.030405406,2010s,0.0153,0.093,Brain Gain
LBY,2018,6477793.0,673.0,673.0,61.0,39.0,22.0,0.05794948,0.09063893,0.03268945,2010s,0.0156,0.104,Brain Gain
LBY,2019,6569088.0,770.0,770.0,67.0,28.0,39.0,0.036363635,0.087012984,0.050649352,2010s,0.0141,0.117,Brain Gain
LBY,2020,6653942.0,838.0,838.0,92.0,35.0,57.0,0.04176611,0.1097852,0.06801909,2020s,0.0129,0.126,Brain Gain
LBY,2021,6735277.0,855.0,855.0,84.0,34.0,50.0,0.03976608,0.09824561,0.058479533,2020s,0.0122,0.127,Brain Gain
LBY,2022,6812341.0,0.0,0.0,48.0,26.0,22.0,,,,2020s,0.0114,0.0,Brain Gain
LBY,2023,6812341.0,,,,,,,,,2020s,0.0,,Unknown
LCA,1996,153969.0,5.0,5.0,0.0,0.0,0.0,0.0,0.0,0.0,1990s,,0.032,Balanced
LCA,1997,155454.0,3.0,3.0,0.0,2.0,-2.0,0.6666667,0.0,-0.6666667,1990s,0.0096,0.019,Brain Drain
LCA,1998,156855.0,1.0,1.0,0.0,2.0,-2.0,2.0,0.0,-2.0,1990s,0.009,0.006,Brain Drain
LCA,1999,158256.0,,,,,,,,,1990s,0.0089,,Unknown
LCA,2000,159500.0,,,,,,,,,2000s,0.0079,,Unknown
LCA,2001,160594.0,2.0,2.0,1.0,0.0,1.0,0.0,0.5,0.5,2000s,0.0069,0.012,Brain Gain
LCA,2002,161799.0,,,,,,,,,2000s,0.0075,,Unknown
LCA,2003,163047.0,,,,,,,,,2000s,0.0077,,Unknown
LCA,2004,164239.0,,,,,,,,,2000s,0.0073,,Unknown
LCA,2005,165386.0,,,,,,,,,2000s,0.007,,Unknown
LCA,2006,166470.0,5.0,5.0,0.0,0.0,0.0,0.0,0.0,0.0,2000s,0.0066,0.03,Balanced
LCA,2007,167518.0,,,,,,,,,2000s,0.0063,,Unknown
LCA,2008,168576.0,6.0,6.0,0.0,1.0,-1.0,0.16666667,0.0,-0.16666667,2000s,0.0063,0.036,Brain Drain
LCA,2009,169688.0,,,,,,,,,2000s,0.0066,,Unknown
LCA,2010,170935.0,5.0,5.0,0.0,0.0,0.0,0.0,0.0,0.0,2010s,0.0073,0.029,Balanced
LCA,2011,172145.0,,,,,,,,,2010s,0.0071,,Unknown
LCA,2012,173124.0,,,,,,,,,2010s,0.0057,,Unknown
LCA,2013,173978.0,10.0,10.0,2.0,0.0,2.0,0.0,0.2,0.2,2010s,0.0049,0.057,Brain Gain
LCA,2014,174804.0,16.0,16.0,4.0,1.0,3.0,0.0625,0.25,0.1875,2010s,0.0047,0.092,Brain Gain
LCA,2015,175623.0,17.0,17.0,0.0,0.0,0.0,0.0,0.0,0.0,2010s,0.0047,0.097,Balanced
LCA,2016,176413.0,20.0,20.0,3.0,2.0,1.0,0.1,0.15,0.05,2010s,0.0045,0.113,Brain Gain
LCA,2017,177163.0,19.0,19.0,3.0,4.0,-1.0,0.21052632,0.15789473,-0.05263158,2010s,0.0043,0.107,Brain Drain
LCA,2018,177888.0,21.0,21.0,2.0,1.0,1.0,0.04761905,0.0952381,0.04761905,2010s,0.0041,0.118,Brain Gain
LCA,2019,178583.0,,,,,,,,,2010s,0.0039,,Unknown
LCA,2020,179237.0,21.0,21.0,3.0,2.0,1.0,0.0952381,0.14285715,0.04761905,2020s,0.0037,0.117,Brain Gain
LCA,2021,179651.0,16.0,16.0,1.0,2.0,-1.0,0.125,0.0625,-0.0625,2020s,0.0023,0.089,Brain Drain
LCA,2022,179857.0,,,,,,,,,2020s,0.0011,,Unknown
LCA,2023,179857.0,,,,,,,,,2020s,0.0,,Unknown
LIE,1996,31337.0,22.0,22.0,0.0,0.0,0.0,0.0,0.0,0.0,1990s,,0.702,Balanced
LIE,1997,31770.0,27.0,27.0,3.0,1.0,2.0,0.037037037,0.11111111,0.074074075,1990s,0.0138,0.85,Brain Gain
LIE,1998,32190.0,33.0,33.0,7.0,4.0,3.0,0.121212125,0.21212122,0.09090909,1990s,0.0132,1.025,Brain Gain
LIE,1999,32615.0,37.0,37.0,4.0,2.0,2.0,0.054054055,0.10810811,0.054054055,1990s,0.0132,1.134,Brain Gain
LIE,2000,33026.0,41.0,41.0,7.0,1.0,6.0,0.024390243,0.17073171,0.14634146,2000s,0.0126,1.241,Brain Gain
LIE,2001,33376.0,42.0,42.0,5.0,7.0,-2.0,0.16666667,0.11904762,-0.04761905,2000s,0.0106,1.258,Brain Drain
LIE,2002,33693.0,47.0,47.0,6.0,3.0,3.0,0.06382979,0.12765957,0.06382979,2000s,0.0095,1.395,Brain Gain
LIE,2003,34000.0,53.0,53.0,8.0,4.0,4.0,0.0754717,0.1509434,0.0754717,2000s,0.0091,1.559,Brain Gain
LIE,2004,34300.0,68.0,68.0,9.0,2.0,7.0,0.029411765,0.13235295,0.10294118,2000s,0.0088,1.983,Brain Gain
LIE,2005,34603.0,68.0,68.0,6.0,6.0,0.0,0.0882353,0.0882353,0.0,2000s,0.0088,1.965,Balanced
LIE,2006,34889.0,73.0,73.0,6.0,3.0,3.0,0.04109589,0.08219178,0.04109589,2000s,0.0083,2.092,Brain Gain
LIE,2007,35150.0,82.0,82.0,10.0,7.0,3.0,0.085365854,0.12195122,0.036585364,2000s,0.0075,2.333,Brain Gain
LIE,2008,35401.0,90.0,90.0,9.0,2.0,7.0,0.022222223,0.1,0.07777778,2000s,0.0071,2.542,Brain Gain
LIE,2009,35675.0,83.0,83.0,3.0,5.0,-2.0,0.060240965,0.036144577,-0.024096385,2000s,0.0077,2.327,Brain Drain
LIE,2010,35926.0,89.0,89.0,12.0,6.0,6.0,0.06741573,0.13483146,0.06741573,2010s,0.007,2.477,Brain Gain
LIE,2011,36189.0,88.0,88.0,13.0,5.0,8.0,0.056818184,0.14772727,0.09090909,2010s,0.0073,2.432,Brain Gain
LIE,2012,36505.0,98.0,98.0,11.0,5.0,6.0,0.05102041,0.1122449,0.06122449,2010s,0.0087,2.685,Brain Gain
LIE,2013,36806.0,106.0,106.0,12.0,9.0,3.0,0.08490566,0.11320755,0.028301887,2010s,0.0082,2.88,Brain Gain
LIE,2014,37096.0,122.0,122.0,15.0,5.0,10.0,0.040983606,0.12295082,0.08196721,2010s,0.0079,3.289,Brain Gain
LIE,2015,37355.0,123.0,123.0,7.0,7.0,0.0,0.05691057,0.05691057,0.0,2010s,0.007,3.293,Balanced
LIE,2016,37609.0,132.0,132.0,7.0,4.0,3.0,0.030303031,0.053030305,0.022727273,2010s,0.0068,3.51,Brain Gain
LIE,2017,37889.0,135.0,135.0,14.0,6.0,8.0,0.044444446,0.1037037,0.05925926,2010s,0.0074,3.563,Brain Gain
LIE,2018,38181.0,143.0,143.0,9.0,9.0,0.0,0.062937066,0.062937066,0.0,2010s,0.0077,3.745,Balanced
LIE,2019,38482.0,143.0,143.0,12.0,15.0,-3.0,0.10489511,0.08391608,-0.02097902,2010s,0.0079,3.716,Brain Drain
LIE,2020,38756.0,152.0,152.0,16.0,7.0,9.0,0.04605263,0.10526316,0.059210528,2020s,0.0071,3.922,Brain Gain
LIE,2021,39039.0,148.0,148.0,19.0,16.0,3.0,0.10810811,0.12837838,0.02027027,2020s,0.0073,3.791,Brain Gain
LIE,2022,39327.0,0.0,0.0,16.0,12.0,4.0,,,,2020s,0.0074,0.0,Brain Gain
LIE,2023,39327.0,,,,,,,,,2020s,0.0,,Unknown
LKA,1996,18322506.0,399.0,399.0,0.0,0.0,0.0,0.0,0.0,0.0,1990s,,0.022,Balanced
LKA,1997,18449123.0,516.0,516.0,16.0,6.0,10.0,0.011627907,0.031007752,0.019379845,1990s,0.0069,0.028,Brain Gain
LKA,1998,18560798.0,618.0,618.0,26.0,13.0,13.0,0.021035599,0.042071197,0.021035599,1990s,0.0061,0.033,Brain Gain
LKA,1999,18670411.0,670.0,670.0,20.0,20.0,0.0,0.029850746,0.029850746,0.0,1990s,0.0059,0.036,Balanced
LKA,2000,18776371.0,759.0,759.0,34.0,33.0,1.0,0.04347826,0.044795785,0.0013175231,2000s,0.0057,0.04,Brain Gain
LKA,2001,18920275.0,833.0,833.0,28.0,24.0,4.0,0.028811524,0.033613447,0.0048019206,2000s,0.0077,0.044,Brain Gain
LKA,2002,19110707.0,904.0,904.0,47.0,33.0,14.0,0.036504425,0.05199115,0.015486726,2000s,0.0101,0.047,Brain Gain
LKA,2003,19303180.0,1004.0,1004.0,46.0,34.0,12.0,0.033864543,0.045816734,0.011952192,2000s,0.0101,0.052,Brain Gain
LKA,2004,19490431.0,1117.0,1117.0,54.0,46.0,8.0,0.041181736,0.048343778,0.007162041,2000s,0.0097,0.057,Brain Gain
LKA,2005,19673866.0,1215.0,1215.0,52.0,51.0,1.0,0.04197531,0.042798355,0.00082304527,2000s,0.0094,0.062,Brain Gain
LKA,2006,19870706.0,1349.0,1349.0,41.0,38.0,3.0,0.028169014,0.030392883,0.0022238696,2000s,0.01,0.068,Brain Gain
LKA,2007,20078655.0,1510.0,1510.0,40.0,47.0,-7.0,0.031125829,0.026490066,-0.0046357615,2000s,0.0105,0.075,Brain Drain
LKA,2008,20285643.0,1620.0,1620.0,49.0,47.0,2.0,0.029012345,0.030246913,0.001234568,2000s,0.0103,0.08,Brain Gain
LKA,2009,20482477.0,1774.0,1774.0,43.0,50.0,-7.0,0.028184893,0.024239007,-0.003945885,2000s,0.0097,0.087,Brain Drain
LKA,2010,20668557.0,1915.0,1915.0,56.0,79.0,-23.0,0.041253265,0.02924282,-0.012010444,2010s,0.0091,0.093,Brain Drain
LKA,2011,20859743.0,2135.0,2135.0,82.0,70.0,12.0,0.032786883,0.038407493,0.005620609,2010s,0.0093,0.102,Brain Gain
LKA,2012,21017147.0,2341.0,2341.0,77.0,91.0,-14.0,0.038872276,0.032891925,-0.00598035,2010s,0.0075,0.111,Brain Drain
LKA,2013,21131756.0,2613.0,2613.0,101.0,76.0,25.0,0.029085342,0.03865289,0.009567547,2010s,0.0055,0.124,Brain Gain
LKA,2014,21239457.0,2940.0,2940.0,110.0,66.0,44.0,0.02244898,0.037414964,0.014965987,2010s,0.0051,0.138,Brain Gain
LKA,2015,21336697.0,3268.0,3268.0,120.0,88.0,32.0,0.026927784,0.036719706,0.009791922,2010s,0.0046,0.153,Brain Gain
LKA,2016,21425494.0,3669.0,3669.0,138.0,72.0,66.0,0.019623876,0.037612427,0.017988553,2010s,0.0042,0.171,Brain Gain
LKA,2017,21506813.0,4105.0,4105.0,150.0,97.0,53.0,0.02362972,0.036540803,0.012911084,2010s,0.0038,0.191,Brain Gain
LKA,2018,21670000.0,4562.0,4562.0,151.0,136.0,15.0,0.029811487,0.033099517,0.0032880316,2010s,0.0076,0.211,Brain Gain
LKA,2019,21803000.0,5026.0,5026.0,162.0,160.0,2.0,0.03183446,0.032232393,0.00039793077,2010s,0.0061,0.231,Brain Gain
LKA,2020,21919000.0,5363.0,5363.0,198.0,132.0,66.0,0.02461309,0.036919635,0.012306545,2020s,0.0053,0.245,Brain Gain
LKA,2021,22156000.0,5228.0,5228.0,158.0,162.0,-4.0,0.030986993,0.030221881,-0.00076511095,2020s,0.0108,0.236,Brain Drain
LKA,2022,22181000.0,0.0,0.0,134.0,152.0,-18.0,,,,2020s,0.0011,0.0,Brain Drain
LKA,2023,22181000.0,0.0,0.0,78.0,97.0,-19.0,,,,2020s,0.0,0.0,Brain Drain
LSO,1996,1955098.0,14.0,14.0,0.0,0.0,0.0,0.0,0.0,0.0,1990s,,0.007,Balanced
LSO,1997,1972579.0,16.0,16.0,1.0,2.0,-1.0,0.125,0.0625,-0.0625,1990s,0.0089,0.008,Brain Drain
LSO,1998,1985639.0,,,,,,,,,1990s,0.0066,,Unknown
LSO,1999,1994243.0,18.0,18.0,2.0,2.0,0.0,0.11111111,0.11111111,0.0,1990s,0.0043,0.009,Balanced
LSO,2000,1998630.0,21.0,21.0,2.0,3.0,-1.0,0.14285715,0.0952381,-0.04761905,2000s,0.0022,0.011,Brain Drain
LSO,2001,1999473.0,30.0,30.0,4.0,2.0,2.0,0.06666667,0.13333334,0.06666667,2000s,0.0004,0.015,Brain Gain
LSO,2002,1997534.0,27.0,27.0,0.0,2.0,-2.0,0.074074075,0.0,-0.074074075,2000s,-0.001,0.014,Brain Drain
LSO,2003,1993030.0,23.0,23.0,1.0,9.0,-8.0,0.39130434,0.04347826,-0.3478261,2000s,-0.0023,0.012,Brain Drain
LSO,2004,1985384.0,,,,,,,,,2000s,-0.0038,,Unknown
LSO,2005,1977424.0,32.0,32.0,4.0,1.0,3.0,0.03125,0.125,0.09375,2000s,-0.004,0.016,Brain Gain
LSO,2006,1976780.0,37.0,37.0,6.0,1.0,5.0,0.027027028,0.16216215,0.13513513,2000s,-0.0003,0.019,Brain Gain
LSO,2007,1983465.0,50.0,50.0,6.0,5.0,1.0,0.1,0.12,0.02,2000s,0.0034,0.025,Brain Gain
LSO,2008,1995014.0,56.0,56.0,6.0,4.0,2.0,0.071428575,0.10714286,0.035714287,2000s,0.0058,0.028,Brain Gain
LSO,2009,2009169.0,58.0,58.0,5.0,11.0,-6.0,0.18965517,0.0862069,-0.10344828,2000s,0.0071,0.029,Brain Drain
LSO,2010,2022747.0,69.0,69.0,6.0,6.0,0.0,0.08695652,0.08695652,0.0,2010s,0.0068,0.034,Balanced
LSO,2011,2037677.0,67.0,67.0,8.0,11.0,-3.0,0.1641791,0.11940298,-0.04477612,2010s,0.0074,0.033,Brain Drain
LSO,2012,2054718.0,78.0,78.0,6.0,5.0,1.0,0.06410257,0.07692308,0.012820513,2010s,0.0084,0.038,Brain Gain
LSO,2013,2073939.0,87.0,87.0,8.0,11.0,-3.0,0.12643678,0.09195402,-0.03448276,2010s,0.0094,0.042,Brain Drain
LSO,2014,2095242.0,96.0,96.0,5.0,4.0,1.0,0.041666668,0.052083332,0.010416667,2010s,0.0103,0.046,Brain Gain
LSO,2015,2118521.0,106.0,106.0,7.0,9.0,-2.0,0.08490566,0.06603774,-0.018867925,2010s,0.0111,0.05,Brain Drain
LSO,2016,2143872.0,115.0,115.0,12.0,9.0,3.0,0.07826087,0.104347825,0.026086956,2010s,0.012,0.054,Brain Gain
LSO,2017,2170617.0,139.0,139.0,6.0,5.0,1.0,0.035971224,0.043165468,0.007194245,2010s,0.0125,0.064,Brain Gain
LSO,2018,2198017.0,157.0,157.0,15.0,10.0,5.0,0.06369427,0.0955414,0.031847134,2010s,0.0126,0.071,Brain Gain
LSO,2019,2225702.0,188.0,188.0,22.0,5.0,17.0,0.026595745,0.11702128,0.09042553,2010s,0.0126,0.084,Brain Gain
LSO,2020,2254100.0,205.0,205.0,22.0,9.0,13.0,0.043902438,0.107317075,0.06341463,2020s,0.0128,0.091,Brain Gain
LSO,2021,2281454.0,195.0,195.0,17.0,17.0,0.0,0.08717949,0.08717949,0.0,2020s,0.0121,0.085,Balanced
LSO,2022,2305825.0,0.0,0.0,16.0,10.0,6.0,,,,2020s,0.0107,0.0,Brain Gain
LSO,2023,2305825.0,,,,,,,,,2020s,0.0,,Unknown
LTU,1996,3601613.0,1084.0,1084.0,0.0,0.0,0.0,0.0,0.0,0.0,1990s,,0.301,Balanced
LTU,1997,3575137.0,1369.0,1369.0,30.0,21.0,9.0,0.015339664,0.021913806,0.006574142,1990s,-0.0074,0.383,Brain Gain
LTU,1998,3549331.0,1607.0,1607.0,29.0,39.0,-10.0,0.024268825,0.01804605,-0.006222775,1990s,-0.0072,0.453,Brain Drain
LTU,1999,3524238.0,1769.0,1769.0,41.0,19.0,22.0,0.010740532,0.023176936,0.012436405,1990s,-0.0071,0.502,Brain Gain
LTU,2000,3499536.0,2256.0,2256.0,38.0,46.0,-8.0,0.020390071,0.01684397,-0.0035460992,2000s,-0.007,0.645,Brain Drain
LTU,2001,3470818.0,2697.0,2697.0,39.0,59.0,-20.0,0.021876158,0.0144605115,-0.007415647,2000s,-0.0082,0.777,Brain Drain
LTU,2002,3443067.0,3117.0,3117.0,47.0,41.0,6.0,0.013153673,0.015078601,0.0019249278,2000s,-0.008,0.905,Brain Gain
LTU,2003,3415213.0,3628.0,3628.0,53.0,55.0,-2.0,0.015159868,0.0146086,-0.00055126793,2000s,-0.0081,1.062,Brain Drain
LTU,2004,3377075.0,4195.0,4195.0,46.0,36.0,10.0,0.008581645,0.010965435,0.0023837902,2000s,-0.0112,1.242,Brain Gain
LTU,2005,3322528.0,4591.0,4591.0,65.0,47.0,18.0,0.010237421,0.014158135,0.0039207144,2000s,-0.0162,1.382,Brain Gain
LTU,2006,3269909.0,5229.0,5229.0,48.0,47.0,1.0,0.008988334,0.009179575,0.00019124115,2000s,-0.0158,1.599,Brain Gain
LTU,2007,3231294.0,5708.0,5708.0,56.0,57.0,-1.0,0.009985984,0.009810792,-0.0001751927,2000s,-0.0118,1.766,Brain Drain
LTU,2008,3198231.0,6143.0,6143.0,63.0,63.0,0.0,0.010255575,0.010255575,0.0,2000s,-0.0102,1.921,Balanced
LTU,2009,3162916.0,6575.0,6575.0,37.0,46.0,-9.0,0.0069961976,0.0056273765,-0.0013688212,2000s,-0.011,2.079,Brain Drain
LTU,2010,3097282.0,6910.0,6910.0,54.0,48.0,6.0,0.0069464543,0.007814761,0.0008683068,2010s,-0.0208,2.231,Brain Gain
LTU,2011,3028115.0,7175.0,7175.0,47.0,46.0,1.0,0.0064111496,0.0065505225,0.00013937282,2010s,-0.0223,2.369,Brain Gain
LTU,2012,2987773.0,7482.0,7482.0,48.0,56.0,-8.0,0.0074846298,0.006415397,-0.0010692328,2010s,-0.0133,2.504,Brain Drain
LTU,2013,2957689.0,7869.0,7869.0,75.0,59.0,16.0,0.0074977763,0.009531071,0.002033295,2010s,-0.0101,2.661,Brain Gain
LTU,2014,2932367.0,8172.0,8172.0,75.0,70.0,5.0,0.008565835,0.00917768,0.00061184535,2010s,-0.0086,2.787,Brain Gain
LTU,2015,2904910.0,8404.0,8404.0,57.0,58.0,-1.0,0.0069014756,0.0067824847,-0.00011899096,2010s,-0.0094,2.893,Brain Drain
LTU,2016,2868231.0,8639.0,8639.0,62.0,81.0,-19.0,0.009376085,0.0071767564,-0.0021993287,2010s,-0.0126,3.012,Brain Drain
LTU,2017,2828403.0,8979.0,8979.0,63.0,68.0,-5.0,0.0075732265,0.0070163715,-0.0005568549,2010s,-0.0139,3.175,Brain Drain
LTU,2018,2801543.0,9248.0,9248.0,84.0,115.0,-31.0,0.012435121,0.009083045,-0.003352076,2010s,-0.0095,3.301,Brain Drain
LTU,2019,2794137.0,9421.0,9421.0,90.0,87.0,3.0,0.009234688,0.009553126,0.00031843752,2010s,-0.0026,3.372,Brain Gain
LTU,2020,2794885.0,9418.0,9418.0,112.0,86.0,26.0,0.00913145,0.011892121,0.002760671,2020s,0.0003,3.37,Brain Gain
LTU,2021,2800839.0,9076.0,9076.0,108.0,118.0,-10.0,0.013001322,0.011899515,-0.001101807,2020s,0.0021,3.24,Brain Drain
LTU,2022,2831639.0,0.0,0.0,108.0,80.0,28.0,,,,2020s,0.011,0.0,Brain Gain
LTU,2023,2831639.0,0.0,0.0,69.0,58.0,11.0,,,,2020s,0.0,0.0,Brain Gain
LUX,1996,414225.0,131.0,131.0,0.0,0.0,0.0,0.0,0.0,0.0,1990s,,0.316,Balanced
LUX,1997,419450.0,163.0,163.0,10.0,9.0,1.0,0.055214725,0.061349694,0.006134969,1990s,0.0126,0.389,Brain Gain
LUX,1998,424700.0,197.0,197.0,17.0,10.0,7.0,0.05076142,0.08629441,0.035532996,1990s,0.0125,0.464,Brain Gain
LUX,1999,430475.0,213.0,213.0,12.0,11.0,1.0,0.051643193,0.056338027,0.0046948357,1990s,0.0136,0.495,Brain Gain
LUX,2000,436300.0,229.0,229.0,17.0,20.0,-3.0,0.08733624,0.074235804,-0.013100437,2000s,0.0135,0.525,Brain Drain
LUX,2001,441525.0,263.0,263.0,36.0,16.0,20.0,0.0608365,0.13688213,0.076045625,2000s,0.012,0.596,Brain Gain
LUX,2002,446175.0,306.0,306.0,34.0,18.0,16.0,0.05882353,0.11111111,0.052287582,2000s,0.0105,0.686,Brain Gain
LUX,2003,451630.0,346.0,346.0,39.0,27.0,12.0,0.078034684,0.112716764,0.03468208,2000s,0.0122,0.766,Brain Gain
LUX,2004,458095.0,420.0,420.0,51.0,15.0,36.0,0.035714287,0.12142857,0.08571429,2000s,0.0143,0.917,Brain Gain
LUX,2005,465158.0,506.0,506.0,51.0,19.0,32.0,0.037549406,0.100790516,0.06324111,2000s,0.0154,1.088,Brain Gain
LUX,2006,472637.0,597.0,597.0,71.0,26.0,45.0,0.043551087,0.11892797,0.07537688,2000s,0.0161,1.263,Brain Gain
LUX,2007,479993.0,734.0,734.0,73.0,30.0,43.0,0.040871933,0.09945504,0.058583107,2000s,0.0156,1.529,Brain Gain
LUX,2008,488650.0,865.0,865.0,86.0,24.0,62.0,0.027745664,0.09942196,0.0716763,2000s,0.018,1.77,Brain Gain
LUX,2009,497783.0,1003.0,1003.0,94.0,35.0,59.0,0.034895316,0.09371884,0.05882353,2000s,0.0187,2.015,Brain Gain
LUX,2010,506953.0,1135.0,1135.0,125.0,62.0,63.0,0.054625552,0.11013216,0.05550661,2010s,0.0184,2.239,Brain Gain
LUX,2011,518347.0,1298.0,1298.0,130.0,61.0,69.0,0.04699538,0.10015408,0.053158704,2010s,0.0225,2.504,Brain Gain
LUX,2012,530946.0,1490.0,1490.0,148.0,72.0,76.0,0.04832215,0.09932886,0.051006712,2010s,0.0243,2.806,Brain Gain
LUX,2013,543360.0,1652.0,1652.0,148.0,79.0,69.0,0.04782082,0.08958838,0.041767556,2010s,0.0234,3.04,Brain Gain
LUX,2014,556319.0,1823.0,1823.0,196.0,102.0,94.0,0.05595173,0.10751508,0.051563356,2010s,0.0238,3.277,Brain Gain
LUX,2015,569604.0,1972.0,1972.0,166.0,104.0,62.0,0.052738335,0.0841785,0.03144016,2010s,0.0239,3.462,Brain Gain
LUX,2016,582014.0,2090.0,2090.0,167.0,126.0,41.0,0.06028708,0.0799043,0.019617224,2010s,0.0218,3.591,Brain Gain
LUX,2017,596336.0,2244.0,2244.0,207.0,114.0,93.0,0.050802138,0.09224599,0.04144385,2010s,0.0246,3.763,Brain Gain
LUX,2018,607950.0,2360.0,2360.0,193.0,147.0,46.0,0.062288135,0.08177966,0.019491525,2010s,0.0195,3.882,Brain Gain
LUX,2019,620001.0,2561.0,2561.0,245.0,116.0,129.0,0.045294806,0.09566575,0.05037095,2010s,0.0198,4.131,Brain Gain
LUX,2020,630419.0,2686.0,2686.0,235.0,156.0,79.0,0.058078926,0.08749069,0.029411765,2020s,0.0168,4.261,Brain Gain
LUX,2021,640064.0,2734.0,2734.0,270.0,145.0,125.0,0.053035844,0.0987564,0.045720555,2020s,0.0153,4.271,Brain Gain
LUX,2022,653103.0,0.0,0.0,208.0,140.0,68.0,,,,2020s,0.0204,0.0,Brain Gain
LUX,2023,653103.0,0.0,0.0,140.0,101.0,39.0,,,,2020s,0.0,0.0,Brain Gain
LVA,1996,2457222.0,709.0,709.0,0.0,0.0,0.0,0.0,0.0,0.0,1990s,,0.289,Balanced
LVA,1997,2432851.0,867.0,867.0,18.0,20.0,-2.0,0.02306805,0.020761246,-0.002306805,1990s,-0.0099,0.356,Brain Drain
LVA,1998,2410019.0,968.0,968.0,17.0,22.0,-5.0,0.022727273,0.017561983,-0.005165289,1990s,-0.0094,0.402,Brain Drain
LVA,1999,2390482.0,1038.0,1038.0,11.0,28.0,-17.0,0.026974952,0.010597303,-0.01637765,1990s,-0.0081,0.434,Brain Drain
LVA,2000,2367550.0,1042.0,1042.0,12.0,39.0,-27.0,0.03742802,0.011516315,-0.025911707,2000s,-0.0096,0.44,Brain Drain
LVA,2001,2337170.0,1067.0,1067.0,30.0,29.0,1.0,0.027179006,0.028116213,0.00093720714,2000s,-0.0128,0.457,Brain Gain
LVA,2002,2310173.0,1087.0,1087.0,28.0,20.0,8.0,0.018399265,0.02575897,0.0073597054,2000s,-0.0116,0.471,Brain Gain
LVA,2003,2287955.0,1122.0,1122.0,30.0,14.0,16.0,0.012477718,0.026737968,0.014260249,2000s,-0.0096,0.49,Brain Gain
LVA,2004,2263122.0,1147.0,1147.0,18.0,14.0,4.0,0.012205754,0.015693113,0.0034873583,2000s,-0.0109,0.507,Brain Gain
LVA,2005,2238799.0,1264.0,1264.0,20.0,20.0,0.0,0.015822785,0.015822785,0.0,2000s,-0.0107,0.565,Balanced
LVA,2006,2218357.0,1497.0,1497.0,25.0,15.0,10.0,0.01002004,0.016700067,0.0066800267,2000s,-0.0091,0.675,Brain Gain
LVA,2007,2200325.0,1712.0,1712.0,25.0,25.0,0.0,0.014602804,0.014602804,0.0,2000s,-0.0081,0.778,Balanced
LVA,2008,2177322.0,1935.0,1935.0,27.0,20.0,7.0,0.010335918,0.013953488,0.003617571,2000s,-0.0105,0.889,Brain Gain
LVA,2009,2141669.0,2204.0,2204.0,23.0,22.0,1.0,0.009981851,0.010435572,0.0004537205,2000s,-0.0164,1.029,Brain Gain
LVA,2010,2097555.0,2481.0,2481.0,36.0,22.0,14.0,0.008867392,0.014510278,0.005642886,2010s,-0.0206,1.183,Brain Gain
LVA,2011,2059709.0,2783.0,2783.0,29.0,25.0,4.0,0.008983112,0.01042041,0.0014372979,2010s,-0.018,1.351,Brain Gain
LVA,2012,2034319.0,2949.0,2949.0,32.0,26.0,6.0,0.008816548,0.010851136,0.002034588,2010s,-0.0123,1.45,Brain Gain
LVA,2013,2012647.0,3170.0,3170.0,25.0,36.0,-11.0,0.011356466,0.007886435,-0.0034700315,2010s,-0.0107,1.575,Brain Drain
LVA,2014,1993782.0,3337.0,3337.0,36.0,33.0,3.0,0.009889122,0.010788133,0.0008990111,2010s,-0.0094,1.674,Brain Gain
LVA,2015,1977527.0,3501.0,3501.0,46.0,29.0,17.0,0.008283348,0.013139104,0.0048557557,2010s,-0.0082,1.77,Brain Gain
LVA,2016,1959537.0,3607.0,3607.0,39.0,48.0,-9.0,0.013307458,0.01081231,-0.0024951482,2010s,-0.0091,1.841,Brain Drain
LVA,2017,1942248.0,3838.0,3838.0,33.0,41.0,-8.0,0.010682647,0.008598228,-0.002084419,2010s,-0.0088,1.976,Brain Drain
LVA,2018,1927174.0,4047.0,4047.0,43.0,41.0,2.0,0.010130961,0.010625155,0.0004941932,2010s,-0.0078,2.1,Brain Gain
LVA,2019,1913822.0,4296.0,4296.0,53.0,41.0,12.0,0.009543762,0.012337058,0.002793296,2010s,-0.0069,2.245,Brain Gain
LVA,2020,1900449.0,4408.0,4408.0,49.0,40.0,9.0,0.00907441,0.011116153,0.0020417422,2020s,-0.007,2.319,Brain Gain
LVA,2021,1884490.0,4317.0,4317.0,56.0,35.0,21.0,0.008107482,0.012971971,0.004864489,2020s,-0.0084,2.291,Brain Gain
LVA,2022,1879383.0,0.0,0.0,60.0,41.0,19.0,,,,2020s,-0.0027,0.0,Brain Gain
LVA,2023,1879383.0,0.0,0.0,32.0,23.0,9.0,,,,2020s,0.0,0.0,Brain Gain
MAC,1996,404297.0,18.0,18.0,0.0,0.0,0.0,0.0,0.0,0.0,1990s,,0.045,Balanced
MAC,1997,411700.0,25.0,25.0,1.0,0.0,1.0,0.0,0.04,0.04,1990s,0.0183,0.061,Brain Gain
MAC,1998,418776.0,28.0,28.0,1.0,1.0,0.0,0.035714287,0.035714287,0.0,1990s,0.0172,0.067,Balanced
MAC,1999,425518.0,31.0,31.0,1.0,3.0,-2.0,0.09677419,0.032258064,-0.06451613,1990s,0.0161,0.073,Brain Drain
MAC,2000,431896.0,37.0,37.0,3.0,5.0,-2.0,0.13513513,0.08108108,-0.054054055,2000s,0.015,0.086,Brain Drain
MAC,2001,439122.0,54.0,54.0,4.0,1.0,3.0,0.018518519,0.074074075,0.055555556,2000s,0.0167,0.123,Brain Gain
MAC,2002,449665.0,75.0,75.0,8.0,7.0,1.0,0.093333334,0.10666667,0.013333334,2000s,0.024,0.167,Brain Gain
MAC,2003,462533.0,104.0,104.0,15.0,7.0,8.0,0.067307696,0.14423077,0.07692308,2000s,0.0286,0.225,Brain Gain
MAC,2004,475529.0,157.0,157.0,27.0,2.0,25.0,0.012738854,0.17197452,0.15923567,2000s,0.0281,0.33,Brain Gain
MAC,2005,488619.0,196.0,196.0,19.0,8.0,11.0,0.040816326,0.096938774,0.05612245,2000s,0.0275,0.401,Brain Gain
MAC,2006,501863.0,270.0,270.0,39.0,14.0,25.0,0.05185185,0.14444445,0.09259259,2000s,0.0271,0.538,Brain Gain
MAC,2007,515330.0,325.0,325.0,30.0,21.0,9.0,0.064615384,0.092307694,0.027692307,2000s,0.0268,0.631,Brain Gain
MAC,2008,529038.0,392.0,392.0,29.0,28.0,1.0,0.071428575,0.073979594,0.0025510204,2000s,0.0266,0.741,Brain Gain
MAC,2009,543021.0,465.0,465.0,46.0,17.0,29.0,0.03655914,0.09892473,0.06236559,2000s,0.0264,0.856,Brain Gain
MAC,2010,557297.0,541.0,541.0,60.0,40.0,20.0,0.073937155,0.11090573,0.036968578,2010s,0.0263,0.971,Brain Gain
MAC,2011,571003.0,675.0,675.0,64.0,47.0,17.0,0.06962963,0.094814815,0.025185185,2010s,0.0246,1.182,Brain Gain
MAC,2012,582766.0,849.0,849.0,102.0,41.0,61.0,0.048292108,0.12014134,0.071849234,2010s,0.0206,1.457,Brain Gain
MAC,2013,593374.0,1062.0,1062.0,106.0,42.0,64.0,0.03954802,0.09981167,0.060263652,2010s,0.0182,1.79,Brain Gain
MAC,2014,604167.0,1271.0,1271.0,124.0,66.0,58.0,0.051927615,0.09756097,0.04563336,2010s,0.0182,2.104,Brain Gain
MAC,2015,615239.0,1553.0,1553.0,142.0,54.0,88.0,0.03477141,0.09143593,0.05666452,2010s,0.0183,2.524,Brain Gain
MAC,2016,626688.0,1834.0,1834.0,161.0,98.0,63.0,0.053435113,0.08778626,0.034351144,2010s,0.0186,2.926,Brain Gain
MAC,2017,638609.0,2054.0,2054.0,140.0,107.0,33.0,0.052093476,0.06815969,0.016066212,2010s,0.019,3.216,Brain Gain
MAC,2018,650991.0,2187.0,2187.0,150.0,195.0,-45.0,0.08916324,0.0685871,-0.020576132,2010s,0.0194,3.359,Brain Drain
MAC,2019,663653.0,2202.0,2202.0,157.0,399.0,-242.0,0.18119891,0.07129882,-0.10990009,2010s,0.0195,3.318,Brain Drain
MAC,2020,676283.0,2443.0,2443.0,305.0,324.0,-19.0,0.13262382,0.1248465,-0.007777323,2020s,0.019,3.612,Brain Drain
MAC,2021,686607.0,2408.0,2408.0,364.0,329.0,35.0,0.13662791,0.15116279,0.014534884,2020s,0.0153,3.507,Brain Gain
MAC,2022,695168.0,0.0,0.0,419.0,323.0,96.0,,,,2020s,0.0125,0.0,Brain Gain
MAC,2023,695168.0,0.0,0.0,320.0,379.0,-59.0,,,,2020s,0.0,0.0,Brain Drain
MAF,1996,29407.0,,,,,,,,,1990s,,,Unknown
MAF,1997,29299.0,,,,,,,,,1990s,-0.0037,,Unknown
MAF,1998,29102.0,,,,,,,,,1990s,-0.0067,,Unknown
MAF,1999,29099.0,,,,,,,,,1990s,-0.0001,,Unknown
MAF,2000,29610.0,,,,,,,,,2000s,0.0176,,Unknown
MAF,2001,30387.0,,,,,,,,,2000s,0.0262,,Unknown
MAF,2002,31160.0,,,,,,,,,2000s,0.0254,,Unknown
MAF,2003,31929.0,,,,,,,,,2000s,0.0247,,Unknown
MAF,2004,32697.0,,,,,,,,,2000s,0.0241,,Unknown
MAF,2005,33452.0,,,,,,,,,2000s,0.0231,,Unknown
MAF,2006,34183.0,,,,,,,,,2000s,0.0219,,Unknown
MAF,2007,34887.0,,,,,,,,,2000s,0.0206,,Unknown
MAF,2008,35541.0,,,,,,,,,2000s,0.0187,,Unknown
MAF,2009,36132.0,,,,,,,,,2000s,0.0166,,Unknown
MAF,2010,36458.0,,,,,,,,,2010s,0.009,,Unknown
MAF,2011,36350.0,,,,,,,,,2010s,-0.003,,Unknown
MAF,2012,36026.0,,,,,,,,,2010s,-0.0089,,Unknown
MAF,2013,35639.0,,,,,,,,,2010s,-0.0107,,Unknown
MAF,2014,35261.0,,,,,,,,,2010s,-0.0106,,Unknown
MAF,2015,35020.0,,,,,,,,,2010s,-0.0068,,Unknown
MAF,2016,34811.0,,,,,,,,,2010s,-0.006,,Unknown
MAF,2017,34496.0,,,,,,,,,2010s,-0.009,,Unknown
MAF,2018,33852.0,,,,,,,,,2010s,-0.0187,,Unknown
MAF,2019,33121.0,,,,,,,,,2010s,-0.0216,,Unknown
MAF,2020,32553.0,,,,,,,,,2020s,-0.0171,,Unknown
MAF,2021,31948.0,2.0,2.0,0.0,0.0,0.0,0.0,0.0,0.0,2020s,-0.0186,0.063,Balanced
MAF,2022,31791.0,0.0,0.0,0.0,1.0,-1.0,,,,2020s,-0.0049,0.0,Brain Drain
MAF,2023,31791.0,,,,,,,,,2020s,0.0,,Unknown
MAR,1996,26999093.0,2141.0,2141.0,0.0,0.0,0.0,0.0,0.0,0.0,1990s,,0.079,Balanced
MAR,1997,27397118.0,2764.0,2764.0,80.0,38.0,42.0,0.013748191,0.02894356,0.015195369,1990s,0.0147,0.101,Brain Gain
MAR,1998,27791825.0,3304.0,3304.0,99.0,46.0,53.0,0.013922518,0.02996368,0.016041161,1990s,0.0144,0.119,Brain Gain
MAR,1999,28176997.0,3745.0,3745.0,100.0,77.0,23.0,0.020560747,0.02670227,0.006141522,1990s,0.0139,0.133,Brain Gain
MAR,2000,28554415.0,4168.0,4168.0,124.0,85.0,39.0,0.020393474,0.02975048,0.009357005,2000s,0.0134,0.146,Brain Gain
MAR,2001,28930097.0,4449.0,4449.0,139.0,100.0,39.0,0.022476962,0.031242976,0.008766015,2000s,0.0132,0.154,Brain Gain
MAR,2002,29301817.0,4647.0,4647.0,121.0,116.0,5.0,0.024962341,0.026038304,0.001075963,2000s,0.0128,0.159,Brain Gain
MAR,2003,29661270.0,4875.0,4875.0,113.0,96.0,17.0,0.019692307,0.023179486,0.0034871795,2000s,0.0123,0.164,Brain Gain
MAR,2004,30033125.0,5065.0,5065.0,97.0,106.0,-9.0,0.020927938,0.019151036,-0.0017769003,2000s,0.0125,0.169,Brain Drain
MAR,2005,30431902.0,5222.0,5222.0,101.0,91.0,10.0,0.017426273,0.019341249,0.0019149751,2000s,0.0133,0.172,Brain Gain
MAR,2006,30833022.0,5520.0,5520.0,122.0,63.0,59.0,0.011413043,0.022101449,0.0106884055,2000s,0.0132,0.179,Brain Gain
MAR,2007,31232633.0,6033.0,6033.0,133.0,65.0,68.0,0.010774076,0.022045417,0.011271341,2000s,0.013,0.193,Brain Gain
MAR,2008,31634992.0,6606.0,6606.0,127.0,98.0,29.0,0.014834998,0.019224947,0.0043899487,2000s,0.0129,0.209,Brain Gain
MAR,2009,32042877.0,7327.0,7327.0,140.0,96.0,44.0,0.013102225,0.01910741,0.006005186,2000s,0.0129,0.229,Brain Gain
MAR,2010,32464865.0,8022.0,8022.0,160.0,97.0,63.0,0.0120917475,0.01994515,0.007853403,2010s,0.0132,0.247,Brain Gain
MAR,2011,32903699.0,8914.0,8914.0,188.0,99.0,89.0,0.011106125,0.02109042,0.009984294,2010s,0.0135,0.271,Brain Gain
MAR,2012,33352169.0,10035.0,10035.0,212.0,115.0,97.0,0.011459891,0.021126058,0.009666168,2010s,0.0136,0.301,Brain Gain
MAR,2013,33803527.0,11214.0,11214.0,204.0,105.0,99.0,0.0093632955,0.018191546,0.008828251,2010s,0.0135,0.332,Brain Gain
MAR,2014,34248603.0,12553.0,12553.0,227.0,128.0,99.0,0.010196766,0.018083327,0.007886561,2010s,0.0132,0.367,Brain Gain
MAR,2015,34680458.0,13900.0,13900.0,229.0,143.0,86.0,0.01028777,0.01647482,0.00618705,2010s,0.0126,0.401,Brain Gain
MAR,2016,35107264.0,15120.0,15120.0,198.0,137.0,61.0,0.009060847,0.013095238,0.0040343916,2010s,0.0123,0.431,Brain Gain
MAR,2017,35528115.0,16544.0,16544.0,228.0,129.0,99.0,0.007797389,0.013781431,0.005984043,2010s,0.012,0.466,Brain Gain
MAR,2018,35927511.0,18271.0,18271.0,206.0,174.0,32.0,0.009523288,0.011274697,0.0017514094,2010s,0.0112,0.509,Brain Gain
MAR,2019,36304408.0,19875.0,19875.0,219.0,228.0,-9.0,0.011471698,0.011018868,-0.0004528302,2010s,0.0105,0.547,Brain Drain
MAR,2020,36688772.0,21158.0,21158.0,279.0,199.0,80.0,0.009405426,0.013186501,0.0037810758,2020s,0.0106,0.577,Brain Gain
MAR,2021,37076584.0,20849.0,20849.0,257.0,215.0,42.0,0.010312245,0.01232673,0.0020144852,2020s,0.0106,0.562,Brain Gain
MAR,2022,37457971.0,0.0,0.0,202.0,225.0,-23.0,,,,2020s,0.0103,0.0,Brain Drain
MAR,2023,37457971.0,0.0,0.0,126.0,126.0,0.0,,,,2020s,0.0,0.0,Balanced
MCO,1996,31719.0,53.0,53.0,0.0,0.0,0.0,0.0,0.0,0.0,1990s,,1.671,Balanced
MCO,1997,31968.0,62.0,62.0,8.0,7.0,1.0,0.11290322,0.12903225,0.016129032,1990s,0.0079,1.939,Brain Gain
MCO,1998,32209.0,69.0,69.0,8.0,8.0,0.0,0.11594203,0.11594203,0.0,1990s,0.0075,2.142,Balanced
MCO,1999,32394.0,72.0,72.0,8.0,10.0,-2.0,0.1388889,0.11111111,-0.027777778,1990s,0.0057,2.223,Brain Drain
MCO,2000,32465.0,77.0,77.0,8.0,10.0,-2.0,0.12987013,0.103896104,-0.025974026,2000s,0.0022,2.372,Brain Drain
MCO,2001,32444.0,86.0,86.0,19.0,10.0,9.0,0.11627907,0.22093023,0.10465116,2000s,-0.0006,2.651,Brain Gain
MCO,2002,32386.0,95.0,95.0,12.0,8.0,4.0,0.08421053,0.12631579,0.042105265,2000s,-0.0018,2.933,Brain Gain
MCO,2003,32316.0,108.0,108.0,17.0,8.0,9.0,0.074074075,0.1574074,0.083333336,2000s,-0.0022,3.342,Brain Gain
MCO,2004,32236.0,121.0,121.0,20.0,10.0,10.0,0.08264463,0.16528925,0.08264463,2000s,-0.0025,3.754,Brain Gain
MCO,2005,32141.0,126.0,126.0,9.0,9.0,0.0,0.071428575,0.071428575,0.0,2000s,-0.0029,3.92,Balanced
MCO,2006,32011.0,124.0,124.0,16.0,10.0,6.0,0.08064516,0.12903225,0.048387095,2000s,-0.004,3.874,Brain Gain
MCO,2007,31823.0,141.0,141.0,22.0,8.0,14.0,0.056737587,0.15602838,0.09929078,2000s,-0.0059,4.431,Brain Gain
MCO,2008,31862.0,155.0,155.0,19.0,7.0,12.0,0.045161292,0.12258065,0.077419356,2000s,0.0012,4.865,Brain Gain
MCO,2009,32401.0,142.0,142.0,11.0,26.0,-15.0,0.18309858,0.07746479,-0.1056338,2000s,0.0169,4.383,Brain Drain
MCO,2010,33178.0,152.0,152.0,16.0,8.0,8.0,0.05263158,0.10526316,0.05263158,2010s,0.024,4.581,Brain Gain
MCO,2011,33945.0,156.0,156.0,19.0,9.0,10.0,0.057692308,0.12179487,0.06410257,2010s,0.0231,4.596,Brain Gain
MCO,2012,34700.0,153.0,153.0,12.0,14.0,-2.0,0.09150327,0.078431375,-0.013071896,2010s,0.0222,4.409,Brain Drain
MCO,2013,35425.0,160.0,160.0,22.0,19.0,3.0,0.11875,0.1375,0.01875,2010s,0.0209,4.517,Brain Gain
MCO,2014,36110.0,172.0,172.0,18.0,12.0,6.0,0.069767445,0.10465116,0.034883723,2010s,0.0193,4.763,Brain Gain
MCO,2015,36760.0,181.0,181.0,21.0,8.0,13.0,0.044198897,0.1160221,0.0718232,2010s,0.018,4.924,Brain Gain
MCO,2016,37071.0,198.0,198.0,25.0,12.0,13.0,0.060606062,0.12626262,0.065656565,2010s,0.0085,5.341,Brain Gain
MCO,2017,37044.0,207.0,207.0,24.0,23.0,1.0,0.11111111,0.11594203,0.004830918,2010s,-0.0007,5.588,Brain Gain
MCO,2018,37029.0,218.0,218.0,27.0,14.0,13.0,0.06422018,0.123853214,0.059633028,2010s,-0.0004,5.887,Brain Gain
MCO,2019,37034.0,241.0,241.0,31.0,15.0,16.0,0.062240664,0.12863071,0.066390045,2010s,0.0001,6.508,Brain Gain
MCO,2020,36922.0,230.0,230.0,26.0,29.0,-3.0,0.12608695,0.11304348,-0.013043478,2020s,-0.003,6.229,Brain Drain
MCO,2021,36686.0,211.0,211.0,15.0,22.0,-7.0,0.1042654,0.07109005,-0.033175357,2020s,-0.0064,5.752,Brain Drain
MCO,2022,36469.0,0.0,0.0,19.0,13.0,6.0,,,,2020s,-0.0059,0.0,Brain Gain
MCO,2023,36469.0,,,,,,,,,2020s,0.0,,Unknown
MDA,1996,2947293.0,328.0,328.0,0.0,0.0,0.0,0.0,0.0,0.0,1990s,,0.111,Balanced
MDA,1997,2936413.0,385.0,385.0,12.0,16.0,-4.0,0.04155844,0.031168832,-0.01038961,1990s,-0.0037,0.131,Brain Drain
MDA,1998,2935227.0,434.0,434.0,12.0,20.0,-8.0,0.04608295,0.02764977,-0.01843318,1990s,-0.0004,0.148,Brain Drain
MDA,1999,2930622.0,454.0,454.0,11.0,16.0,-5.0,0.03524229,0.024229076,-0.011013215,1990s,-0.0016,0.155,Brain Drain
MDA,2000,2924668.0,453.0,453.0,16.0,25.0,-9.0,0.05518764,0.03532009,-0.01986755,2000s,-0.002,0.155,Brain Drain
MDA,2001,2918135.0,442.0,442.0,6.0,19.0,-13.0,0.042986427,0.013574661,-0.029411765,2000s,-0.0022,0.151,Brain Drain
MDA,2002,2911385.0,461.0,461.0,12.0,21.0,-9.0,0.045553144,0.02603037,-0.019522777,2000s,-0.0023,0.158,Brain Drain
MDA,2003,2903198.0,467.0,467.0,10.0,15.0,-5.0,0.032119915,0.021413276,-0.010706638,2000s,-0.0028,0.161,Brain Drain
MDA,2004,2896023.0,460.0,460.0,13.0,22.0,-9.0,0.047826085,0.02826087,-0.019565217,2000s,-0.0025,0.159,Brain Drain
MDA,2005,2888985.0,479.0,479.0,15.0,7.0,8.0,0.014613778,0.03131524,0.016701462,2000s,-0.0024,0.166,Brain Gain
MDA,2006,2880967.0,526.0,526.0,12.0,13.0,-1.0,0.02471483,0.022813689,-0.0019011407,2000s,-0.0028,0.183,Brain Drain
MDA,2007,2874299.0,579.0,579.0,15.0,20.0,-5.0,0.034542315,0.025906736,-0.008635579,2000s,-0.0023,0.201,Brain Drain
MDA,2008,2868833.0,602.0,602.0,14.0,10.0,4.0,0.016611295,0.023255814,0.006644518,2000s,-0.0019,0.21,Brain Gain
MDA,2009,2865213.0,642.0,642.0,14.0,20.0,-6.0,0.031152649,0.021806853,-0.009345794,2000s,-0.0013,0.224,Brain Drain
MDA,2010,2862354.0,707.0,707.0,17.0,17.0,0.0,0.024045262,0.024045262,0.0,2010s,-0.001,0.247,Balanced
MDA,2011,2860699.0,750.0,750.0,19.0,16.0,3.0,0.021333333,0.025333334,0.004,2010s,-0.0006,0.262,Brain Gain
MDA,2012,2860324.0,785.0,785.0,20.0,23.0,-3.0,0.029299363,0.025477707,-0.003821656,2010s,-0.0001,0.274,Brain Drain
MDA,2013,2859558.0,796.0,796.0,19.0,21.0,-2.0,0.02638191,0.023869347,-0.0025125628,2010s,-0.0003,0.278,Brain Drain
MDA,2014,2857815.0,843.0,843.0,15.0,21.0,-6.0,0.024911031,0.017793594,-0.0071174377,2010s,-0.0006,0.295,Brain Drain
MDA,2015,2835978.0,862.0,862.0,23.0,20.0,3.0,0.023201857,0.026682135,0.0034802784,2010s,-0.0076,0.304,Brain Gain
MDA,2016,2803186.0,888.0,888.0,27.0,29.0,-2.0,0.032657657,0.030405406,-0.0022522523,2010s,-0.0116,0.317,Brain Drain
MDA,2017,2755189.0,957.0,957.0,31.0,19.0,12.0,0.01985371,0.032392893,0.012539185,2010s,-0.0171,0.347,Brain Gain
MDA,2018,2707203.0,1057.0,1057.0,22.0,32.0,-10.0,0.030274361,0.020813623,-0.009460738,2010s,-0.0174,0.39,Brain Drain
MDA,2019,2664224.0,1084.0,1084.0,27.0,26.0,1.0,0.02398524,0.02490775,0.00092250924,2010s,-0.0159,0.407,Brain Gain
MDA,2020,2635130.0,1066.0,1066.0,17.0,34.0,-17.0,0.031894933,0.015947467,-0.015947467,2020s,-0.0109,0.405,Brain Drain
MDA,2021,2595809.0,1030.0,1030.0,26.0,19.0,7.0,0.018446602,0.025242718,0.0067961165,2020s,-0.0149,0.397,Brain Gain
MDA,2022,2538894.0,0.0,0.0,17.0,18.0,-1.0,,,,2020s,-0.0219,0.0,Brain Drain
MDA,2023,2538894.0,,,,,,,,,2020s,0.0,,Unknown
MDG,1996,14317454.0,162.0,162.0,0.0,0.0,0.0,0.0,0.0,0.0,1990s,,0.011,Balanced
MDG,1997,14778903.0,193.0,193.0,4.0,7.0,-3.0,0.03626943,0.020725388,-0.015544041,1990s,0.0322,0.013,Brain Drain
MDG,1998,15250934.0,235.0,235.0,12.0,8.0,4.0,0.034042552,0.05106383,0.017021276,1990s,0.0319,0.015,Brain Gain
MDG,1999,15730885.0,250.0,250.0,8.0,15.0,-7.0,0.06,0.032,-0.028,1990s,0.0315,0.016,Brain Drain
MDG,2000,16216431.0,262.0,262.0,12.0,16.0,-4.0,0.061068702,0.045801528,-0.015267176,2000s,0.0309,0.016,Brain Drain
MDG,2001,16709665.0,290.0,290.0,14.0,19.0,-5.0,0.06551724,0.048275862,-0.01724138,2000s,0.0304,0.017,Brain Drain
MDG,2002,17211934.0,321.0,321.0,27.0,17.0,10.0,0.0529595,0.08411215,0.031152649,2000s,0.0301,0.019,Brain Gain
MDG,2003,17724310.0,349.0,349.0,16.0,8.0,8.0,0.022922637,0.045845274,0.022922637,2000s,0.0298,0.02,Brain Gain
MDG,2004,18250774.0,355.0,355.0,13.0,22.0,-9.0,0.061971832,0.03661972,-0.025352113,2000s,0.0297,0.019,Brain Drain
MDG,2005,18792171.0,416.0,416.0,23.0,11.0,12.0,0.026442308,0.05528846,0.028846154,2000s,0.0297,0.022,Brain Gain
MDG,2006,19350299.0,459.0,459.0,17.0,14.0,3.0,0.03050109,0.037037037,0.006535948,2000s,0.0297,0.024,Brain Gain
MDG,2007,19924958.0,511.0,511.0,23.0,14.0,9.0,0.02739726,0.045009784,0.017612524,2000s,0.0297,0.026,Brain Gain
MDG,2008,20513599.0,561.0,561.0,18.0,18.0,0.0,0.03208556,0.03208556,0.0,2000s,0.0295,0.027,Balanced
MDG,2009,21117092.0,633.0,633.0,21.0,19.0,2.0,0.030015798,0.033175357,0.0031595577,2000s,0.0294,0.03,Brain Gain
MDG,2010,21731053.0,676.0,676.0,27.0,20.0,7.0,0.0295858,0.039940827,0.010355029,2010s,0.0291,0.031,Brain Gain
MDG,2011,22348158.0,729.0,729.0,31.0,18.0,13.0,0.024691358,0.042524006,0.017832648,2010s,0.0284,0.033,Brain Gain
MDG,2012,22966240.0,804.0,804.0,31.0,14.0,17.0,0.017412934,0.038557213,0.021144278,2010s,0.0277,0.035,Brain Gain
MDG,2013,23588073.0,849.0,849.0,29.0,26.0,3.0,0.030624263,0.03415783,0.003533569,2010s,0.0271,0.036,Brain Gain
MDG,2014,24215976.0,895.0,895.0,33.0,26.0,7.0,0.02905028,0.036871508,0.007821229,2010s,0.0266,0.037,Brain Gain
MDG,2015,24850912.0,949.0,949.0,27.0,29.0,-2.0,0.030558482,0.028451001,-0.0021074815,2010s,0.0262,0.038,Brain Drain
MDG,2016,25501941.0,1000.0,1000.0,28.0,26.0,2.0,0.026,0.028,0.002,2010s,0.0262,0.039,Brain Gain
MDG,2017,26169542.0,1047.0,1047.0,40.0,28.0,12.0,0.026743075,0.038204394,0.0114613185,2010s,0.0262,0.04,Brain Gain
MDG,2018,26846541.0,1147.0,1147.0,45.0,34.0,11.0,0.029642547,0.039232783,0.009590236,2010s,0.0259,0.043,Brain Gain
MDG,2019,27533134.0,1218.0,1218.0,42.0,34.0,8.0,0.027914613,0.03448276,0.0065681445,2010s,0.0256,0.044,Brain Gain
MDG,2020,28225177.0,1207.0,1207.0,29.0,36.0,-7.0,0.029826015,0.024026511,-0.005799503,2020s,0.0251,0.043,Brain Drain
MDG,2021,28915653.0,1177.0,1177.0,34.0,37.0,-3.0,0.031435855,0.028887,-0.002548853,2020s,0.0245,0.041,Brain Drain
MDG,2022,29611714.0,0.0,0.0,30.0,16.0,14.0,,,,2020s,0.0241,0.0,Brain Gain
MDG,2023,29611714.0,,,,,,,,,2020s,0.0,,Unknown
MDV,1996,263841.0,4.0,4.0,0.0,0.0,0.0,0.0,0.0,0.0,1990s,,0.015,Balanced
MDV,1997,269040.0,3.0,3.0,0.0,1.0,-1.0,0.33333334,0.0,-0.33333334,1990s,0.0197,0.011,Brain Drain
MDV,1998,273796.0,,,,,,,,,1990s,0.0177,,Unknown
MDV,1999,278111.0,,,,,,,,,1990s,0.0158,,Unknown
MDV,2000,282507.0,,,,,,,,,2000s,0.0158,,Unknown
MDV,2001,287324.0,5.0,5.0,0.0,0.0,0.0,0.0,0.0,0.0,2000s,0.0171,0.017,Balanced
MDV,2002,292284.0,,,,,,,,,2000s,0.0173,,Unknown
MDV,2003,297226.0,4.0,4.0,0.0,1.0,-1.0,0.25,0.0,-0.25,2000s,0.0169,0.013,Brain Drain
MDV,2004,302135.0,7.0,7.0,3.0,1.0,2.0,0.14285715,0.42857143,0.2857143,2000s,0.0165,0.023,Brain Gain
MDV,2005,307018.0,,,,,,,,,2000s,0.0162,,Unknown
MDV,2006,314401.0,11.0,11.0,0.0,0.0,0.0,0.0,0.0,0.0,2000s,0.024,0.035,Balanced
MDV,2007,325126.0,13.0,13.0,1.0,0.0,1.0,0.0,0.07692308,0.07692308,2000s,0.0341,0.04,Brain Gain
MDV,2008,336883.0,15.0,15.0,2.0,1.0,1.0,0.06666667,0.13333334,0.06666667,2000s,0.0362,0.045,Brain Gain
MDV,2009,349037.0,23.0,23.0,2.0,0.0,2.0,0.0,0.08695652,0.08695652,2000s,0.0361,0.066,Brain Gain
MDV,2010,361575.0,25.0,25.0,1.0,1.0,0.0,0.04,0.04,0.0,2010s,0.0359,0.069,Balanced
MDV,2011,374440.0,24.0,24.0,1.0,2.0,-1.0,0.083333336,0.041666668,-0.041666668,2010s,0.0356,0.064,Brain Drain
MDV,2012,387539.0,24.0,24.0,3.0,5.0,-2.0,0.20833333,0.125,-0.083333336,2010s,0.035,0.062,Brain Drain
MDV,2013,400728.0,29.0,29.0,5.0,1.0,4.0,0.03448276,0.1724138,0.13793103,2010s,0.034,0.072,Brain Gain
MDV,2014,416738.0,35.0,35.0,4.0,2.0,2.0,0.057142857,0.114285715,0.057142857,2010s,0.04,0.084,Brain Gain
MDV,2015,435582.0,36.0,36.0,2.0,5.0,-3.0,0.1388889,0.055555556,-0.083333336,2010s,0.0452,0.083,Brain Drain
MDV,2016,454252.0,36.0,36.0,5.0,9.0,-4.0,0.25,0.1388889,-0.11111111,2010s,0.0429,0.079,Brain Drain
MDV,2017,472442.0,42.0,42.0,6.0,1.0,5.0,0.023809524,0.14285715,0.11904762,2010s,0.04,0.089,Brain Gain
MDV,2018,489758.0,60.0,60.0,11.0,8.0,3.0,0.13333334,0.18333334,0.05,2010s,0.0367,0.123,Brain Gain
MDV,2019,504508.0,75.0,75.0,7.0,11.0,-4.0,0.14666666,0.093333334,-0.053333335,2010s,0.0301,0.149,Brain Drain
MDV,2020,514438.0,94.0,94.0,17.0,2.0,15.0,0.021276595,0.18085106,0.15957446,2020s,0.0197,0.183,Brain Gain
MDV,2021,521457.0,98.0,98.0,13.0,9.0,4.0,0.091836736,0.13265306,0.040816326,2020s,0.0136,0.188,Brain Gain
MDV,2022,523787.0,0.0,0.0,12.0,9.0,3.0,,,,2020s,0.0045,0.0,Brain Gain
MDV,2023,523787.0,,,,,,,,,2020s,0.0,,Unknown
MEX,1996,91586555.0,11473.0,11473.0,0.0,0.0,0.0,0.0,0.0,0.0,1990s,,0.125,Balanced
MEX,1997,93183094.0,13903.0,13903.0,267.0,236.0,31.0,0.016974753,0.019204488,0.0022297346,1990s,0.0174,0.149,Brain Gain
MEX,1998,94767284.0,16244.0,16244.0,391.0,321.0,70.0,0.019761143,0.024070427,0.0043092836,1990s,0.017,0.171,Brain Gain
MEX,1999,96334810.0,17970.0,17970.0,460.0,342.0,118.0,0.01903172,0.025598219,0.0065665,1990s,0.0165,0.187,Brain Gain
MEX,2000,97873442.0,19463.0,19463.0,472.0,471.0,1.0,0.024199763,0.024251143,5.1379542e-05,2000s,0.016,0.199,Brain Gain
MEX,2001,99394288.0,21151.0,21151.0,566.0,485.0,81.0,0.022930358,0.026759963,0.003829606,2000s,0.0155,0.213,Brain Gain
MEX,2002,100917081.0,22976.0,22976.0,638.0,521.0,117.0,0.022675836,0.027768105,0.00509227,2000s,0.0153,0.228,Brain Gain
MEX,2003,102429341.0,25131.0,25131.0,584.0,496.0,88.0,0.01973658,0.023238232,0.0035016513,2000s,0.015,0.245,Brain Gain
MEX,2004,103945813.0,27473.0,27473.0,547.0,425.0,122.0,0.015469734,0.019910457,0.0044407235,2000s,0.0148,0.264,Brain Gain
MEX,2005,105442402.0,29775.0,29775.0,564.0,446.0,118.0,0.0149790095,0.018942066,0.0039630565,2000s,0.0144,0.282,Brain Gain
MEX,2006,106886790.0,32625.0,32625.0,531.0,491.0,40.0,0.015049809,0.016275862,0.0012260537,2000s,0.0137,0.305,Brain Gain
MEX,2007,108302973.0,35647.0,35647.0,641.0,575.0,66.0,0.01613039,0.017981878,0.0018514883,2000s,0.0132,0.329,Brain Gain
MEX,2008,109684489.0,38367.0,38367.0,621.0,557.0,64.0,0.0145176845,0.016185785,0.0016681002,2000s,0.0128,0.35,Brain Gain
MEX,2009,111049428.0,41598.0,41598.0,655.0,657.0,-2.0,0.01579403,0.015745949,-4.8079233e-05,2000s,0.0124,0.375,Brain Drain
MEX,2010,112532401.0,46019.0,46019.0,693.0,720.0,-27.0,0.01564571,0.015058997,-0.0005867142,2010s,0.0134,0.409,Brain Drain
MEX,2011,114150481.0,50030.0,50030.0,736.0,731.0,5.0,0.014611233,0.014711173,9.9940036e-05,2010s,0.0144,0.438,Brain Gain
MEX,2012,115755909.0,53884.0,53884.0,746.0,705.0,41.0,0.013083661,0.013844555,0.00076089374,2010s,0.0141,0.465,Brain Gain
MEX,2013,117290686.0,57420.0,57420.0,782.0,785.0,-3.0,0.013671195,0.013618948,-5.2246603e-05,2010s,0.0133,0.49,Brain Drain
MEX,2014,118755887.0,60394.0,60394.0,877.0,796.0,81.0,0.013180117,0.01452131,0.0013411929,2010s,0.0125,0.509,Brain Gain
MEX,2015,120149897.0,63863.0,63863.0,958.0,886.0,72.0,0.013873448,0.015000861,0.0011274134,2010s,0.0117,0.532,Brain Gain
MEX,2016,121519221.0,68108.0,68108.0,1033.0,969.0,64.0,0.014227403,0.015167087,0.00093968405,2010s,0.0114,0.56,Brain Gain
MEX,2017,122839258.0,72114.0,72114.0,1077.0,1004.0,73.0,0.013922401,0.014934687,0.001012286,2010s,0.0109,0.587,Brain Gain
MEX,2018,124013861.0,76079.0,76079.0,1126.0,1020.0,106.0,0.013407116,0.014800405,0.0013932886,2010s,0.0096,0.613,Brain Gain
MEX,2019,125085311.0,78875.0,78875.0,1117.0,1126.0,-9.0,0.014275753,0.014161648,-0.000114104594,2010s,0.0086,0.631,Brain Drain
MEX,2020,125998302.0,79206.0,79206.0,1023.0,1261.0,-238.0,0.01592051,0.012915689,-0.0030048229,2020s,0.0073,0.629,Brain Drain
MEX,2021,126705138.0,76412.0,76412.0,932.0,1222.0,-290.0,0.015992252,0.012197037,-0.0037952154,2020s,0.0056,0.603,Brain Drain
MEX,2022,127504125.0,0.0,0.0,763.0,1016.0,-253.0,,,,2020s,0.0063,0.0,Brain Drain
MEX,2023,127504125.0,0.0,0.0,477.0,557.0,-80.0,,,,2020s,0.0,0.0,Brain Drain
MHL,1996,51538.0,2.0,2.0,0.0,0.0,0.0,0.0,0.0,0.0,1990s,,0.039,Balanced
MHL,1997,52358.0,1.0,1.0,0.0,1.0,-1.0,1.0,0.0,-1.0,1990s,0.0159,0.019,Brain Drain
MHL,1998,53164.0,,,,,,,,,1990s,0.0154,,Unknown
MHL,1999,53834.0,,,,,,,,,1990s,0.0126,,Unknown
MHL,2000,54224.0,9.0,9.0,1.0,0.0,1.0,0.0,0.11111111,0.11111111,2000s,0.0072,0.166,Brain Gain
MHL,2001,54413.0,8.0,8.0,0.0,2.0,-2.0,0.25,0.0,-0.25,2000s,0.0035,0.147,Brain Drain
MHL,2002,54496.0,,,,,,,,,2000s,0.0015,,Unknown
MHL,2003,54493.0,7.0,7.0,1.0,1.0,0.0,0.14285715,0.14285715,0.0,2000s,-0.0001,0.128,Balanced
MHL,2004,54435.0,,,,,,,,,2000s,-0.0011,,Unknown
MHL,2005,54337.0,13.0,13.0,2.0,1.0,1.0,0.07692308,0.15384616,0.07692308,2000s,-0.0018,0.239,Brain Gain
MHL,2006,54208.0,13.0,13.0,2.0,2.0,0.0,0.15384616,0.15384616,0.0,2000s,-0.0024,0.24,Balanced
MHL,2007,54038.0,,,,,,,,,2000s,-0.0031,,Unknown
MHL,2008,53816.0,,,,,,,,,2000s,-0.0041,,Unknown
MHL,2009,53593.0,10.0,10.0,0.0,0.0,0.0,0.0,0.0,0.0,2000s,-0.0041,0.187,Balanced
MHL,2010,53416.0,,,,,,,,,2010s,-0.0033,,Unknown
MHL,2011,52971.0,,,,,,,,,2010s,-0.0083,,Unknown
MHL,2012,52203.0,9.0,9.0,0.0,0.0,0.0,0.0,0.0,0.0,2010s,-0.0145,0.172,Balanced
MHL,2013,51352.0,,,,,,,,,2010s,-0.0163,,Unknown
MHL,2014,50419.0,7.0,7.0,2.0,0.0,2.0,0.0,0.2857143,0.2857143,2010s,-0.0182,0.139,Brain Gain
MHL,2015,49410.0,,,,,,,,,2010s,-0.02,,Unknown
MHL,2016,48329.0,,,,,,,,,2010s,-0.0219,,Unknown
MHL,2017,47187.0,,,,,,,,,2010s,-0.0236,,Unknown
MHL,2018,45989.0,14.0,14.0,2.0,0.0,2.0,0.0,0.14285715,0.14285715,2010s,-0.0254,0.304,Brain Gain
MHL,2019,44728.0,19.0,19.0,1.0,0.0,1.0,0.0,0.05263158,0.05263158,2010s,-0.0274,0.425,Brain Gain
MHL,2020,43413.0,21.0,21.0,2.0,1.0,1.0,0.04761905,0.0952381,0.04761905,2020s,-0.0294,0.484,Brain Gain
MHL,2021,42050.0,21.0,21.0,0.0,0.0,0.0,0.0,0.0,0.0,2020s,-0.0314,0.499,Balanced
MHL,2022,41569.0,,,,,,,,,2020s,-0.0114,,Unknown
MHL,2023,41569.0,,,,,,,,,2020s,0.0,,Unknown
MKD,1996,1994226.0,221.0,221.0,0.0,0.0,0.0,0.0,0.0,0.0,1990s,,0.111,Balanced
MKD,1997,1996869.0,278.0,278.0,9.0,7.0,2.0,0.025179856,0.0323741,0.007194245,1990s,0.0013,0.139,Brain Gain
MKD,1998,2007523.0,337.0,337.0,10.0,16.0,-6.0,0.047477745,0.029673591,-0.017804155,1990s,0.0053,0.168,Brain Drain
MKD,1999,2017142.0,387.0,387.0,14.0,14.0,0.0,0.03617571,0.03617571,0.0,1990s,0.0048,0.192,Balanced
MKD,2000,2026350.0,424.0,424.0,16.0,14.0,2.0,0.03301887,0.03773585,0.004716981,2000s,0.0046,0.209,Brain Gain
MKD,2001,2034882.0,466.0,466.0,23.0,18.0,5.0,0.03862661,0.049356222,0.010729614,2000s,0.0042,0.229,Brain Gain
MKD,2002,2020157.0,542.0,542.0,32.0,33.0,-1.0,0.06088561,0.05904059,-0.0018450185,2000s,-0.0072,0.268,Brain Drain
MKD,2003,2026773.0,628.0,628.0,32.0,17.0,15.0,0.027070064,0.050955415,0.02388535,2000s,0.0033,0.31,Brain Gain
MKD,2004,2032544.0,748.0,748.0,53.0,15.0,38.0,0.020053476,0.07085562,0.050802138,2000s,0.0028,0.368,Brain Gain
MKD,2005,2036855.0,803.0,803.0,44.0,79.0,-35.0,0.09838107,0.05479452,-0.043586552,2000s,0.0021,0.394,Brain Drain
MKD,2006,2040228.0,931.0,931.0,33.0,54.0,-21.0,0.058002148,0.035445757,-0.02255639,2000s,0.0017,0.456,Brain Drain
MKD,2007,2043559.0,1069.0,1069.0,35.0,36.0,-1.0,0.033676334,0.03274088,-0.0009354537,2000s,0.0016,0.523,Brain Drain
MKD,2008,2046898.0,1194.0,1194.0,38.0,37.0,1.0,0.030988274,0.031825796,0.0008375209,2000s,0.0016,0.583,Brain Gain
MKD,2009,2050671.0,1311.0,1311.0,37.0,63.0,-26.0,0.04805492,0.02822273,-0.019832188,2000s,0.0018,0.639,Brain Drain
MKD,2010,2055004.0,1396.0,1396.0,17.0,65.0,-48.0,0.046561606,0.012177651,-0.034383953,2010s,0.0021,0.679,Brain Drain
MKD,2011,2058539.0,1543.0,1543.0,20.0,29.0,-9.0,0.018794555,0.012961763,-0.005832793,2010s,0.0017,0.75,Brain Drain
MKD,2012,2061044.0,1676.0,1676.0,22.0,27.0,-5.0,0.016109785,0.013126492,-0.0029832935,2010s,0.0012,0.813,Brain Drain
MKD,2013,2064032.0,1837.0,1837.0,21.0,25.0,-4.0,0.013609146,0.011431682,-0.0021774631,2010s,0.0014,0.89,Brain Drain
MKD,2014,2067471.0,1944.0,1944.0,23.0,38.0,-15.0,0.019547325,0.011831276,-0.0077160494,2010s,0.0017,0.94,Brain Drain
MKD,2015,2070226.0,2017.0,2017.0,29.0,25.0,4.0,0.012394645,0.014377789,0.0019831434,2010s,0.0013,0.974,Brain Gain
MKD,2016,2072490.0,2077.0,2077.0,27.0,38.0,-11.0,0.018295618,0.012999519,-0.0052961,2010s,0.0011,1.002,Brain Drain
MKD,2017,2074502.0,2152.0,2152.0,37.0,43.0,-6.0,0.019981412,0.017193308,-0.0027881041,2010s,0.001,1.037,Brain Drain
MKD,2018,2076217.0,2166.0,2166.0,45.0,52.0,-7.0,0.024007387,0.020775624,-0.0032317636,2010s,0.0008,1.043,Brain Drain
MKD,2019,2076694.0,2152.0,2152.0,34.0,61.0,-27.0,0.028345725,0.015799256,-0.0125464685,2010s,0.0002,1.036,Brain Drain
MKD,2020,2072531.0,2140.0,2140.0,47.0,46.0,1.0,0.021495327,0.021962617,0.00046728973,2020s,-0.002,1.033,Brain Gain
MKD,2021,2065092.0,1991.0,1991.0,21.0,34.0,-13.0,0.017076846,0.010547464,-0.0065293824,2020s,-0.0036,0.964,Brain Drain
MKD,2022,2057679.0,0.0,0.0,29.0,28.0,1.0,,,,2020s,-0.0036,0.0,Brain Gain
MKD,2023,2057679.0,,,,,,,,,2020s,0.0,,Unknown
MLI,1996,10131906.0,129.0,129.0,0.0,0.0,0.0,0.0,0.0,0.0,1990s,,0.013,Balanced
MLI,1997,10359301.0,151.0,151.0,6.0,8.0,-2.0,0.052980132,0.0397351,-0.013245033,1990s,0.0224,0.015,Brain Drain
MLI,1998,10620475.0,160.0,160.0,4.0,13.0,-9.0,0.08125,0.025,-0.05625,1990s,0.0252,0.015,Brain Drain
MLI,1999,10916993.0,175.0,175.0,11.0,9.0,2.0,0.05142857,0.06285714,0.011428571,1990s,0.0279,0.016,Brain Gain
MLI,2000,11239101.0,198.0,198.0,13.0,16.0,-3.0,0.08080808,0.065656565,-0.015151516,2000s,0.0295,0.018,Brain Drain
MLI,2001,11583824.0,208.0,208.0,9.0,15.0,-6.0,0.072115384,0.043269232,-0.028846154,2000s,0.0307,0.018,Brain Drain
MLI,2002,11952660.0,233.0,233.0,14.0,12.0,2.0,0.051502146,0.060085837,0.008583691,2000s,0.0318,0.019,Brain Gain
MLI,2003,12342165.0,254.0,254.0,13.0,13.0,0.0,0.051181104,0.051181104,0.0,2000s,0.0326,0.021,Balanced
MLI,2004,12751995.0,313.0,313.0,19.0,9.0,10.0,0.028753994,0.060702875,0.031948883,2000s,0.0332,0.025,Brain Gain
MLI,2005,13180551.0,382.0,382.0,26.0,11.0,15.0,0.028795812,0.06806283,0.039267015,2000s,0.0336,0.029,Brain Gain
MLI,2006,13623541.0,437.0,437.0,29.0,12.0,17.0,0.027459955,0.066361554,0.0389016,2000s,0.0336,0.032,Brain Gain
MLI,2007,14080912.0,499.0,499.0,17.0,18.0,-1.0,0.036072146,0.034068137,-0.002004008,2000s,0.0336,0.035,Brain Drain
MLI,2008,14551117.0,524.0,524.0,15.0,25.0,-10.0,0.047709923,0.028625954,-0.01908397,2000s,0.0334,0.036,Brain Drain
MLI,2009,15032635.0,565.0,565.0,21.0,37.0,-16.0,0.06548673,0.03716814,-0.028318584,2000s,0.0331,0.038,Brain Drain
MLI,2010,15529181.0,613.0,613.0,34.0,28.0,6.0,0.045677,0.055464927,0.009787928,2010s,0.033,0.039,Brain Gain
MLI,2011,16039734.0,630.0,630.0,25.0,22.0,3.0,0.034920637,0.03968254,0.004761905,2010s,0.0329,0.039,Brain Gain
MLI,2012,16514687.0,666.0,666.0,33.0,24.0,9.0,0.036036037,0.04954955,0.013513514,2010s,0.0296,0.04,Brain Gain
MLI,2013,17004033.0,679.0,679.0,23.0,32.0,-9.0,0.04712813,0.033873342,-0.013254787,2010s,0.0296,0.04,Brain Drain
MLI,2014,17551814.0,728.0,728.0,46.0,33.0,13.0,0.04532967,0.06318682,0.017857144,2010s,0.0322,0.041,Brain Gain
MLI,2015,18112907.0,752.0,752.0,34.0,36.0,-2.0,0.047872342,0.045212764,-0.0026595744,2010s,0.032,0.042,Brain Drain
MLI,2016,18700106.0,819.0,819.0,59.0,21.0,38.0,0.025641026,0.072039075,0.046398047,2010s,0.0324,0.044,Brain Gain
MLI,2017,19311355.0,869.0,869.0,49.0,37.0,12.0,0.042577676,0.05638665,0.013808976,2010s,0.0327,0.045,Brain Gain
MLI,2018,19934298.0,938.0,938.0,60.0,28.0,32.0,0.029850746,0.06396589,0.03411514,2010s,0.0323,0.047,Brain Gain
MLI,2019,20567424.0,1016.0,1016.0,63.0,34.0,29.0,0.033464566,0.062007874,0.028543307,2010s,0.0318,0.049,Brain Gain
MLI,2020,21224040.0,1003.0,1003.0,44.0,37.0,7.0,0.036889333,0.043868396,0.0069790627,2020s,0.0319,0.047,Brain Gain
MLI,2021,21904983.0,962.0,962.0,43.0,33.0,10.0,0.034303535,0.044698544,0.01039501,2020s,0.0321,0.044,Brain Gain
MLI,2022,22593590.0,0.0,0.0,35.0,26.0,9.0,,,,2020s,0.0314,0.0,Brain Gain
MLI,2023,22593590.0,,,,,,,,,2020s,0.0,,Unknown
MLT,1996,379905.0,115.0,115.0,0.0,0.0,0.0,0.0,0.0,0.0,1990s,,0.303,Balanced
MLT,1997,382791.0,124.0,124.0,2.0,7.0,-5.0,0.05645161,0.016129032,-0.04032258,1990s,0.0076,0.324,Brain Drain
MLT,1998,385287.0,142.0,142.0,9.0,9.0,0.0,0.06338028,0.06338028,0.0,1990s,0.0065,0.369,Balanced
MLT,1999,387578.0,150.0,150.0,7.0,13.0,-6.0,0.086666666,0.046666667,-0.04,1990s,0.0059,0.387,Brain Drain
MLT,2000,390087.0,175.0,175.0,10.0,4.0,6.0,0.022857143,0.057142857,0.034285713,2000s,0.0065,0.449,Brain Gain
MLT,2001,393028.0,195.0,195.0,9.0,6.0,3.0,0.03076923,0.046153847,0.015384615,2000s,0.0075,0.496,Brain Gain
MLT,2002,395969.0,218.0,218.0,9.0,6.0,3.0,0.027522936,0.041284405,0.013761468,2000s,0.0075,0.551,Brain Gain
MLT,2003,398582.0,225.0,225.0,5.0,6.0,-1.0,0.026666667,0.022222223,-0.0044444446,2000s,0.0066,0.565,Brain Drain
MLT,2004,401268.0,256.0,256.0,14.0,4.0,10.0,0.015625,0.0546875,0.0390625,2000s,0.0067,0.638,Brain Gain
MLT,2005,403834.0,289.0,289.0,13.0,2.0,11.0,0.0069204154,0.044982698,0.038062282,2000s,0.0064,0.716,Brain Gain
MLT,2006,405308.0,347.0,347.0,14.0,15.0,-1.0,0.043227665,0.04034582,-0.0028818443,2000s,0.0037,0.856,Brain Drain
MLT,2007,406724.0,395.0,395.0,4.0,9.0,-5.0,0.02278481,0.010126582,-0.012658228,2000s,0.0035,0.971,Brain Drain
MLT,2008,409379.0,460.0,460.0,17.0,10.0,7.0,0.02173913,0.036956523,0.015217391,2000s,0.0065,1.124,Brain Gain
MLT,2009,412477.0,508.0,508.0,16.0,14.0,2.0,0.027559055,0.031496063,0.003937008,2000s,0.0076,1.232,Brain Gain
MLT,2010,414508.0,583.0,583.0,15.0,14.0,1.0,0.024013722,0.025728988,0.0017152659,2010s,0.0049,1.406,Brain Gain
MLT,2011,416268.0,654.0,654.0,23.0,13.0,10.0,0.019877676,0.035168197,0.01529052,2010s,0.0042,1.571,Brain Gain
MLT,2012,420028.0,736.0,736.0,20.0,13.0,7.0,0.017663043,0.027173912,0.009510869,2010s,0.009,1.752,Brain Gain
MLT,2013,425967.0,829.0,829.0,19.0,15.0,4.0,0.018094089,0.02291918,0.0048250905,2010s,0.0141,1.946,Brain Gain
MLT,2014,434558.0,934.0,934.0,31.0,20.0,11.0,0.021413276,0.03319058,0.011777302,2010s,0.0202,2.149,Brain Gain
MLT,2015,445053.0,1030.0,1030.0,36.0,19.0,17.0,0.018446602,0.034951456,0.016504854,2010s,0.0242,2.314,Brain Gain
MLT,2016,455356.0,1097.0,1097.0,36.0,25.0,11.0,0.022789426,0.03281677,0.010027347,2010s,0.0232,2.409,Brain Gain
MLT,2017,467999.0,1165.0,1165.0,42.0,31.0,11.0,0.026609441,0.0360515,0.00944206,2010s,0.0278,2.489,Brain Gain
MLT,2018,484630.0,1254.0,1254.0,46.0,41.0,5.0,0.032695375,0.036682617,0.0039872406,2010s,0.0355,2.588,Brain Gain
MLT,2019,504062.0,1352.0,1352.0,49.0,36.0,13.0,0.026627218,0.036242604,0.009615385,2010s,0.0401,2.682,Brain Gain
MLT,2020,515332.0,1415.0,1415.0,54.0,29.0,25.0,0.0204947,0.038162544,0.017667845,2020s,0.0224,2.746,Brain Gain
MLT,2021,518536.0,1400.0,1400.0,50.0,42.0,8.0,0.03,0.035714287,0.0057142857,2020s,0.0062,2.7,Brain Gain
MLT,2022,531113.0,0.0,0.0,37.0,29.0,8.0,,,,2020s,0.0243,0.0,Brain Gain
MLT,2023,531113.0,,,,,,,,,2020s,0.0,,Unknown
MMR,1996,43423369.0,39.0,39.0,0.0,0.0,0.0,0.0,0.0,0.0,1990s,,0.001,Balanced
MMR,1997,43972046.0,55.0,55.0,0.0,0.0,0.0,0.0,0.0,0.0,1990s,0.0126,0.001,Balanced
MMR,1998,44516185.0,75.0,75.0,2.0,0.0,2.0,0.0,0.026666667,0.026666667,1990s,0.0124,0.002,Brain Gain
MMR,1999,45041636.0,91.0,91.0,8.0,1.0,7.0,0.010989011,0.08791209,0.07692308,1990s,0.0118,0.002,Brain Gain
MMR,2000,45538332.0,94.0,94.0,2.0,7.0,-5.0,0.07446808,0.021276595,-0.05319149,2000s,0.011,0.002,Brain Drain
MMR,2001,46014826.0,100.0,100.0,5.0,4.0,1.0,0.04,0.05,0.01,2000s,0.0105,0.002,Brain Gain
MMR,2002,46480230.0,114.0,114.0,2.0,3.0,-1.0,0.02631579,0.01754386,-0.00877193,2000s,0.0101,0.002,Brain Drain
MMR,2003,46924293.0,131.0,131.0,13.0,1.0,12.0,0.007633588,0.099236645,0.091603056,2000s,0.0096,0.003,Brain Gain
MMR,2004,47338446.0,138.0,138.0,6.0,4.0,2.0,0.028985508,0.04347826,0.014492754,2000s,0.0088,0.003,Brain Gain
MMR,2005,47724471.0,143.0,143.0,4.0,0.0,4.0,0.0,0.027972028,0.027972028,2000s,0.0082,0.003,Brain Gain
MMR,2006,48088274.0,153.0,153.0,4.0,6.0,-2.0,0.039215688,0.026143791,-0.013071896,2000s,0.0076,0.003,Brain Drain
MMR,2007,48445647.0,165.0,165.0,3.0,6.0,-3.0,0.036363635,0.018181818,-0.018181818,2000s,0.0074,0.003,Brain Drain
MMR,2008,48729486.0,184.0,184.0,3.0,3.0,0.0,0.016304348,0.016304348,0.0,2000s,0.0059,0.004,Balanced
MMR,2009,49015836.0,201.0,201.0,7.0,2.0,5.0,0.0099502485,0.03482587,0.024875622,2000s,0.0059,0.004,Brain Gain
MMR,2010,49390988.0,229.0,229.0,8.0,4.0,4.0,0.01746725,0.0349345,0.01746725,2010s,0.0077,0.005,Brain Gain
MMR,2011,49794522.0,254.0,254.0,11.0,8.0,3.0,0.031496063,0.04330709,0.011811024,2010s,0.0082,0.005,Brain Gain
MMR,2012,50218185.0,279.0,279.0,9.0,7.0,2.0,0.025089607,0.032258064,0.007168459,2010s,0.0085,0.006,Brain Gain
MMR,2013,50648334.0,368.0,368.0,24.0,7.0,17.0,0.019021738,0.06521739,0.046195652,2010s,0.0086,0.007,Brain Gain
MMR,2014,51072436.0,437.0,437.0,20.0,6.0,14.0,0.013729977,0.045766592,0.032036614,2010s,0.0084,0.009,Brain Gain
MMR,2015,51483949.0,554.0,554.0,28.0,13.0,15.0,0.023465704,0.050541516,0.027075812,2010s,0.0081,0.011,Brain Gain
MMR,2016,51892349.0,699.0,699.0,36.0,23.0,13.0,0.032904148,0.051502146,0.018597998,2010s,0.0079,0.013,Brain Gain
MMR,2017,52288341.0,825.0,825.0,46.0,26.0,20.0,0.03151515,0.055757575,0.024242423,2010s,0.0076,0.016,Brain Gain
MMR,2018,52666014.0,970.0,970.0,51.0,29.0,22.0,0.029896908,0.05257732,0.022680413,2010s,0.0072,0.018,Brain Gain
MMR,2019,53040212.0,1029.0,1029.0,64.0,60.0,4.0,0.058309037,0.062196307,0.0038872692,2010s,0.0071,0.019,Brain Gain
MMR,2020,53423198.0,1037.0,1037.0,55.0,36.0,19.0,0.034715526,0.05303761,0.018322082,2020s,0.0072,0.019,Brain Gain
MMR,2021,53798084.0,1012.0,1012.0,76.0,54.0,22.0,0.053359684,0.07509881,0.02173913,2020s,0.007,0.019,Brain Gain
MMR,2022,54179306.0,0.0,0.0,47.0,46.0,1.0,,,,2020s,0.0071,0.0,Brain Gain
MMR,2023,54179306.0,0.0,0.0,30.0,22.0,8.0,,,,2020s,0.0,0.0,Brain Gain
MNE,1996,611003.0,10.0,10.0,0.0,0.0,0.0,0.0,0.0,0.0,1990s,,0.016,Balanced
MNE,1997,609520.0,24.0,24.0,0.0,0.0,0.0,0.0,0.0,0.0,1990s,-0.0024,0.039,Balanced
MNE,1998,607662.0,27.0,27.0,3.0,3.0,0.0,0.11111111,0.11111111,0.0,1990s,-0.003,0.044,Balanced
MNE,1999,606001.0,30.0,30.0,3.0,2.0,1.0,0.06666667,0.1,0.033333335,1990s,-0.0027,0.05,Brain Gain
MNE,2000,604950.0,33.0,33.0,1.0,2.0,-1.0,0.060606062,0.030303031,-0.030303031,2000s,-0.0017,0.055,Brain Drain
MNE,2001,607389.0,46.0,46.0,6.0,2.0,4.0,0.04347826,0.13043478,0.08695652,2000s,0.004,0.076,Brain Gain
MNE,2002,609828.0,41.0,41.0,3.0,9.0,-6.0,0.2195122,0.07317073,-0.14634146,2000s,0.004,0.067,Brain Drain
MNE,2003,612267.0,62.0,62.0,2.0,1.0,1.0,0.016129032,0.032258064,0.016129032,2000s,0.004,0.101,Brain Gain
MNE,2004,613353.0,71.0,71.0,9.0,7.0,2.0,0.09859155,0.12676056,0.028169014,2000s,0.0018,0.116,Brain Gain
MNE,2005,614261.0,97.0,97.0,13.0,3.0,10.0,0.030927835,0.13402061,0.10309278,2000s,0.0015,0.158,Brain Gain
MNE,2006,615025.0,132.0,132.0,15.0,13.0,2.0,0.09848485,0.11363637,0.015151516,2000s,0.0012,0.215,Brain Gain
MNE,2007,615875.0,169.0,169.0,14.0,6.0,8.0,0.03550296,0.082840234,0.04733728,2000s,0.0014,0.274,Brain Gain
MNE,2008,616969.0,231.0,231.0,24.0,7.0,17.0,0.030303031,0.103896104,0.07359307,2000s,0.0018,0.374,Brain Gain
MNE,2009,618294.0,283.0,283.0,13.0,3.0,10.0,0.010600707,0.045936394,0.03533569,2000s,0.0021,0.458,Brain Gain
MNE,2010,619428.0,343.0,343.0,19.0,5.0,14.0,0.014577259,0.055393588,0.040816326,2010s,0.0018,0.554,Brain Gain
MNE,2011,620079.0,406.0,406.0,12.0,4.0,8.0,0.009852217,0.02955665,0.019704433,2010s,0.0011,0.655,Brain Gain
MNE,2012,620601.0,490.0,490.0,10.0,4.0,6.0,0.008163265,0.020408163,0.012244898,2010s,0.0008,0.79,Brain Gain
MNE,2013,621207.0,548.0,548.0,10.0,10.0,0.0,0.018248174,0.018248174,0.0,2010s,0.001,0.882,Balanced
MNE,2014,621810.0,627.0,627.0,27.0,8.0,19.0,0.0127591705,0.043062203,0.030303031,2010s,0.001,1.008,Brain Gain
MNE,2015,622159.0,701.0,701.0,19.0,10.0,9.0,0.014265335,0.027104137,0.012838801,2010s,0.0006,1.127,Brain Gain
MNE,2016,622303.0,755.0,755.0,29.0,13.0,16.0,0.017218543,0.038410597,0.021192053,2010s,0.0002,1.213,Brain Gain
MNE,2017,622373.0,792.0,792.0,23.0,27.0,-4.0,0.03409091,0.029040404,-0.005050505,2010s,0.0001,1.273,Brain Drain
MNE,2018,622227.0,832.0,832.0,23.0,25.0,-2.0,0.030048076,0.02764423,-0.0024038462,2010s,-0.0002,1.337,Brain Drain
MNE,2019,622028.0,831.0,831.0,12.0,41.0,-29.0,0.049338147,0.014440433,-0.034897715,2010s,-0.0003,1.336,Brain Drain
MNE,2020,621306.0,795.0,795.0,21.0,54.0,-33.0,0.06792453,0.026415095,-0.041509435,2020s,-0.0012,1.28,Brain Drain
MNE,2021,619211.0,702.0,702.0,29.0,94.0,-65.0,0.13390313,0.04131054,-0.09259259,2020s,-0.0034,1.134,Brain Drain
MNE,2022,617213.0,0.0,0.0,56.0,62.0,-6.0,,,,2020s,-0.0032,0.0,Brain Drain
MNE,2023,617213.0,,,,,,,,,2020s,0.0,,Unknown
MNG,1996,2357033.0,77.0,77.0,0.0,0.0,0.0,0.0,0.0,0.0,1990s,,0.033,Balanced
MNG,1997,2381771.0,80.0,80.0,1.0,8.0,-7.0,0.1,0.0125,-0.0875,1990s,0.0105,0.034,Brain Drain
MNG,1998,2405148.0,108.0,108.0,3.0,4.0,-1.0,0.037037037,0.027777778,-0.009259259,1990s,0.0098,0.045,Brain Drain
MNG,1999,2428488.0,114.0,114.0,2.0,3.0,-1.0,0.02631579,0.01754386,-0.00877193,1990s,0.0097,0.047,Brain Drain
MNG,2000,2450979.0,129.0,129.0,5.0,3.0,2.0,0.023255814,0.03875969,0.015503876,2000s,0.0093,0.053,Brain Gain
MNG,2001,2472601.0,141.0,141.0,8.0,14.0,-6.0,0.09929078,0.056737587,-0.04255319,2000s,0.0088,0.057,Brain Drain
MNG,2002,2494617.0,160.0,160.0,14.0,6.0,8.0,0.0375,0.0875,0.05,2000s,0.0089,0.064,Brain Gain
MNG,2003,2516454.0,182.0,182.0,11.0,4.0,7.0,0.021978023,0.06043956,0.03846154,2000s,0.0088,0.072,Brain Gain
MNG,2004,2537949.0,211.0,211.0,13.0,8.0,5.0,0.037914693,0.061611373,0.023696683,2000s,0.0085,0.083,Brain Gain
MNG,2005,2559255.0,246.0,246.0,6.0,7.0,-1.0,0.028455285,0.024390243,-0.0040650405,2000s,0.0084,0.096,Brain Drain
MNG,2006,2581242.0,292.0,292.0,7.0,8.0,-1.0,0.02739726,0.023972603,-0.0034246575,2000s,0.0086,0.113,Brain Drain
MNG,2007,2605643.0,339.0,339.0,14.0,10.0,4.0,0.029498525,0.041297935,0.01179941,2000s,0.0095,0.13,Brain Gain
MNG,2008,2633887.0,408.0,408.0,20.0,9.0,11.0,0.022058824,0.04901961,0.026960785,2000s,0.0108,0.155,Brain Gain
MNG,2009,2666713.0,425.0,425.0,14.0,7.0,7.0,0.016470589,0.032941177,0.016470589,2000s,0.0125,0.159,Brain Gain
MNG,2010,2702520.0,476.0,476.0,20.0,20.0,0.0,0.042016808,0.042016808,0.0,2010s,0.0134,0.176,Balanced
MNG,2011,2743938.0,508.0,508.0,22.0,14.0,8.0,0.027559055,0.04330709,0.015748031,2010s,0.0153,0.185,Brain Gain
MNG,2012,2792349.0,603.0,603.0,30.0,7.0,23.0,0.011608624,0.049751244,0.03814262,2010s,0.0176,0.216,Brain Gain
MNG,2013,2845153.0,657.0,657.0,24.0,19.0,5.0,0.02891933,0.03652968,0.00761035,2010s,0.0189,0.231,Brain Gain
MNG,2014,2902823.0,747.0,747.0,41.0,17.0,24.0,0.022757698,0.05488621,0.032128513,2010s,0.0203,0.257,Brain Gain
MNG,2015,2964749.0,816.0,816.0,41.0,40.0,1.0,0.04901961,0.0502451,0.0012254902,2010s,0.0213,0.275,Brain Gain
MNG,2016,3029555.0,910.0,910.0,46.0,25.0,21.0,0.027472528,0.05054945,0.023076924,2010s,0.0219,0.3,Brain Gain
MNG,2017,3096030.0,1001.0,1001.0,42.0,17.0,25.0,0.016983017,0.04195804,0.024975024,2010s,0.0219,0.323,Brain Gain
MNG,2018,3163991.0,1122.0,1122.0,53.0,39.0,14.0,0.034759358,0.047237076,0.012477718,2010s,0.022,0.355,Brain Gain
MNG,2019,3232430.0,1260.0,1260.0,84.0,38.0,46.0,0.03015873,0.06666667,0.036507938,2010s,0.0216,0.39,Brain Gain
MNG,2020,3294335.0,1300.0,1300.0,62.0,41.0,21.0,0.03153846,0.047692306,0.016153846,2020s,0.0192,0.395,Brain Gain
MNG,2021,3347782.0,1306.0,1306.0,72.0,40.0,32.0,0.030627871,0.05513017,0.024502298,2020s,0.0162,0.39,Brain Gain
MNG,2022,3398366.0,0.0,0.0,37.0,36.0,1.0,,,,2020s,0.0151,0.0,Brain Gain
MNG,2023,3398366.0,,,,,,,,,2020s,0.0,,Unknown
MNP,1996,53367.0,,,,,,,,,1990s,,,Unknown
MNP,1997,60817.0,2.0,2.0,0.0,0.0,0.0,0.0,0.0,0.0,1990s,0.1396,0.033,Balanced
MNP,1998,68501.0,3.0,3.0,0.0,0.0,0.0,0.0,0.0,0.0,1990s,0.1263,0.044,Balanced
MNP,1999,76237.0,,,,,,,,,1990s,0.1129,,Unknown
MNP,2000,80338.0,2.0,2.0,0.0,1.0,-1.0,0.5,0.0,-0.5,2000s,0.0538,0.025,Brain Drain
MNP,2001,79479.0,2.0,2.0,0.0,1.0,-1.0,0.5,0.0,-0.5,2000s,-0.0107,0.025,Brain Drain
MNP,2002,77162.0,,,,,,,,,2000s,-0.0292,,Unknown
MNP,2003,74623.0,8.0,8.0,0.0,0.0,0.0,0.0,0.0,0.0,2000s,-0.0329,0.107,Balanced
MNP,2004,71898.0,,,,,,,,,2000s,-0.0365,,Unknown
MNP,2005,69025.0,8.0,8.0,0.0,0.0,0.0,0.0,0.0,0.0,2000s,-0.04,0.116,Balanced
MNP,2006,66060.0,,,,,,,,,2000s,-0.043,,Unknown
MNP,2007,63050.0,8.0,8.0,0.0,0.0,0.0,0.0,0.0,0.0,2000s,-0.0456,0.127,Balanced
MNP,2008,60032.0,7.0,7.0,2.0,1.0,1.0,0.14285715,0.2857143,0.14285715,2000s,-0.0479,0.117,Brain Gain
MNP,2009,57056.0,,,,,,,,,2000s,-0.0496,,Unknown
MNP,2010,54087.0,,,,,,,,,2010s,-0.052,,Unknown
MNP,2011,52520.0,,,,,,,,,2010s,-0.029,,Unknown
MNP,2012,52359.0,8.0,8.0,2.0,3.0,-1.0,0.375,0.25,-0.125,2010s,-0.0031,0.153,Brain Drain
MNP,2013,52141.0,,,,,,,,,2010s,-0.0042,,Unknown
MNP,2014,51856.0,10.0,10.0,1.0,0.0,1.0,0.0,0.1,0.1,2010s,-0.0055,0.193,Brain Gain
MNP,2015,51514.0,13.0,13.0,3.0,0.0,3.0,0.0,0.23076923,0.23076923,2010s,-0.0066,0.252,Brain Gain
MNP,2016,51133.0,,,,,,,,,2010s,-0.0074,,Unknown
MNP,2017,50729.0,10.0,10.0,4.0,1.0,3.0,0.1,0.4,0.3,2010s,-0.0079,0.197,Brain Gain
MNP,2018,50304.0,,,,,,,,,2010s,-0.0084,,Unknown
MNP,2019,49858.0,15.0,15.0,3.0,1.0,2.0,0.06666667,0.2,0.13333334,2010s,-0.0089,0.301,Brain Gain
MNP,2020,49587.0,,,,,,,,,2020s,-0.0054,,Unknown
MNP,2021,49481.0,13.0,13.0,1.0,0.0,1.0,0.0,0.07692308,0.07692308,2020s,-0.0021,0.263,Brain Gain
MNP,2022,49551.0,0.0,0.0,1.0,6.0,-5.0,,,,2020s,0.0014,0.0,Brain Drain
MNP,2023,49551.0,,,,,,,,,2020s,0.0,,Unknown
MOZ,1996,16079553.0,59.0,59.0,0.0,0.0,0.0,0.0,0.0,0.0,1990s,,0.004,Balanced
MOZ,1997,16521724.0,75.0,75.0,6.0,3.0,3.0,0.04,0.08,0.04,1990s,0.0275,0.005,Brain Gain
MOZ,1998,16923195.0,101.0,101.0,7.0,4.0,3.0,0.03960396,0.06930693,0.02970297,1990s,0.0243,0.006,Brain Gain
MOZ,1999,17337893.0,120.0,120.0,3.0,7.0,-4.0,0.058333334,0.025,-0.033333335,1990s,0.0245,0.007,Brain Drain
MOZ,2000,17768505.0,127.0,127.0,5.0,9.0,-4.0,0.070866145,0.03937008,-0.031496063,2000s,0.0248,0.007,Brain Drain
MOZ,2001,18220716.0,130.0,130.0,3.0,6.0,-3.0,0.046153847,0.023076924,-0.023076924,2000s,0.0255,0.007,Brain Drain
MOZ,2002,18694946.0,143.0,143.0,6.0,8.0,-2.0,0.055944055,0.04195804,-0.013986014,2000s,0.026,0.008,Brain Drain
MOZ,2003,19186754.0,152.0,152.0,5.0,7.0,-2.0,0.04605263,0.032894738,-0.013157895,2000s,0.0263,0.008,Brain Drain
MOZ,2004,19694411.0,193.0,193.0,10.0,4.0,6.0,0.020725388,0.051813472,0.031088082,2000s,0.0265,0.01,Brain Gain
MOZ,2005,20211114.0,217.0,217.0,10.0,5.0,5.0,0.023041476,0.04608295,0.023041476,2000s,0.0262,0.011,Brain Gain
MOZ,2006,20735982.0,235.0,235.0,8.0,13.0,-5.0,0.05531915,0.034042552,-0.021276595,2000s,0.026,0.011,Brain Drain
MOZ,2007,21280513.0,271.0,271.0,14.0,3.0,11.0,0.011070111,0.051660515,0.040590405,2000s,0.0263,0.013,Brain Gain
MOZ,2008,21845571.0,287.0,287.0,14.0,16.0,-2.0,0.05574913,0.048780486,-0.006968641,2000s,0.0266,0.013,Brain Drain
MOZ,2009,22436660.0,331.0,331.0,17.0,18.0,-1.0,0.054380666,0.051359516,-0.003021148,2000s,0.0271,0.015,Brain Drain
MOZ,2010,23073723.0,349.0,349.0,23.0,15.0,8.0,0.042979944,0.065902576,0.022922637,2010s,0.0284,0.015,Brain Gain
MOZ,2011,23760421.0,375.0,375.0,29.0,20.0,9.0,0.053333335,0.07733333,0.024,2010s,0.0298,0.016,Brain Gain
MOZ,2012,24487611.0,463.0,463.0,23.0,14.0,9.0,0.030237582,0.049676027,0.019438446,2010s,0.0306,0.019,Brain Gain
MOZ,2013,25251731.0,574.0,574.0,28.0,17.0,11.0,0.029616725,0.048780486,0.019163763,2010s,0.0312,0.023,Brain Gain
MOZ,2014,26038704.0,637.0,637.0,34.0,25.0,9.0,0.039246466,0.053375196,0.014128729,2010s,0.0312,0.024,Brain Gain
MOZ,2015,26843246.0,747.0,747.0,46.0,32.0,14.0,0.04283802,0.061579652,0.018741634,2010s,0.0309,0.028,Brain Gain
MOZ,2016,27696493.0,846.0,846.0,47.0,33.0,14.0,0.039007094,0.055555556,0.016548464,2010s,0.0318,0.031,Brain Gain
MOZ,2017,28569441.0,934.0,934.0,46.0,40.0,6.0,0.042826552,0.049250536,0.006423983,2010s,0.0315,0.033,Brain Gain
MOZ,2018,29423878.0,1003.0,1003.0,47.0,39.0,8.0,0.03888335,0.04685942,0.007976072,2010s,0.0299,0.034,Brain Gain
MOZ,2019,30285595.0,1122.0,1122.0,59.0,40.0,19.0,0.035650622,0.05258467,0.016934047,2010s,0.0293,0.037,Brain Gain
MOZ,2020,31178239.0,1178.0,1178.0,68.0,37.0,31.0,0.031409167,0.057724956,0.02631579,2020s,0.0295,0.038,Brain Gain
MOZ,2021,32077072.0,1152.0,1152.0,53.0,34.0,19.0,0.029513888,0.046006944,0.016493056,2020s,0.0288,0.036,Brain Gain
MOZ,2022,32969518.0,0.0,0.0,44.0,51.0,-7.0,,,,2020s,0.0278,0.0,Brain Drain
MOZ,2023,32969518.0,,,,,,,,,2020s,0.0,,Unknown
MRT,1996,2428816.0,13.0,13.0,0.0,0.0,0.0,0.0,0.0,0.0,1990s,,0.005,Balanced
MRT,1997,2484278.0,15.0,15.0,0.0,2.0,-2.0,0.13333334,0.0,-0.13333334,1990s,0.0228,0.006,Brain Drain
MRT,1998,2550501.0,19.0,19.0,2.0,1.0,1.0,0.05263158,0.10526316,0.05263158,1990s,0.0267,0.007,Brain Gain
MRT,1999,2620611.0,32.0,32.0,3.0,0.0,3.0,0.0,0.09375,0.09375,1990s,0.0275,0.012,Brain Gain
MRT,2000,2695003.0,37.0,37.0,2.0,0.0,2.0,0.0,0.054054055,0.054054055,2000s,0.0284,0.014,Brain Gain
MRT,2001,2761823.0,34.0,34.0,1.0,4.0,-3.0,0.11764706,0.029411765,-0.0882353,2000s,0.0248,0.012,Brain Drain
MRT,2002,2821703.0,32.0,32.0,2.0,6.0,-4.0,0.1875,0.0625,-0.125,2000s,0.0217,0.011,Brain Drain
MRT,2003,2883326.0,30.0,30.0,1.0,3.0,-2.0,0.1,0.033333335,-0.06666667,2000s,0.0218,0.01,Brain Drain
MRT,2004,2946575.0,32.0,32.0,4.0,3.0,1.0,0.09375,0.125,0.03125,2000s,0.0219,0.011,Brain Gain
MRT,2005,3012360.0,35.0,35.0,4.0,3.0,1.0,0.08571429,0.114285715,0.028571429,2000s,0.0223,0.012,Brain Gain
MRT,2006,3081229.0,40.0,40.0,6.0,1.0,5.0,0.025,0.15,0.125,2000s,0.0229,0.013,Brain Gain
MRT,2007,3153508.0,41.0,41.0,3.0,4.0,-1.0,0.09756097,0.07317073,-0.024390243,2000s,0.0235,0.013,Brain Drain
MRT,2008,3233336.0,47.0,47.0,2.0,2.0,0.0,0.04255319,0.04255319,0.0,2000s,0.0253,0.015,Balanced
MRT,2009,3322616.0,76.0,76.0,6.0,1.0,5.0,0.013157895,0.078947365,0.065789476,2000s,0.0276,0.023,Brain Gain
MRT,2010,3419461.0,87.0,87.0,4.0,1.0,3.0,0.011494253,0.04597701,0.03448276,2010s,0.0291,0.025,Brain Gain
MRT,2011,3524249.0,95.0,95.0,2.0,5.0,-3.0,0.05263158,0.021052632,-0.031578947,2010s,0.0306,0.027,Brain Drain
MRT,2012,3636113.0,111.0,111.0,7.0,3.0,4.0,0.027027028,0.06306306,0.036036037,2010s,0.0317,0.031,Brain Gain
MRT,2013,3742959.0,118.0,118.0,2.0,2.0,0.0,0.016949153,0.016949153,0.0,2010s,0.0294,0.032,Balanced
MRT,2014,3843174.0,129.0,129.0,4.0,3.0,1.0,0.023255814,0.031007752,0.007751938,2010s,0.0268,0.034,Brain Gain
MRT,2015,3946220.0,132.0,132.0,6.0,4.0,2.0,0.030303031,0.045454547,0.015151516,2010s,0.0268,0.033,Brain Gain
MRT,2016,4051890.0,154.0,154.0,8.0,4.0,4.0,0.025974026,0.051948052,0.025974026,2010s,0.0268,0.038,Brain Gain
MRT,2017,4160015.0,177.0,177.0,13.0,6.0,7.0,0.033898305,0.073446326,0.03954802,2010s,0.0267,0.043,Brain Gain
MRT,2018,4270712.0,184.0,184.0,8.0,6.0,2.0,0.032608695,0.04347826,0.010869565,2010s,0.0266,0.043,Brain Gain
MRT,2019,4383849.0,208.0,208.0,20.0,8.0,12.0,0.03846154,0.09615385,0.057692308,2010s,0.0265,0.047,Brain Gain
MRT,2020,4498604.0,215.0,215.0,10.0,1.0,9.0,0.004651163,0.046511628,0.041860465,2020s,0.0262,0.048,Brain Gain
MRT,2021,4614974.0,216.0,216.0,12.0,10.0,2.0,0.046296295,0.055555556,0.009259259,2020s,0.0259,0.047,Brain Gain
MRT,2022,4736139.0,0.0,0.0,11.0,0.0,11.0,,,,2020s,0.0263,0.0,Brain Gain
MRT,2023,4736139.0,,,,,,,,,2020s,0.0,,Unknown
MSR,1997,,11.0,11.0,4.0,0.0,4.0,0.0,0.36363637,0.36363637,1990s,,,Brain Gain
MSR,2001,,7.0,7.0,2.0,0.0,2.0,0.0,0.2857143,0.2857143,2000s,,,Brain Gain
MSR,2005,,12.0,12.0,0.0,1.0,-1.0,0.083333336,0.0,-0.083333336,2000s,,,Brain Drain
MSR,2006,,13.0,13.0,2.0,1.0,1.0,0.07692308,0.15384616,0.07692308,2000s,,,Brain Gain
MSR,2007,,15.0,15.0,3.0,1.0,2.0,0.06666667,0.2,0.13333334,2000s,,,Brain Gain
MSR,2009,,9.0,9.0,0.0,1.0,-1.0,0.11111111,0.0,-0.11111111,2000s,,,Brain Drain
MSR,2014,,9.0,9.0,1.0,1.0,0.0,0.11111111,0.11111111,0.0,2010s,,,Balanced
MSR,2016,,11.0,11.0,1.0,1.0,0.0,0.09090909,0.09090909,0.0,2010s,,,Balanced
MSR,2017,,12.0,12.0,2.0,1.0,1.0,0.083333336,0.16666667,0.083333336,2010s,,,Brain Gain
MSR,2020,,5.0,5.0,0.0,3.0,-3.0,0.6,0.0,-0.6,2020s,,,Brain Drain
MTQ,1996,,79.0,79.0,0.0,0.0,0.0,0.0,0.0,0.0,1990s,,,Balanced
MTQ,1997,,86.0,86.0,7.0,7.0,0.0,0.08139535,0.08139535,0.0,1990s,,,Balanced
MTQ,1998,,87.0,87.0,8.0,13.0,-5.0,0.14942528,0.09195402,-0.057471264,1990s,,,Brain Drain
MTQ,1999,,76.0,76.0,9.0,17.0,-8.0,0.2236842,0.118421055,-0.10526316,1990s,,,Brain Drain
MTQ,2000,,62.0,62.0,11.0,24.0,-13.0,0.38709676,0.17741935,-0.20967741,2000s,,,Brain Drain
MTQ,2001,,44.0,44.0,7.0,15.0,-8.0,0.3409091,0.1590909,-0.18181819,2000s,,,Brain Drain
MTQ,2002,,51.0,51.0,14.0,8.0,6.0,0.15686275,0.27450982,0.11764706,2000s,,,Brain Gain
MTQ,2003,,66.0,66.0,13.0,9.0,4.0,0.13636364,0.1969697,0.060606062,2000s,,,Brain Gain
MTQ,2004,,99.0,99.0,24.0,5.0,19.0,0.05050505,0.24242425,0.1919192,2000s,,,Brain Gain
MTQ,2005,,100.0,100.0,15.0,16.0,-1.0,0.16,0.15,-0.01,2000s,,,Brain Drain
MTQ,2006,,103.0,103.0,13.0,18.0,-5.0,0.17475729,0.1262136,-0.048543688,2000s,,,Brain Drain
MTQ,2007,,108.0,108.0,23.0,17.0,6.0,0.1574074,0.21296297,0.055555556,2000s,,,Brain Gain
MTQ,2008,,109.0,109.0,15.0,14.0,1.0,0.12844037,0.13761468,0.0091743115,2000s,,,Brain Gain
MTQ,2009,,95.0,95.0,13.0,24.0,-11.0,0.25263157,0.1368421,-0.11578947,2000s,,,Brain Drain
MTQ,2010,,91.0,91.0,22.0,20.0,2.0,0.21978022,0.24175824,0.021978023,2010s,,,Brain Gain
MTQ,2011,,101.0,101.0,29.0,12.0,17.0,0.11881188,0.28712872,0.16831683,2010s,,,Brain Gain
MTQ,2012,,141.0,141.0,41.0,15.0,26.0,0.10638298,0.29078013,0.18439716,2010s,,,Brain Gain
MTQ,2013,,135.0,135.0,20.0,37.0,-17.0,0.27407408,0.14814815,-0.12592593,2010s,,,Brain Drain
MTQ,2014,,140.0,140.0,22.0,27.0,-5.0,0.19285715,0.15714286,-0.035714287,2010s,,,Brain Drain
MTQ,2015,,157.0,157.0,32.0,31.0,1.0,0.19745223,0.20382166,0.006369427,2010s,,,Brain Gain
MTQ,2016,,139.0,139.0,20.0,35.0,-15.0,0.25179857,0.1438849,-0.107913665,2010s,,,Brain Drain
MTQ,2017,,123.0,123.0,19.0,26.0,-7.0,0.21138212,0.15447155,-0.05691057,2010s,,,Brain Drain
MTQ,2018,,112.0,112.0,28.0,41.0,-13.0,0.36607143,0.25,-0.116071425,2010s,,,Brain Drain
MTQ,2019,,108.0,108.0,31.0,28.0,3.0,0.25925925,0.28703704,0.027777778,2010s,,,Brain Gain
MTQ,2020,,107.0,107.0,22.0,28.0,-6.0,0.26168224,0.20560747,-0.056074765,2020s,,,Brain Drain
MTQ,2022,,0.0,0.0,14.0,12.0,2.0,,,,2020s,,,Brain Gain
MUS,1996,1133996.0,51.0,51.0,0.0,0.0,0.0,0.0,0.0,0.0,1990s,,0.045,Balanced
MUS,1997,1148284.0,72.0,72.0,1.0,4.0,-3.0,0.055555556,0.013888889,-0.041666668,1990s,0.0126,0.063,Brain Drain
MUS,1998,1160421.0,104.0,104.0,7.0,0.0,7.0,0.0,0.067307696,0.067307696,1990s,0.0106,0.09,Brain Gain
MUS,1999,1175267.0,112.0,112.0,0.0,4.0,-4.0,0.035714287,0.0,-0.035714287,1990s,0.0128,0.095,Brain Drain
MUS,2000,1186873.0,123.0,123.0,7.0,4.0,3.0,0.032520324,0.05691057,0.024390243,2000s,0.0099,0.104,Brain Gain
MUS,2001,1196287.0,127.0,127.0,2.0,4.0,-2.0,0.031496063,0.015748031,-0.015748031,2000s,0.0079,0.106,Brain Drain
MUS,2002,1204621.0,128.0,128.0,2.0,4.0,-2.0,0.03125,0.015625,-0.015625,2000s,0.007,0.106,Brain Drain
MUS,2003,1213370.0,139.0,139.0,5.0,3.0,2.0,0.021582734,0.035971224,0.01438849,2000s,0.0073,0.115,Brain Gain
MUS,2004,1221003.0,146.0,146.0,3.0,2.0,1.0,0.01369863,0.020547945,0.006849315,2000s,0.0063,0.12,Brain Gain
MUS,2005,1228254.0,150.0,150.0,5.0,6.0,-1.0,0.04,0.033333335,-0.006666667,2000s,0.0059,0.122,Brain Drain
MUS,2006,1233996.0,169.0,169.0,2.0,4.0,-2.0,0.02366864,0.01183432,-0.01183432,2000s,0.0047,0.137,Brain Drain
MUS,2007,1239630.0,201.0,201.0,9.0,4.0,5.0,0.019900497,0.04477612,0.024875622,2000s,0.0046,0.162,Brain Gain
MUS,2008,1244121.0,220.0,220.0,4.0,5.0,-1.0,0.022727273,0.018181818,-0.0045454544,2000s,0.0036,0.177,Brain Drain
MUS,2009,1247429.0,241.0,241.0,9.0,10.0,-1.0,0.041493777,0.0373444,-0.004149378,2000s,0.0027,0.193,Brain Drain
MUS,2010,1250400.0,282.0,282.0,10.0,11.0,-1.0,0.039007094,0.035460994,-0.0035460992,2010s,0.0024,0.226,Brain Drain
MUS,2011,1252404.0,300.0,300.0,11.0,14.0,-3.0,0.046666667,0.036666665,-0.01,2010s,0.0016,0.24,Brain Drain
MUS,2012,1255882.0,317.0,317.0,7.0,10.0,-3.0,0.03154574,0.02208202,-0.009463723,2010s,0.0028,0.252,Brain Drain
MUS,2013,1258927.0,337.0,337.0,5.0,4.0,1.0,0.011869436,0.014836796,0.002967359,2010s,0.0024,0.268,Brain Gain
MUS,2014,1261208.0,373.0,373.0,12.0,6.0,6.0,0.01608579,0.03217158,0.01608579,2010s,0.0018,0.296,Brain Gain
MUS,2015,1262879.0,411.0,411.0,11.0,3.0,8.0,0.00729927,0.02676399,0.01946472,2010s,0.0013,0.325,Brain Gain
MUS,2016,1263747.0,435.0,435.0,9.0,4.0,5.0,0.009195402,0.020689655,0.011494253,2010s,0.0007,0.344,Brain Gain
MUS,2017,1264887.0,458.0,458.0,15.0,17.0,-2.0,0.037117902,0.03275109,-0.0043668123,2010s,0.0009,0.362,Brain Drain
MUS,2018,1265577.0,508.0,508.0,23.0,11.0,12.0,0.021653544,0.04527559,0.023622047,2010s,0.0005,0.401,Brain Gain
MUS,2019,1265985.0,525.0,525.0,21.0,18.0,3.0,0.034285713,0.04,0.0057142857,2010s,0.0003,0.415,Brain Gain
MUS,2020,1266014.0,532.0,532.0,26.0,12.0,14.0,0.02255639,0.04887218,0.02631579,2020s,0.0,0.42,Brain Gain
MUS,2021,1266334.0,534.0,534.0,21.0,13.0,8.0,0.02434457,0.039325844,0.014981274,2020s,0.0003,0.422,Brain Gain
MUS,2022,1262523.0,0.0,0.0,10.0,7.0,3.0,,,,2020s,-0.003,0.0,Brain Gain
MUS,2023,1262523.0,,,,,,,,,2020s,0.0,,Unknown
MWI,1996,10310528.0,125.0,125.0,0.0,0.0,0.0,0.0,0.0,0.0,1990s,,0.012,Balanced
MWI,1997,10512678.0,155.0,155.0,4.0,7.0,-3.0,0.045161292,0.025806451,-0.019354839,1990s,0.0196,0.015,Brain Drain
MWI,1998,10732456.0,201.0,201.0,16.0,8.0,8.0,0.039800994,0.07960199,0.039800994,1990s,0.0209,0.019,Brain Gain
MWI,1999,10973956.0,221.0,221.0,12.0,13.0,-1.0,0.05882353,0.054298643,-0.004524887,1990s,0.0225,0.02,Brain Drain
MWI,2000,11229387.0,244.0,244.0,17.0,19.0,-2.0,0.07786885,0.06967213,-0.008196721,2000s,0.0233,0.022,Brain Drain
MWI,2001,11498818.0,262.0,262.0,18.0,29.0,-11.0,0.110687025,0.06870229,-0.041984733,2000s,0.024,0.023,Brain Drain
MWI,2002,11784498.0,301.0,301.0,28.0,21.0,7.0,0.069767445,0.093023255,0.023255814,2000s,0.0248,0.026,Brain Gain
MWI,2003,12087965.0,346.0,346.0,24.0,15.0,9.0,0.0433526,0.06936416,0.02601156,2000s,0.0258,0.029,Brain Gain
MWI,2004,12411342.0,410.0,410.0,34.0,17.0,17.0,0.041463416,0.08292683,0.041463416,2000s,0.0268,0.033,Brain Gain
MWI,2005,12755648.0,471.0,471.0,18.0,22.0,-4.0,0.046709128,0.03821656,-0.008492569,2000s,0.0277,0.037,Brain Drain
MWI,2006,13118307.0,535.0,535.0,32.0,23.0,9.0,0.042990655,0.059813086,0.01682243,2000s,0.0284,0.041,Brain Gain
MWI,2007,13495463.0,585.0,585.0,25.0,18.0,7.0,0.03076923,0.042735044,0.011965812,2000s,0.0288,0.043,Brain Gain
MWI,2008,13889423.0,656.0,656.0,35.0,38.0,-3.0,0.05792683,0.05335366,-0.0045731706,2000s,0.0292,0.047,Brain Drain
MWI,2009,14298932.0,769.0,769.0,51.0,45.0,6.0,0.058517557,0.0663199,0.0078023407,2000s,0.0295,0.054,Brain Gain
MWI,2010,14718422.0,855.0,855.0,42.0,38.0,4.0,0.044444446,0.049122807,0.0046783625,2010s,0.0293,0.058,Brain Gain
MWI,2011,15146094.0,950.0,950.0,61.0,52.0,9.0,0.05473684,0.06421053,0.009473684,2010s,0.0291,0.063,Brain Gain
MWI,2012,15581251.0,1061.0,1061.0,66.0,59.0,7.0,0.05560792,0.062205467,0.0065975497,2010s,0.0287,0.068,Brain Gain
MWI,2013,16024775.0,1117.0,1117.0,41.0,71.0,-30.0,0.063563116,0.03670546,-0.026857654,2010s,0.0285,0.07,Brain Drain
MWI,2014,16477966.0,1190.0,1190.0,43.0,72.0,-29.0,0.0605042,0.036134455,-0.024369748,2010s,0.0283,0.072,Brain Drain
MWI,2015,16938942.0,1335.0,1335.0,73.0,63.0,10.0,0.047191013,0.054681648,0.007490637,2010s,0.028,0.079,Brain Gain
MWI,2016,17405624.0,1484.0,1484.0,88.0,65.0,23.0,0.04380054,0.05929919,0.015498652,2010s,0.0276,0.085,Brain Gain
MWI,2017,17881167.0,1616.0,1616.0,91.0,67.0,24.0,0.041460395,0.056311883,0.014851485,2010s,0.0273,0.09,Brain Gain
MWI,2018,18367883.0,1761.0,1761.0,71.0,84.0,-13.0,0.04770017,0.040318,-0.0073821694,2010s,0.0272,0.096,Brain Drain
MWI,2019,18867337.0,1908.0,1908.0,100.0,86.0,14.0,0.045073375,0.0524109,0.0073375264,2010s,0.0272,0.101,Brain Gain
MWI,2020,19377061.0,1956.0,1956.0,103.0,87.0,16.0,0.04447853,0.052658487,0.008179959,2020s,0.027,0.101,Brain Gain
MWI,2021,19889742.0,1894.0,1894.0,95.0,84.0,11.0,0.04435058,0.050158396,0.005807814,2020s,0.0265,0.095,Brain Gain
MWI,2022,20405317.0,0.0,0.0,85.0,68.0,17.0,,,,2020s,0.0259,0.0,Brain Gain
MWI,2023,20405317.0,,,,,,,,,2020s,0.0,,Unknown
MYS,1996,20689051.0,1939.0,1939.0,0.0,0.0,0.0,0.0,0.0,0.0,1990s,,0.094,Balanced
MYS,1997,21249178.0,2397.0,2397.0,56.0,50.0,6.0,0.020859407,0.023362536,0.002503129,1990s,0.0271,0.113,Brain Gain
MYS,1998,21810542.0,2961.0,2961.0,82.0,49.0,33.0,0.016548464,0.027693346,0.011144884,1990s,0.0264,0.136,Brain Gain
MYS,1999,22368655.0,3296.0,3296.0,108.0,71.0,37.0,0.021541262,0.03276699,0.011225728,1990s,0.0256,0.147,Brain Gain
MYS,2000,22945150.0,3705.0,3705.0,129.0,75.0,54.0,0.020242915,0.034817815,0.014574898,2000s,0.0258,0.161,Brain Gain
MYS,2001,23542517.0,4175.0,4175.0,97.0,98.0,-1.0,0.023473054,0.023233533,-0.00023952096,2000s,0.026,0.177,Brain Drain
MYS,2002,24142445.0,4821.0,4821.0,164.0,116.0,48.0,0.024061399,0.03401784,0.009956441,2000s,0.0255,0.2,Brain Gain
MYS,2003,24739411.0,5584.0,5584.0,168.0,84.0,84.0,0.01504298,0.03008596,0.01504298,2000s,0.0247,0.226,Brain Gain
MYS,2004,25333247.0,6767.0,6767.0,151.0,111.0,40.0,0.016403133,0.022314172,0.0059110387,2000s,0.024,0.267,Brain Gain
MYS,2005,25923536.0,8062.0,8062.0,175.0,139.0,36.0,0.01724138,0.021706773,0.0044653933,2000s,0.0233,0.311,Brain Gain
MYS,2006,26509413.0,10165.0,10165.0,219.0,143.0,76.0,0.01406788,0.021544516,0.0074766357,2000s,0.0226,0.383,Brain Gain
MYS,2007,27092604.0,13299.0,13299.0,281.0,175.0,106.0,0.013158884,0.021129409,0.007970524,2000s,0.022,0.491,Brain Gain
MYS,2008,27664296.0,16840.0,16840.0,373.0,235.0,138.0,0.0139548695,0.022149643,0.008194774,2000s,0.0211,0.609,Brain Gain
MYS,2009,28217204.0,21381.0,21381.0,467.0,285.0,182.0,0.013329592,0.021841822,0.008512231,2000s,0.02,0.758,Brain Gain
MYS,2010,28717731.0,26085.0,26085.0,586.0,392.0,194.0,0.015027794,0.022465019,0.0074372245,2010s,0.0177,0.908,Brain Gain
MYS,2011,29184133.0,31263.0,31263.0,661.0,461.0,200.0,0.014745866,0.021143204,0.0063973386,2010s,0.0162,1.071,Brain Gain
MYS,2012,29660212.0,36046.0,36046.0,795.0,699.0,96.0,0.019391889,0.022055151,0.0026632636,2010s,0.0163,1.215,Brain Gain
MYS,2013,30134807.0,41397.0,41397.0,938.0,832.0,106.0,0.020098075,0.022658646,0.002560572,2010s,0.016,1.374,Brain Gain
MYS,2014,30606459.0,46458.0,46458.0,1051.0,935.0,116.0,0.020125706,0.022622583,0.0024968788,2010s,0.0157,1.518,Brain Gain
MYS,2015,31068833.0,50507.0,50507.0,942.0,1153.0,-211.0,0.02282852,0.01865088,-0.004177639,2010s,0.0151,1.626,Brain Drain
MYS,2016,31526418.0,54245.0,54245.0,909.0,1346.0,-437.0,0.024813347,0.016757306,-0.008056042,2010s,0.0147,1.721,Brain Drain
MYS,2017,31975806.0,57984.0,57984.0,846.0,1735.0,-889.0,0.029922048,0.014590232,-0.015331816,2010s,0.0143,1.813,Brain Drain
MYS,2018,32399271.0,60755.0,60755.0,924.0,1805.0,-881.0,0.029709488,0.015208625,-0.014500864,2010s,0.0132,1.875,Brain Drain
MYS,2019,32804020.0,62806.0,62806.0,903.0,1735.0,-832.0,0.027624749,0.014377607,-0.013247142,2010s,0.0125,1.915,Brain Drain
MYS,2020,33199993.0,63202.0,63202.0,961.0,1737.0,-776.0,0.027483307,0.015205215,-0.012278092,2020s,0.0121,1.904,Brain Drain
MYS,2021,33573874.0,60238.0,60238.0,934.0,1666.0,-732.0,0.027656961,0.015505163,-0.012151798,2020s,0.0113,1.794,Brain Drain
MYS,2022,33938221.0,0.0,0.0,784.0,1275.0,-491.0,,,,2020s,0.0109,0.0,Brain Drain
MYS,2023,33938221.0,0.0,0.0,528.0,845.0,-317.0,,,,2020s,0.0,0.0,Brain Drain
NAM,1996,1650066.0,88.0,88.0,0.0,0.0,0.0,0.0,0.0,0.0,1990s,,0.053,Balanced
NAM,1997,1693242.0,107.0,107.0,9.0,3.0,6.0,0.028037382,0.08411215,0.056074765,1990s,0.0262,0.063,Brain Gain
NAM,1998,1735953.0,118.0,118.0,4.0,2.0,2.0,0.016949153,0.033898305,0.016949153,1990s,0.0252,0.068,Brain Gain
NAM,1999,1778277.0,129.0,129.0,5.0,9.0,-4.0,0.069767445,0.03875969,-0.031007752,1990s,0.0244,0.073,Brain Drain
NAM,2000,1819141.0,128.0,128.0,4.0,9.0,-5.0,0.0703125,0.03125,-0.0390625,2000s,0.023,0.07,Brain Drain
NAM,2001,1856402.0,129.0,129.0,2.0,7.0,-5.0,0.054263566,0.015503876,-0.03875969,2000s,0.0205,0.069,Brain Drain
NAM,2002,1888525.0,130.0,130.0,12.0,8.0,4.0,0.06153846,0.092307694,0.03076923,2000s,0.0173,0.069,Brain Gain
NAM,2003,1915425.0,153.0,153.0,16.0,8.0,8.0,0.052287582,0.104575165,0.052287582,2000s,0.0142,0.08,Brain Gain
NAM,2004,1939406.0,155.0,155.0,9.0,14.0,-5.0,0.090322584,0.058064517,-0.032258064,2000s,0.0125,0.08,Brain Drain
NAM,2005,1962865.0,163.0,163.0,4.0,5.0,-1.0,0.030674847,0.024539877,-0.006134969,2000s,0.0121,0.083,Brain Drain
NAM,2006,1986558.0,161.0,161.0,4.0,12.0,-8.0,0.07453416,0.024844721,-0.049689442,2000s,0.0121,0.081,Brain Drain
NAM,2007,2011492.0,172.0,172.0,5.0,11.0,-6.0,0.06395349,0.029069768,-0.034883723,2000s,0.0126,0.086,Brain Drain
NAM,2008,2038552.0,177.0,177.0,14.0,5.0,9.0,0.028248588,0.07909604,0.050847456,2000s,0.0135,0.087,Brain Gain
NAM,2009,2067919.0,209.0,209.0,15.0,3.0,12.0,0.014354067,0.07177033,0.057416268,2000s,0.0144,0.101,Brain Gain
NAM,2010,2099271.0,240.0,240.0,11.0,5.0,6.0,0.020833334,0.045833334,0.025,2010s,0.0152,0.114,Brain Gain
NAM,2011,2132340.0,297.0,297.0,24.0,8.0,16.0,0.026936026,0.08080808,0.053872053,2010s,0.0158,0.139,Brain Gain
NAM,2012,2167470.0,353.0,353.0,33.0,9.0,24.0,0.02549575,0.09348442,0.06798867,2010s,0.0165,0.163,Brain Gain
NAM,2013,2204510.0,398.0,398.0,24.0,13.0,11.0,0.032663316,0.06030151,0.027638191,2010s,0.0171,0.181,Brain Gain
NAM,2014,2243001.0,438.0,438.0,24.0,18.0,6.0,0.04109589,0.05479452,0.01369863,2010s,0.0175,0.195,Brain Gain
NAM,2015,2282704.0,462.0,462.0,21.0,26.0,-5.0,0.056277055,0.045454547,-0.010822511,2010s,0.0177,0.202,Brain Drain
NAM,2016,2323352.0,503.0,503.0,27.0,24.0,3.0,0.04771372,0.05367793,0.005964215,2010s,0.0178,0.216,Brain Gain
NAM,2017,2364534.0,555.0,555.0,40.0,32.0,8.0,0.05765766,0.072072074,0.014414415,2010s,0.0177,0.235,Brain Gain
NAM,2018,2405680.0,634.0,634.0,36.0,24.0,12.0,0.03785489,0.056782335,0.018927446,2010s,0.0174,0.264,Brain Gain
NAM,2019,2446644.0,691.0,691.0,54.0,28.0,26.0,0.040520985,0.07814761,0.037626628,2010s,0.017,0.282,Brain Gain
NAM,2020,2489098.0,733.0,733.0,43.0,25.0,18.0,0.03410641,0.05866303,0.024556616,2020s,0.0174,0.294,Brain Gain
NAM,2021,2530151.0,734.0,734.0,48.0,33.0,15.0,0.044959128,0.065395094,0.020435967,2020s,0.0165,0.29,Brain Gain
NAM,2022,2567012.0,0.0,0.0,30.0,31.0,-1.0,,,,2020s,0.0146,0.0,Brain Drain
NAM,2023,2567012.0,0.0,0.0,25.0,18.0,7.0,,,,2020s,0.0,0.0,Brain Gain
NCL,1996,197564.0,65.0,65.0,0.0,0.0,0.0,0.0,0.0,0.0,1990s,,0.329,Balanced
NCL,1997,201418.0,73.0,73.0,6.0,5.0,1.0,0.06849315,0.08219178,0.01369863,1990s,0.0195,0.362,Brain Gain
NCL,1998,205279.0,83.0,83.0,9.0,10.0,-1.0,0.12048193,0.10843374,-0.012048192,1990s,0.0192,0.404,Brain Drain
NCL,1999,209214.0,93.0,93.0,16.0,11.0,5.0,0.11827957,0.17204301,0.05376344,1990s,0.0192,0.445,Brain Gain
NCL,2000,213230.0,100.0,100.0,12.0,6.0,6.0,0.06,0.12,0.06,2000s,0.0192,0.469,Brain Gain
NCL,2001,217324.0,110.0,110.0,13.0,7.0,6.0,0.06363636,0.11818182,0.054545455,2000s,0.0192,0.506,Brain Gain
NCL,2002,221490.0,108.0,108.0,14.0,14.0,0.0,0.12962963,0.12962963,0.0,2000s,0.0192,0.488,Balanced
NCL,2003,225296.0,134.0,134.0,18.0,12.0,6.0,0.08955224,0.13432837,0.04477612,2000s,0.0172,0.595,Brain Gain
NCL,2004,228750.0,159.0,159.0,26.0,15.0,11.0,0.094339624,0.16352202,0.06918239,2000s,0.0153,0.695,Brain Gain
NCL,2005,232250.0,194.0,194.0,32.0,17.0,15.0,0.087628864,0.16494845,0.077319585,2000s,0.0153,0.835,Brain Gain
NCL,2006,235750.0,217.0,217.0,32.0,26.0,6.0,0.11981567,0.14746544,0.02764977,2000s,0.0151,0.92,Brain Gain
NCL,2007,239250.0,247.0,247.0,29.0,13.0,16.0,0.05263158,0.11740891,0.06477733,2000s,0.0148,1.032,Brain Gain
NCL,2008,242750.0,267.0,267.0,28.0,18.0,10.0,0.06741573,0.10486891,0.037453182,2000s,0.0146,1.1,Brain Gain
NCL,2009,245950.0,250.0,250.0,17.0,29.0,-12.0,0.116,0.068,-0.048,2000s,0.0132,1.016,Brain Drain
NCL,2010,249750.0,245.0,245.0,18.0,34.0,-16.0,0.13877551,0.073469386,-0.06530612,2010s,0.0155,0.981,Brain Drain
NCL,2011,254350.0,227.0,227.0,22.0,46.0,-24.0,0.20264317,0.0969163,-0.105726875,2010s,0.0184,0.892,Brain Drain
NCL,2012,259000.0,266.0,266.0,40.0,25.0,15.0,0.09398496,0.15037593,0.05639098,2010s,0.0183,1.027,Brain Gain
NCL,2013,263650.0,297.0,297.0,45.0,29.0,16.0,0.0976431,0.15151516,0.053872053,2010s,0.018,1.126,Brain Gain
NCL,2014,268050.0,331.0,331.0,39.0,30.0,9.0,0.09063444,0.11782477,0.027190333,2010s,0.0167,1.235,Brain Gain
NCL,2015,269460.0,333.0,333.0,36.0,36.0,0.0,0.10810811,0.10810811,0.0,2010s,0.0053,1.236,Balanced
NCL,2016,270220.0,328.0,328.0,34.0,40.0,-6.0,0.12195122,0.103658535,-0.018292682,2010s,0.0028,1.214,Brain Drain
NCL,2017,270810.0,351.0,351.0,48.0,26.0,22.0,0.074074075,0.13675214,0.06267806,2010s,0.0022,1.296,Brain Gain
NCL,2018,271170.0,365.0,365.0,45.0,39.0,6.0,0.10684931,0.12328767,0.016438356,2010s,0.0013,1.346,Brain Gain
NCL,2019,271240.0,345.0,345.0,36.0,58.0,-22.0,0.16811594,0.104347825,-0.06376812,2010s,0.0003,1.272,Brain Drain
NCL,2020,271080.0,327.0,327.0,50.0,65.0,-15.0,0.19877675,0.1529052,-0.04587156,2020s,-0.0006,1.206,Brain Drain
NCL,2021,270390.0,323.0,323.0,41.0,34.0,7.0,0.10526316,0.12693499,0.021671826,2020s,-0.0025,1.195,Brain Gain
NCL,2022,269220.0,0.0,0.0,41.0,22.0,19.0,,,,2020s,-0.0043,0.0,Brain Gain
NCL,2023,269220.0,,,,,,,,,2020s,0.0,,Unknown
NER,1996,10149937.0,70.0,70.0,0.0,0.0,0.0,0.0,0.0,0.0,1990s,,0.007,Balanced
NER,1997,10494201.0,74.0,74.0,8.0,10.0,-2.0,0.13513513,0.10810811,-0.027027028,1990s,0.0339,0.007,Brain Drain
NER,1998,10854920.0,78.0,78.0,9.0,14.0,-5.0,0.17948718,0.115384616,-0.06410257,1990s,0.0344,0.007,Brain Drain
NER,1999,11231469.0,88.0,88.0,8.0,10.0,-2.0,0.11363637,0.09090909,-0.022727273,1990s,0.0347,0.008,Brain Drain
NER,2000,11622665.0,84.0,84.0,6.0,13.0,-7.0,0.15476191,0.071428575,-0.083333336,2000s,0.0348,0.007,Brain Drain
NER,2001,12031430.0,89.0,89.0,10.0,11.0,-1.0,0.123595506,0.11235955,-0.011235955,2000s,0.0352,0.007,Brain Drain
NER,2002,12456517.0,86.0,86.0,7.0,11.0,-4.0,0.12790698,0.08139535,-0.046511628,2000s,0.0353,0.007,Brain Drain
NER,2003,12900790.0,103.0,103.0,10.0,10.0,0.0,0.097087376,0.097087376,0.0,2000s,0.0357,0.008,Balanced
NER,2004,13366885.0,125.0,125.0,21.0,8.0,13.0,0.064,0.168,0.104,2000s,0.0361,0.009,Brain Gain
NER,2005,13855221.0,157.0,157.0,17.0,9.0,8.0,0.05732484,0.10828026,0.050955415,2000s,0.0365,0.011,Brain Gain
NER,2006,14365168.0,169.0,169.0,15.0,8.0,7.0,0.04733728,0.088757396,0.041420117,2000s,0.0368,0.012,Brain Gain
NER,2007,14897873.0,197.0,197.0,16.0,13.0,3.0,0.065989845,0.08121827,0.015228426,2000s,0.0371,0.013,Brain Gain
NER,2008,15455175.0,235.0,235.0,16.0,2.0,14.0,0.008510638,0.068085104,0.05957447,2000s,0.0374,0.015,Brain Gain
NER,2009,16037915.0,269.0,269.0,43.0,25.0,18.0,0.09293681,0.1598513,0.0669145,2000s,0.0377,0.017,Brain Gain
NER,2010,16647543.0,281.0,281.0,30.0,32.0,-2.0,0.113879,0.10676157,-0.0071174377,2010s,0.038,0.017,Brain Drain
NER,2011,17283112.0,259.0,259.0,19.0,47.0,-28.0,0.18146718,0.07335907,-0.10810811,2010s,0.0382,0.015,Brain Drain
NER,2012,17954407.0,288.0,288.0,27.0,27.0,0.0,0.09375,0.09375,0.0,2010s,0.0388,0.016,Balanced
NER,2013,18653199.0,336.0,336.0,31.0,17.0,14.0,0.05059524,0.0922619,0.041666668,2010s,0.0389,0.018,Brain Gain
NER,2014,19372014.0,389.0,389.0,31.0,20.0,11.0,0.051413883,0.079691514,0.028277636,2010s,0.0385,0.02,Brain Gain
NER,2015,20128124.0,429.0,429.0,40.0,28.0,12.0,0.06526806,0.09324009,0.027972028,2010s,0.039,0.021,Brain Gain
NER,2016,20921743.0,452.0,452.0,27.0,32.0,-5.0,0.07079646,0.059734512,-0.011061947,2010s,0.0394,0.022,Brain Drain
NER,2017,21737922.0,470.0,470.0,31.0,26.0,5.0,0.05531915,0.06595745,0.010638298,2010s,0.039,0.022,Brain Gain
NER,2018,22577058.0,504.0,504.0,36.0,26.0,10.0,0.051587302,0.071428575,0.01984127,2010s,0.0386,0.022,Brain Gain
NER,2019,23443393.0,508.0,508.0,23.0,30.0,-7.0,0.05905512,0.04527559,-0.0137795275,2010s,0.0384,0.022,Brain Drain
NER,2020,24333639.0,518.0,518.0,33.0,21.0,12.0,0.04054054,0.06370656,0.023166023,2020s,0.038,0.021,Brain Gain
NER,2021,25252722.0,525.0,525.0,36.0,19.0,17.0,0.036190476,0.068571426,0.032380953,2020s,0.0378,0.021,Brain Gain
NER,2022,26207977.0,0.0,0.0,15.0,18.0,-3.0,,,,2020s,0.0378,0.0,Brain Drain
NER,2023,26207977.0,,,,,,,,,2020s,0.0,,Unknown
NFK,2008,,1.0,1.0,0.0,0.0,0.0,0.0,0.0,0.0,2000s,,,Balanced
NFK,2022,,0.0,0.0,0.0,0.0,0.0,,,,2020s,,,Balanced
NGA,1996,110956183.0,2350.0,2350.0,0.0,0.0,0.0,0.0,0.0,0.0,1990s,,0.021,Balanced
NGA,1997,113791181.0,2871.0,2871.0,55.0,73.0,-18.0,0.02542668,0.019157087,-0.0062695923,1990s,0.0256,0.025,Brain Drain
NGA,1998,116690527.0,3420.0,3420.0,78.0,94.0,-16.0,0.02748538,0.022807017,-0.0046783625,1990s,0.0255,0.029,Brain Drain
NGA,1999,119695565.0,3708.0,3708.0,76.0,87.0,-11.0,0.023462784,0.020496225,-0.0029665588,1990s,0.0258,0.031,Brain Drain
NGA,2000,122851984.0,4078.0,4078.0,85.0,72.0,13.0,0.017655713,0.02084355,0.003187837,2000s,0.0264,0.033,Brain Gain
NGA,2001,126152678.0,4515.0,4515.0,84.0,97.0,-13.0,0.021483943,0.018604651,-0.0028792913,2000s,0.0269,0.036,Brain Drain
NGA,2002,129583026.0,5017.0,5017.0,82.0,100.0,-18.0,0.019932231,0.016344428,-0.0035878015,2000s,0.0272,0.039,Brain Drain
NGA,2003,133119801.0,5749.0,5749.0,120.0,86.0,34.0,0.014959123,0.020873195,0.005914072,2000s,0.0273,0.043,Brain Gain
NGA,2004,136756848.0,6919.0,6919.0,116.0,87.0,29.0,0.012574071,0.016765429,0.004191357,2000s,0.0273,0.051,Brain Gain
NGA,2005,140490722.0,8147.0,8147.0,94.0,109.0,-15.0,0.0133791575,0.01153799,-0.0018411685,2000s,0.0273,0.058,Brain Drain
NGA,2006,144329764.0,9565.0,9565.0,116.0,108.0,8.0,0.011291166,0.012127548,0.0008363826,2000s,0.0273,0.066,Brain Gain
NGA,2007,148294028.0,11007.0,11007.0,101.0,130.0,-29.0,0.011810666,0.009175979,-0.002634687,2000s,0.0275,0.074,Brain Drain
NGA,2008,152382506.0,12606.0,12606.0,119.0,145.0,-26.0,0.011502459,0.009439949,-0.00206251,2000s,0.0276,0.083,Brain Drain
NGA,2009,156595758.0,14059.0,14059.0,141.0,177.0,-36.0,0.0125898,0.010029163,-0.0025606374,2000s,0.0276,0.09,Brain Drain
NGA,2010,160952853.0,15189.0,15189.0,192.0,206.0,-14.0,0.013562446,0.012640727,-0.00092171965,2010s,0.0278,0.094,Brain Drain
NGA,2011,165463745.0,16298.0,16298.0,197.0,229.0,-32.0,0.014050804,0.012087373,-0.001963431,2010s,0.028,0.098,Brain Drain
NGA,2012,170075932.0,17419.0,17419.0,217.0,254.0,-37.0,0.014581778,0.012457661,-0.0021241175,2010s,0.0279,0.102,Brain Drain
NGA,2013,174726123.0,18057.0,18057.0,230.0,237.0,-7.0,0.013125104,0.012737443,-0.0003876613,2010s,0.0273,0.103,Brain Drain
NGA,2014,179379016.0,18634.0,18634.0,267.0,293.0,-26.0,0.015723946,0.0143286465,-0.0013952989,2010s,0.0266,0.104,Brain Drain
NGA,2015,183995785.0,19791.0,19791.0,321.0,326.0,-5.0,0.016472133,0.016219493,-0.00025264008,2010s,0.0257,0.108,Brain Drain
NGA,2016,188666931.0,21578.0,21578.0,346.0,375.0,-29.0,0.017378813,0.01603485,-0.0013439615,2010s,0.0254,0.114,Brain Drain
NGA,2017,193495907.0,23961.0,23961.0,452.0,417.0,35.0,0.01740328,0.018863987,0.0014607069,2010s,0.0256,0.124,Brain Gain
NGA,2018,198387623.0,27169.0,27169.0,523.0,465.0,58.0,0.017115094,0.01924988,0.002134786,2010s,0.0253,0.137,Brain Gain
NGA,2019,203304492.0,29695.0,29695.0,573.0,585.0,-12.0,0.019700287,0.019296179,-0.00040410843,2010s,0.0248,0.146,Brain Drain
NGA,2020,208327405.0,31230.0,31230.0,645.0,593.0,52.0,0.018988153,0.020653218,0.0016650656,2020s,0.0247,0.15,Brain Gain
NGA,2021,213401323.0,30857.0,30857.0,653.0,653.0,0.0,0.021162136,0.021162136,0.0,2020s,0.0244,0.145,Balanced
NGA,2022,218541212.0,0.0,0.0,559.0,635.0,-76.0,,,,2020s,0.0241,0.0,Brain Drain
NGA,2023,218541212.0,0.0,0.0,306.0,460.0,-154.0,,,,2020s,0.0,0.0,Brain Drain
NIC,1996,4812391.0,54.0,54.0,0.0,0.0,0.0,0.0,0.0,0.0,1990s,,0.011,Balanced
NIC,1997,4895962.0,66.0,66.0,5.0,6.0,-1.0,0.09090909,0.07575758,-0.015151516,1990s,0.0174,0.013,Brain Drain
NIC,1998,4974552.0,75.0,75.0,7.0,4.0,3.0,0.053333335,0.093333334,0.04,1990s,0.0161,0.015,Brain Gain
NIC,1999,5049878.0,74.0,74.0,6.0,6.0,0.0,0.08108108,0.08108108,0.0,1990s,0.0151,0.015,Balanced
NIC,2000,5123222.0,71.0,71.0,6.0,9.0,-3.0,0.12676056,0.08450704,-0.04225352,2000s,0.0145,0.014,Brain Drain
NIC,2001,5192764.0,71.0,71.0,2.0,9.0,-7.0,0.12676056,0.028169014,-0.09859155,2000s,0.0136,0.014,Brain Drain
NIC,2002,5259006.0,84.0,84.0,13.0,5.0,8.0,0.05952381,0.15476191,0.0952381,2000s,0.0128,0.016,Brain Gain
NIC,2003,5323062.0,104.0,104.0,12.0,5.0,7.0,0.048076924,0.115384616,0.067307696,2000s,0.0122,0.02,Brain Gain
NIC,2004,5386223.0,122.0,122.0,6.0,7.0,-1.0,0.057377048,0.04918033,-0.008196721,2000s,0.0119,0.023,Brain Drain
NIC,2005,5454678.0,136.0,136.0,7.0,2.0,5.0,0.014705882,0.05147059,0.036764707,2000s,0.0127,0.025,Brain Gain
NIC,2006,5529811.0,157.0,157.0,10.0,5.0,5.0,0.031847134,0.06369427,0.031847134,2000s,0.0138,0.028,Brain Gain
NIC,2007,5607453.0,177.0,177.0,10.0,9.0,1.0,0.050847456,0.056497175,0.0056497175,2000s,0.014,0.032,Brain Gain
NIC,2008,5687744.0,190.0,190.0,9.0,8.0,1.0,0.042105265,0.047368422,0.005263158,2000s,0.0143,0.033,Brain Gain
NIC,2009,5770639.0,220.0,220.0,12.0,9.0,3.0,0.04090909,0.054545455,0.013636364,2000s,0.0146,0.038,Brain Gain
NIC,2010,5855734.0,222.0,222.0,11.0,9.0,2.0,0.04054054,0.04954955,0.009009009,2010s,0.0147,0.038,Brain Gain
NIC,2011,5942553.0,209.0,209.0,6.0,24.0,-18.0,0.114832535,0.028708134,-0.086124405,2010s,0.0148,0.035,Brain Drain
NIC,2012,6030607.0,216.0,216.0,10.0,13.0,-3.0,0.060185187,0.046296295,-0.013888889,2010s,0.0148,0.036,Brain Drain
NIC,2013,6119379.0,235.0,235.0,17.0,9.0,8.0,0.038297873,0.07234043,0.034042552,2010s,0.0147,0.038,Brain Gain
NIC,2014,6208676.0,235.0,235.0,8.0,13.0,-5.0,0.05531915,0.034042552,-0.021276595,2010s,0.0146,0.038,Brain Drain
NIC,2015,6298598.0,258.0,258.0,14.0,5.0,9.0,0.019379845,0.054263566,0.034883723,2010s,0.0145,0.041,Brain Gain
NIC,2016,6389235.0,266.0,266.0,12.0,10.0,2.0,0.037593983,0.04511278,0.007518797,2010s,0.0144,0.042,Brain Gain
NIC,2017,6480532.0,261.0,261.0,6.0,8.0,-2.0,0.03065134,0.022988506,-0.007662835,2010s,0.0143,0.04,Brain Drain
NIC,2018,6572233.0,259.0,259.0,15.0,16.0,-1.0,0.06177606,0.057915058,-0.0038610038,2010s,0.0142,0.039,Brain Drain
NIC,2019,6663924.0,254.0,254.0,10.0,11.0,-1.0,0.04330709,0.03937008,-0.003937008,2010s,0.014,0.038,Brain Drain
NIC,2020,6755895.0,238.0,238.0,10.0,13.0,-3.0,0.05462185,0.042016808,-0.012605042,2020s,0.0138,0.035,Brain Drain
NIC,2021,6850540.0,206.0,206.0,4.0,14.0,-10.0,0.067961164,0.019417476,-0.048543688,2020s,0.014,0.03,Brain Drain
NIC,2022,6948392.0,0.0,0.0,12.0,4.0,8.0,,,,2020s,0.0143,0.0,Brain Gain
NIC,2023,6948392.0,,,,,,,,,2020s,0.0,,Unknown
NIU,2014,,3.0,3.0,0.0,0.0,0.0,0.0,0.0,0.0,2010s,,,Balanced
NIU,2016,,4.0,4.0,0.0,0.0,0.0,0.0,0.0,0.0,2010s,,,Balanced
NIU,2017,,3.0,3.0,0.0,0.0,0.0,0.0,0.0,0.0,2010s,,,Balanced
NLD,1996,15530498.0,35768.0,35768.0,0.0,0.0,0.0,0.0,0.0,0.0,1990s,,2.303,Balanced
NLD,1997,15610650.0,40363.0,40363.0,785.0,876.0,-91.0,0.021703044,0.019448506,-0.00225454,1990s,0.0052,2.586,Brain Drain
NLD,1998,15707209.0,44986.0,44986.0,1023.0,1047.0,-24.0,0.023273908,0.022740409,-0.0005334993,1990s,0.0062,2.864,Brain Drain
NLD,1999,15812088.0,48042.0,48042.0,1158.0,1051.0,107.0,0.02187669,0.02410391,0.002227218,1990s,0.0067,3.038,Brain Gain
NLD,2000,15925513.0,50540.0,50540.0,1337.0,1326.0,11.0,0.026236644,0.026454294,0.00021764939,2000s,0.0072,3.174,Brain Gain
NLD,2001,16046180.0,52450.0,52450.0,1514.0,1513.0,1.0,0.02884652,0.028865587,1.9065777e-05,2000s,0.0076,3.269,Brain Gain
NLD,2002,16148929.0,55071.0,55071.0,1695.0,1494.0,201.0,0.027128616,0.030778449,0.0036498338,2000s,0.0064,3.41,Brain Gain
NLD,2003,16225302.0,57573.0,57573.0,1530.0,1469.0,61.0,0.025515433,0.026574956,0.0010595245,2000s,0.0047,3.548,Brain Gain
NLD,2004,16281779.0,60118.0,60118.0,1277.0,1291.0,-14.0,0.021474434,0.021241559,-0.00023287535,2000s,0.0035,3.692,Brain Drain
NLD,2005,16319868.0,62506.0,62506.0,1261.0,1372.0,-111.0,0.021949893,0.020174064,-0.0017758295,2000s,0.0023,3.83,Brain Drain
NLD,2006,16346101.0,65326.0,65326.0,1285.0,1525.0,-240.0,0.023344457,0.019670576,-0.0036738818,2000s,0.0016,3.996,Brain Drain
NLD,2007,16381696.0,69138.0,69138.0,1507.0,1573.0,-66.0,0.022751598,0.021796986,-0.0009546125,2000s,0.0022,4.22,Brain Drain
NLD,2008,16445593.0,72654.0,72654.0,1627.0,1636.0,-9.0,0.022517687,0.022393811,-0.00012387481,2000s,0.0039,4.418,Brain Drain
NLD,2009,16530388.0,76614.0,76614.0,1797.0,1750.0,47.0,0.022841778,0.023455244,0.0006134649,2000s,0.0052,4.635,Brain Gain
NLD,2010,16615394.0,80587.0,80587.0,2023.0,1884.0,139.0,0.02337846,0.025103305,0.001724844,2010s,0.0051,4.85,Brain Gain
NLD,2011,16693074.0,84365.0,84365.0,2038.0,2037.0,1.0,0.024145084,0.024156937,1.1853257e-05,2010s,0.0047,5.054,Brain Gain
NLD,2012,16754962.0,87894.0,87894.0,2073.0,2109.0,-36.0,0.023994813,0.023585228,-0.00040958426,2010s,0.0037,5.246,Brain Drain
NLD,2013,16804432.0,91483.0,91483.0,2162.0,2273.0,-111.0,0.024846146,0.023632806,-0.0012133402,2010s,0.003,5.444,Brain Drain
NLD,2014,16865008.0,94546.0,94546.0,2353.0,2636.0,-283.0,0.027880609,0.024887357,-0.002993252,2010s,0.0036,5.606,Brain Drain
NLD,2015,16939923.0,97401.0,97401.0,2395.0,2829.0,-434.0,0.029044876,0.02458907,-0.004455806,2010s,0.0044,5.75,Brain Drain
NLD,2016,17030314.0,100715.0,100715.0,2639.0,2802.0,-163.0,0.027821079,0.02620265,-0.0016184283,2010s,0.0053,5.914,Brain Drain
NLD,2017,17131296.0,103204.0,103204.0,2655.0,3004.0,-349.0,0.0291074,0.025725747,-0.0033816518,2010s,0.0059,6.024,Brain Drain
NLD,2018,17231624.0,106271.0,106271.0,3011.0,3046.0,-35.0,0.02866257,0.028333224,-0.00032934666,2010s,0.0059,6.167,Brain Drain
NLD,2019,17344874.0,108460.0,108460.0,3211.0,3103.0,108.0,0.028609626,0.029605385,0.0009957588,2010s,0.0066,6.253,Brain Gain
NLD,2020,17441500.0,108057.0,108057.0,3353.0,3191.0,162.0,0.029530711,0.03102992,0.0014992087,2020s,0.0056,6.195,Brain Gain
NLD,2021,17533044.0,103960.0,103960.0,3468.0,3035.0,433.0,0.029193921,0.033358984,0.0041650636,2020s,0.0052,5.929,Brain Gain
NLD,2022,17700982.0,0.0,0.0,3038.0,2462.0,576.0,,,,2020s,0.0096,0.0,Brain Gain
NLD,2023,17700982.0,0.0,0.0,1857.0,1590.0,267.0,,,,2020s,0.0,0.0,Brain Gain
NOR,1996,4381336.0,9561.0,9561.0,0.0,0.0,0.0,0.0,0.0,0.0,1990s,,2.182,Balanced
NOR,1997,4405157.0,10999.0,10999.0,189.0,173.0,16.0,0.015728703,0.01718338,0.0014546777,1990s,0.0054,2.497,Brain Gain
NOR,1998,4431464.0,12440.0,12440.0,290.0,226.0,64.0,0.018167203,0.023311896,0.0051446944,1990s,0.006,2.807,Brain Gain
NOR,1999,4461913.0,13416.0,13416.0,316.0,236.0,80.0,0.017590936,0.023553966,0.0059630293,1990s,0.0069,3.007,Brain Gain
NOR,2000,4490967.0,14118.0,14118.0,332.0,312.0,20.0,0.022099448,0.02351608,0.0014166313,2000s,0.0065,3.144,Brain Gain
NOR,2001,4513751.0,14738.0,14738.0,357.0,367.0,-10.0,0.024901615,0.024223097,-0.0006785181,2000s,0.0051,3.265,Brain Drain
NOR,2002,4538159.0,15499.0,15499.0,455.0,392.0,63.0,0.025291955,0.029356733,0.0040647783,2000s,0.0054,3.415,Brain Gain
NOR,2003,4564855.0,16472.0,16472.0,424.0,354.0,70.0,0.021491015,0.025740651,0.0042496356,2000s,0.0059,3.608,Brain Gain
NOR,2004,4591910.0,17565.0,17565.0,369.0,274.0,95.0,0.015599203,0.021007685,0.0054084826,2000s,0.0059,3.825,Brain Gain
NOR,2005,4623291.0,18799.0,18799.0,401.0,279.0,122.0,0.014841215,0.021330921,0.0064897067,2000s,0.0068,4.066,Brain Gain
NOR,2006,4660677.0,20028.0,20028.0,446.0,269.0,177.0,0.013431196,0.022268824,0.008837627,2000s,0.0081,4.297,Brain Gain
NOR,2007,4709153.0,21427.0,21427.0,488.0,313.0,175.0,0.014607738,0.022775004,0.008167266,2000s,0.0104,4.55,Brain Gain
NOR,2008,4768212.0,22907.0,22907.0,588.0,353.0,235.0,0.015410136,0.02566901,0.010258873,2000s,0.0125,4.804,Brain Gain
NOR,2009,4828726.0,24399.0,24399.0,629.0,386.0,243.0,0.01582032,0.025779745,0.009959425,2000s,0.0127,5.053,Brain Gain
NOR,2010,4889252.0,25608.0,25608.0,648.0,483.0,165.0,0.018861294,0.025304593,0.006443299,2010s,0.0125,5.238,Brain Gain
NOR,2011,4953088.0,26945.0,26945.0,680.0,443.0,237.0,0.016440898,0.025236594,0.008795695,2010s,0.0131,5.44,Brain Gain
NOR,2012,5018573.0,28428.0,28428.0,656.0,454.0,202.0,0.01597017,0.023075841,0.0071056704,2010s,0.0132,5.665,Brain Gain
NOR,2013,5079623.0,29744.0,29744.0,692.0,501.0,191.0,0.016843732,0.023265196,0.006421463,2010s,0.0122,5.856,Brain Gain
NOR,2014,5137232.0,31071.0,31071.0,775.0,501.0,274.0,0.01612436,0.024942873,0.008818513,2010s,0.0113,6.048,Brain Gain
NOR,2015,5188607.0,32385.0,32385.0,845.0,576.0,269.0,0.017786013,0.026092326,0.008306314,2010s,0.01,6.242,Brain Gain
NOR,2016,5234519.0,33733.0,33733.0,889.0,630.0,259.0,0.018676074,0.026354015,0.0076779416,2010s,0.0088,6.444,Brain Gain
NOR,2017,5276968.0,35110.0,35110.0,903.0,651.0,252.0,0.018541725,0.025719168,0.0071774423,2010s,0.0081,6.653,Brain Gain
NOR,2018,5311916.0,36578.0,36578.0,1104.0,712.0,392.0,0.019465253,0.030182077,0.010716824,2010s,0.0066,6.886,Brain Gain
NOR,2019,5347896.0,37981.0,37981.0,1087.0,706.0,381.0,0.018588241,0.028619573,0.010031331,2010s,0.0068,7.102,Brain Gain
NOR,2020,5379475.0,38364.0,38364.0,1136.0,753.0,383.0,0.019627776,0.029611094,0.009983318,2020s,0.0059,7.132,Brain Gain
NOR,2021,5408320.0,37459.0,37459.0,1165.0,818.0,347.0,0.021837208,0.03110067,0.009263461,2020s,0.0054,6.926,Brain Gain
NOR,2022,5457127.0,0.0,0.0,934.0,677.0,257.0,,,,2020s,0.009,0.0,Brain Gain
NOR,2023,5457127.0,0.0,0.0,644.0,454.0,190.0,,,,2020s,0.0,0.0,Brain Gain
NPL,1996,22783969.0,191.0,191.0,0.0,0.0,0.0,0.0,0.0,0.0,1990s,,0.008,Balanced
NPL,1997,23249417.0,266.0,266.0,10.0,7.0,3.0,0.02631579,0.037593983,0.011278195,1990s,0.0204,0.011,Brain Gain
NPL,1998,23703328.0,316.0,316.0,12.0,12.0,0.0,0.03797468,0.03797468,0.0,1990s,0.0195,0.013,Balanced
NPL,1999,24143157.0,386.0,386.0,25.0,14.0,11.0,0.03626943,0.06476684,0.02849741,1990s,0.0186,0.016,Brain Gain
NPL,2000,24559500.0,425.0,425.0,24.0,29.0,-5.0,0.06823529,0.056470588,-0.011764706,2000s,0.0172,0.017,Brain Drain
NPL,2001,24956071.0,573.0,573.0,29.0,30.0,-1.0,0.05235602,0.05061082,-0.0017452007,2000s,0.0161,0.023,Brain Drain
NPL,2002,25332178.0,711.0,711.0,51.0,24.0,27.0,0.033755273,0.07172996,0.03797468,2000s,0.0151,0.028,Brain Gain
NPL,2003,25682908.0,895.0,895.0,41.0,34.0,7.0,0.037988827,0.045810055,0.007821229,2000s,0.0138,0.035,Brain Gain
NPL,2004,26003965.0,1060.0,1060.0,42.0,36.0,6.0,0.033962265,0.039622642,0.0056603774,2000s,0.0125,0.041,Brain Gain
NPL,2005,26285110.0,1225.0,1225.0,54.0,42.0,12.0,0.034285713,0.044081632,0.009795918,2000s,0.0108,0.047,Brain Gain
NPL,2006,26518971.0,1383.0,1383.0,45.0,49.0,-4.0,0.035430223,0.03253796,-0.0028922632,2000s,0.0089,0.052,Brain Drain
NPL,2007,26713655.0,1540.0,1540.0,30.0,66.0,-36.0,0.042857144,0.019480519,-0.023376623,2000s,0.0073,0.058,Brain Drain
NPL,2008,26881544.0,1717.0,1717.0,56.0,59.0,-3.0,0.03436226,0.032615025,-0.0017472336,2000s,0.0063,0.064,Brain Drain
NPL,2009,27026941.0,1876.0,1876.0,69.0,78.0,-9.0,0.041577823,0.036780383,-0.0047974414,2000s,0.0054,0.069,Brain Drain
NPL,2010,27161567.0,2066.0,2066.0,67.0,86.0,-19.0,0.04162633,0.032429814,-0.009196515,2010s,0.005,0.076,Brain Drain
NPL,2011,27266399.0,2262.0,2262.0,61.0,82.0,-21.0,0.036251105,0.026967285,-0.009283819,2010s,0.0039,0.083,Brain Drain
NPL,2012,27330694.0,2435.0,2435.0,68.0,89.0,-21.0,0.03655031,0.027926078,-0.00862423,2010s,0.0024,0.089,Brain Drain
NPL,2013,27381555.0,2745.0,2745.0,103.0,88.0,15.0,0.032058287,0.03752277,0.0054644807,2010s,0.0019,0.1,Brain Gain
NPL,2014,27462106.0,3051.0,3051.0,99.0,122.0,-23.0,0.03998689,0.032448377,-0.007538512,2010s,0.0029,0.111,Brain Drain
NPL,2015,27610325.0,3425.0,3425.0,127.0,90.0,37.0,0.026277373,0.03708029,0.01080292,2010s,0.0054,0.124,Brain Gain
NPL,2016,27861186.0,3805.0,3805.0,130.0,129.0,1.0,0.03390276,0.034165572,0.0002628121,2010s,0.0091,0.137,Brain Gain
NPL,2017,28183426.0,4373.0,4373.0,150.0,135.0,15.0,0.030871255,0.034301396,0.0034301395,2010s,0.0116,0.155,Brain Gain
NPL,2018,28506712.0,5220.0,5220.0,159.0,158.0,1.0,0.0302682,0.030459771,0.00019157089,2010s,0.0115,0.183,Brain Gain
NPL,2019,28832496.0,6089.0,6089.0,182.0,155.0,27.0,0.02545574,0.029889965,0.0044342256,2010s,0.0114,0.211,Brain Gain
NPL,2020,29348627.0,6496.0,6496.0,212.0,190.0,22.0,0.029248768,0.03263547,0.0033866996,2020s,0.0179,0.221,Brain Gain
NPL,2021,30034989.0,6411.0,6411.0,208.0,179.0,29.0,0.027920762,0.032444235,0.004523475,2020s,0.0234,0.213,Brain Gain
NPL,2022,30547580.0,0.0,0.0,180.0,194.0,-14.0,,,,2020s,0.0171,0.0,Brain Drain
NPL,2023,30547580.0,0.0,0.0,90.0,105.0,-15.0,,,,2020s,0.0,0.0,Brain Drain
NRU,1996,10345.0,,,,,,,,,1990s,,,Unknown
NRU,1997,10363.0,,,,,,,,,1990s,0.0017,,Unknown
NRU,1998,10377.0,,,,,,,,,1990s,0.0014,,Unknown
NRU,1999,10383.0,,,,,,,,,1990s,0.0006,,Unknown
NRU,2000,10377.0,,,,,,,,,2000s,-0.0006,,Unknown
NRU,2001,10363.0,,,,,,,,,2000s,-0.0013,,Unknown
NRU,2002,10351.0,,,,,,,,,2000s,-0.0012,,Unknown
NRU,2003,10344.0,,,,,,,,,2000s,-0.0007,,Unknown
NRU,2004,10335.0,,,,,,,,,2000s,-0.0009,,Unknown
NRU,2005,10318.0,1.0,1.0,0.0,0.0,0.0,0.0,0.0,0.0,2000s,-0.0016,0.097,Balanced
NRU,2006,10294.0,,,,,,,,,2000s,-0.0023,,Unknown
NRU,2007,10267.0,,,,,,,,,2000s,-0.0026,,Unknown
NRU,2008,10243.0,,,,,,,,,2000s,-0.0023,,Unknown
NRU,2009,10233.0,,,,,,,,,2000s,-0.001,,Unknown
NRU,2010,10241.0,,,,,,,,,2010s,0.0008,,Unknown
NRU,2011,10283.0,4.0,4.0,0.0,0.0,0.0,0.0,0.0,0.0,2010s,0.0041,0.389,Balanced
NRU,2012,10444.0,,,,,,,,,2010s,0.0157,,Unknown
NRU,2013,10694.0,5.0,5.0,1.0,0.0,1.0,0.0,0.2,0.2,2010s,0.0239,0.468,Brain Gain
NRU,2014,10940.0,,,,,,,,,2010s,0.023,,Unknown
NRU,2015,11185.0,,,,,,,,,2010s,0.0224,,Unknown
NRU,2016,11437.0,3.0,3.0,0.0,0.0,0.0,0.0,0.0,0.0,2010s,0.0225,0.262,Balanced
NRU,2017,11682.0,,,,,,,,,2010s,0.0214,,Unknown
NRU,2018,11924.0,,,,,,,,,2010s,0.0207,,Unknown
NRU,2019,12132.0,,,,,,,,,2010s,0.0174,,Unknown
NRU,2020,12315.0,3.0,3.0,0.0,0.0,0.0,0.0,0.0,0.0,2020s,0.0151,0.244,Balanced
NRU,2021,12511.0,,,,,,,,,2020s,0.0159,,Unknown
NRU,2022,12668.0,0.0,0.0,0.0,0.0,0.0,,,,2020s,0.0125,0.0,Balanced
NRU,2023,12668.0,,,,,,,,,2020s,0.0,,Unknown
NZL,1996,3732000.0,7476.0,7476.0,0.0,0.0,0.0,0.0,0.0,0.0,1990s,,2.003,Balanced
NZL,1997,3781300.0,8707.0,8707.0,264.0,255.0,9.0,0.029286781,0.030320432,0.0010336511,1990s,0.0132,2.303,Brain Gain
NZL,1998,3815000.0,9846.0,9846.0,316.0,332.0,-16.0,0.033719275,0.03209425,-0.0016250254,1990s,0.0089,2.581,Brain Drain
NZL,1999,3835100.0,10699.0,10699.0,407.0,354.0,53.0,0.033087205,0.03804094,0.004953734,1990s,0.0053,2.79,Brain Gain
NZL,2000,3857700.0,11232.0,11232.0,394.0,456.0,-62.0,0.040598292,0.035078347,-0.005519943,2000s,0.0059,2.912,Brain Drain
NZL,2001,3880500.0,11731.0,11731.0,491.0,520.0,-29.0,0.044327,0.041854914,-0.0024720826,2000s,0.0059,3.023,Brain Drain
NZL,2002,3948500.0,12282.0,12282.0,480.0,536.0,-56.0,0.0436411,0.039081585,-0.004559518,2000s,0.0175,3.111,Brain Drain
NZL,2003,4027200.0,12932.0,12932.0,554.0,508.0,46.0,0.0392824,0.042839468,0.0035570678,2000s,0.0199,3.211,Brain Gain
NZL,2004,4087500.0,13701.0,13701.0,519.0,437.0,82.0,0.03189548,0.037880447,0.005984965,2000s,0.015,3.352,Brain Gain
NZL,2005,4133900.0,14705.0,14705.0,518.0,454.0,64.0,0.030873852,0.035226114,0.0043522613,2000s,0.0114,3.557,Brain Gain
NZL,2006,4184600.0,15519.0,15519.0,540.0,484.0,56.0,0.031187577,0.034796055,0.0036084799,2000s,0.0123,3.709,Brain Gain
NZL,2007,4223800.0,16309.0,16309.0,553.0,524.0,29.0,0.0321295,0.03390766,0.0017781593,2000s,0.0094,3.861,Brain Gain
NZL,2008,4259800.0,17316.0,17316.0,612.0,581.0,31.0,0.033552784,0.035343036,0.0017902518,2000s,0.0085,4.065,Brain Gain
NZL,2009,4302600.0,18240.0,18240.0,608.0,607.0,1.0,0.03327851,0.033333335,5.4824563e-05,2000s,0.01,4.239,Brain Gain
NZL,2010,4350700.0,19073.0,19073.0,652.0,626.0,26.0,0.032821264,0.03418445,0.0013631836,2010s,0.0112,4.384,Brain Gain
NZL,2011,4384000.0,19863.0,19863.0,638.0,702.0,-64.0,0.035342094,0.032120023,-0.003222071,2010s,0.0077,4.531,Brain Drain
NZL,2012,4408100.0,20689.0,20689.0,688.0,648.0,40.0,0.031320993,0.033254385,0.0019333946,2010s,0.0055,4.693,Brain Gain
NZL,2013,4442100.0,21529.0,21529.0,692.0,767.0,-75.0,0.035626363,0.03214269,-0.003483673,2010s,0.0077,4.847,Brain Drain
NZL,2014,4516500.0,22160.0,22160.0,649.0,794.0,-145.0,0.035830326,0.029287003,-0.006543321,2010s,0.0167,4.906,Brain Drain
NZL,2015,4609400.0,22694.0,22694.0,707.0,786.0,-79.0,0.034634706,0.031153608,-0.0034810964,2010s,0.0206,4.923,Brain Drain
NZL,2016,4714100.0,23479.0,23479.0,738.0,794.0,-56.0,0.033817455,0.031432346,-0.0023851101,2010s,0.0227,4.981,Brain Drain
NZL,2017,4813600.0,24280.0,24280.0,798.0,816.0,-18.0,0.033607908,0.032866556,-0.00074135093,2010s,0.0211,5.044,Brain Drain
NZL,2018,4900600.0,25027.0,25027.0,890.0,803.0,87.0,0.032085348,0.035561595,0.0034762456,2010s,0.0181,5.107,Brain Gain
NZL,2019,4979200.0,25599.0,25599.0,892.0,831.0,61.0,0.032462206,0.03484511,0.0023829057,2010s,0.016,5.141,Brain Gain
NZL,2020,5090200.0,25559.0,25559.0,970.0,866.0,104.0,0.03388239,0.037951406,0.004069017,2020s,0.0223,5.021,Brain Gain
NZL,2021,5111400.0,24571.0,24571.0,850.0,773.0,77.0,0.03145985,0.034593627,0.0031337757,2020s,0.0042,4.807,Brain Gain
NZL,2022,5124100.0,0.0,0.0,580.0,706.0,-126.0,,,,2020s,0.0025,0.0,Brain Drain
NZL,2023,5124100.0,0.0,0.0,374.0,422.0,-48.0,,,,2020s,0.0,0.0,Brain Drain
OMN,1996,2209958.0,283.0,283.0,0.0,0.0,0.0,0.0,0.0,0.0,1990s,,0.128,Balanced
OMN,1997,2245588.0,328.0,328.0,19.0,23.0,-4.0,0.07012195,0.05792683,-0.0121951215,1990s,0.0161,0.146,Brain Drain
OMN,1998,2279727.0,461.0,461.0,45.0,14.0,31.0,0.030368764,0.097613886,0.06724512,1990s,0.0152,0.202,Brain Gain
OMN,1999,2312600.0,547.0,547.0,46.0,27.0,19.0,0.049360145,0.08409506,0.034734916,1990s,0.0144,0.237,Brain Gain
OMN,2000,2344253.0,610.0,610.0,39.0,34.0,5.0,0.055737704,0.06393442,0.008196721,2000s,0.0137,0.26,Brain Gain
OMN,2001,2374653.0,667.0,667.0,41.0,30.0,11.0,0.044977512,0.061469264,0.016491754,2000s,0.013,0.281,Brain Gain
OMN,2002,2403659.0,726.0,726.0,49.0,39.0,10.0,0.053719006,0.06749311,0.013774104,2000s,0.0122,0.302,Brain Gain
OMN,2003,2431600.0,793.0,793.0,49.0,40.0,9.0,0.050441362,0.061790667,0.011349306,2000s,0.0116,0.326,Brain Gain
OMN,2004,2468855.0,837.0,837.0,39.0,39.0,0.0,0.04659498,0.04659498,0.0,2000s,0.0153,0.339,Balanced
OMN,2005,2515192.0,942.0,942.0,65.0,43.0,22.0,0.045647558,0.06900212,0.023354564,2000s,0.0188,0.375,Brain Gain
OMN,2006,2560649.0,1015.0,1015.0,54.0,37.0,17.0,0.036453202,0.05320197,0.01674877,2000s,0.0181,0.396,Brain Gain
OMN,2007,2605700.0,1100.0,1100.0,59.0,46.0,13.0,0.041818183,0.053636365,0.011818182,2000s,0.0176,0.422,Brain Gain
OMN,2008,2651028.0,1232.0,1232.0,94.0,44.0,50.0,0.035714287,0.0762987,0.040584415,2000s,0.0174,0.465,Brain Gain
OMN,2009,2697537.0,1388.0,1388.0,89.0,59.0,30.0,0.042507205,0.06412104,0.021613833,2000s,0.0175,0.515,Brain Gain
OMN,2010,2881914.0,1559.0,1559.0,118.0,53.0,65.0,0.03399615,0.07568955,0.041693393,2010s,0.0684,0.541,Brain Gain
OMN,2011,3206870.0,1702.0,1702.0,94.0,74.0,20.0,0.04347826,0.055229142,0.011750882,2010s,0.1128,0.531,Brain Gain
OMN,2012,3535579.0,1853.0,1853.0,96.0,72.0,24.0,0.03885591,0.05180788,0.01295197,2010s,0.1025,0.524,Brain Gain
OMN,2013,3816680.0,2064.0,2064.0,134.0,51.0,83.0,0.024709303,0.06492248,0.04021318,2010s,0.0795,0.541,Brain Gain
OMN,2014,4009267.0,2240.0,2240.0,125.0,90.0,35.0,0.04017857,0.05580357,0.015625,2010s,0.0505,0.559,Brain Gain
OMN,2015,4191776.0,2418.0,2418.0,148.0,77.0,71.0,0.0318445,0.06120761,0.02936311,2010s,0.0455,0.577,Brain Gain
OMN,2016,4398070.0,2568.0,2568.0,135.0,97.0,38.0,0.037772585,0.052570093,0.014797508,2010s,0.0492,0.584,Brain Gain
OMN,2017,4541854.0,2717.0,2717.0,156.0,113.0,43.0,0.04158999,0.057416268,0.01582628,2010s,0.0327,0.598,Brain Gain
OMN,2018,4601157.0,2949.0,2949.0,180.0,107.0,73.0,0.036283486,0.06103764,0.024754154,2010s,0.0131,0.641,Brain Gain
OMN,2019,4602768.0,3190.0,3190.0,191.0,111.0,80.0,0.034796238,0.05987461,0.02507837,2010s,0.0004,0.693,Brain Gain
OMN,2020,4543399.0,3403.0,3403.0,206.0,97.0,109.0,0.028504262,0.060534824,0.03203056,2020s,-0.0129,0.749,Brain Gain
OMN,2021,4520471.0,3408.0,3408.0,182.0,113.0,69.0,0.033157278,0.053403758,0.02024648,2020s,-0.005,0.754,Brain Gain
OMN,2022,4576298.0,0.0,0.0,171.0,119.0,52.0,,,,2020s,0.0123,0.0,Brain Gain
OMN,2023,4576298.0,0.0,0.0,105.0,89.0,16.0,,,,2020s,0.0,0.0,Brain Gain
PAK,1996,137234810.0,2226.0,2226.0,0.0,0.0,0.0,0.0,0.0,0.0,1990s,,0.016,Balanced
PAK,1997,141330267.0,2741.0,2741.0,53.0,53.0,0.0,0.01933601,0.01933601,0.0,1990s,0.0298,0.019,Balanced
PAK,1998,145476106.0,3285.0,3285.0,68.0,62.0,6.0,0.018873667,0.020700153,0.001826484,1990s,0.0293,0.023,Brain Gain
PAK,1999,149694462.0,3757.0,3757.0,82.0,75.0,7.0,0.019962735,0.021825925,0.0018631887,1990s,0.029,0.025,Brain Gain
PAK,2000,154369924.0,4219.0,4219.0,70.0,99.0,-29.0,0.023465276,0.016591609,-0.006873667,2000s,0.0312,0.027,Brain Drain
PAK,2001,159217727.0,4720.0,4720.0,90.0,101.0,-11.0,0.021398306,0.019067796,-0.0023305085,2000s,0.0314,0.03,Brain Drain
PAK,2002,163262807.0,5237.0,5237.0,105.0,106.0,-1.0,0.020240596,0.020049646,-0.00019094902,2000s,0.0254,0.032,Brain Drain
PAK,2003,166876680.0,6106.0,6106.0,128.0,100.0,28.0,0.016377334,0.020962987,0.0045856535,2000s,0.0221,0.037,Brain Gain
PAK,2004,170648620.0,7273.0,7273.0,134.0,114.0,20.0,0.015674412,0.01842431,0.0027498968,2000s,0.0226,0.043,Brain Gain
PAK,2005,174372098.0,8617.0,8617.0,129.0,125.0,4.0,0.014506209,0.014970407,0.00046419867,2000s,0.0218,0.049,Brain Gain
PAK,2006,178069984.0,10193.0,10193.0,157.0,153.0,4.0,0.015010301,0.015402728,0.00039242618,2000s,0.0212,0.057,Brain Gain
PAK,2007,181924521.0,12222.0,12222.0,169.0,164.0,5.0,0.013418426,0.013827524,0.00040909834,2000s,0.0216,0.067,Brain Gain
PAK,2008,185931955.0,14402.0,14402.0,206.0,197.0,9.0,0.013678656,0.014303569,0.0006249132,2000s,0.022,0.077,Brain Gain
PAK,2009,190123222.0,17130.0,17130.0,251.0,268.0,-17.0,0.015645066,0.014652656,-0.0009924109,2000s,0.0225,0.09,Brain Drain
PAK,2010,194454498.0,19650.0,19650.0,292.0,324.0,-32.0,0.01648855,0.014860051,-0.0016284988,2010s,0.0228,0.101,Brain Drain
PAK,2011,198602738.0,22364.0,22364.0,363.0,396.0,-33.0,0.01770703,0.016231444,-0.0014755857,2010s,0.0213,0.113,Brain Drain
PAK,2012,202205861.0,24958.0,24958.0,483.0,463.0,20.0,0.018551165,0.019352512,0.00080134626,2010s,0.0181,0.123,Brain Gain
PAK,2013,205337562.0,27373.0,27373.0,560.0,565.0,-5.0,0.020640777,0.020458115,-0.00018266175,2010s,0.0155,0.133,Brain Drain
PAK,2014,208251628.0,30117.0,30117.0,627.0,651.0,-24.0,0.021615699,0.020818807,-0.0007968921,2010s,0.0142,0.145,Brain Drain
PAK,2015,210969298.0,33198.0,33198.0,717.0,755.0,-38.0,0.022742335,0.021597687,-0.0011446472,2010s,0.013,0.157,Brain Drain
PAK,2016,213524840.0,36862.0,36862.0,852.0,820.0,32.0,0.02224513,0.023113234,0.00086810265,2010s,0.0121,0.173,Brain Gain
PAK,2017,216379655.0,41719.0,41719.0,978.0,995.0,-17.0,0.023850044,0.023442555,-0.0004074882,2010s,0.0134,0.193,Brain Drain
PAK,2018,219731479.0,47844.0,47844.0,1140.0,1084.0,56.0,0.022656968,0.02382744,0.0011704707,2010s,0.0155,0.218,Brain Gain
PAK,2019,223293280.0,52871.0,52871.0,1327.0,1166.0,161.0,0.022053678,0.025098825,0.0030451475,2010s,0.0162,0.237,Brain Gain
PAK,2020,227196741.0,55923.0,55923.0,1389.0,1302.0,87.0,0.023282012,0.024837723,0.0015557106,2020s,0.0175,0.246,Brain Gain
PAK,2021,231402117.0,54900.0,54900.0,1530.0,1369.0,161.0,0.024936248,0.027868852,0.0029326046,2020s,0.0185,0.237,Brain Gain
PAK,2022,235824862.0,0.0,0.0,1360.0,1232.0,128.0,,,,2020s,0.0191,0.0,Brain Gain
PAK,2023,235824862.0,0.0,0.0,850.0,1095.0,-245.0,,,,2020s,0.0,0.0,Brain Drain
PAN,1996,2771606.0,105.0,105.0,0.0,0.0,0.0,0.0,0.0,0.0,1990s,,0.038,Balanced
PAN,1997,2827992.0,123.0,123.0,11.0,15.0,-4.0,0.12195122,0.08943089,-0.032520324,1990s,0.0203,0.043,Brain Drain
PAN,1998,2885177.0,135.0,135.0,16.0,16.0,0.0,0.11851852,0.11851852,0.0,1990s,0.0202,0.047,Balanced
PAN,1999,2943120.0,137.0,137.0,17.0,17.0,0.0,0.124087594,0.124087594,0.0,1990s,0.0201,0.047,Balanced
PAN,2000,3001731.0,151.0,151.0,11.0,16.0,-5.0,0.105960265,0.07284768,-0.03311258,2000s,0.0199,0.05,Brain Drain
PAN,2001,3061024.0,167.0,167.0,19.0,19.0,0.0,0.11377245,0.11377245,0.0,2000s,0.0198,0.055,Balanced
PAN,2002,3120990.0,184.0,184.0,22.0,26.0,-4.0,0.14130434,0.11956522,-0.02173913,2000s,0.0196,0.059,Brain Drain
PAN,2003,3181608.0,200.0,200.0,29.0,32.0,-3.0,0.16,0.145,-0.015,2000s,0.0194,0.063,Brain Drain
PAN,2004,3243311.0,223.0,223.0,20.0,17.0,3.0,0.076233186,0.089686096,0.013452915,2000s,0.0194,0.069,Brain Gain
PAN,2005,3305868.0,252.0,252.0,22.0,17.0,5.0,0.06746032,0.08730159,0.01984127,2000s,0.0193,0.076,Brain Gain
PAN,2006,3368573.0,277.0,277.0,20.0,22.0,-2.0,0.079422385,0.07220217,-0.0072202166,2000s,0.019,0.082,Brain Drain
PAN,2007,3431614.0,301.0,301.0,21.0,20.0,1.0,0.06644518,0.069767445,0.003322259,2000s,0.0187,0.088,Brain Gain
PAN,2008,3495276.0,340.0,340.0,35.0,32.0,3.0,0.09411765,0.10294118,0.00882353,2000s,0.0186,0.097,Brain Gain
PAN,2009,3559343.0,378.0,378.0,31.0,27.0,4.0,0.071428575,0.08201058,0.01058201,2000s,0.0183,0.106,Brain Gain
PAN,2010,3623617.0,417.0,417.0,38.0,41.0,-3.0,0.09832134,0.0911271,-0.007194245,2010s,0.0181,0.115,Brain Drain
PAN,2011,3688674.0,480.0,480.0,55.0,35.0,20.0,0.072916664,0.114583336,0.041666668,2010s,0.018,0.13,Brain Gain
PAN,2012,3754862.0,537.0,537.0,41.0,37.0,4.0,0.0689013,0.07635009,0.0074487897,2010s,0.0179,0.143,Brain Gain
PAN,2013,3821556.0,611.0,611.0,48.0,37.0,11.0,0.060556464,0.07855974,0.018003274,2010s,0.0178,0.16,Brain Gain
PAN,2014,3888793.0,650.0,650.0,51.0,42.0,9.0,0.064615384,0.078461535,0.013846153,2010s,0.0176,0.167,Brain Gain
PAN,2015,3957099.0,689.0,689.0,33.0,44.0,-11.0,0.06386067,0.047895502,-0.015965167,2010s,0.0176,0.174,Brain Drain
PAN,2016,4026336.0,737.0,737.0,50.0,39.0,11.0,0.05291723,0.0678426,0.014925373,2010s,0.0175,0.183,Brain Gain
PAN,2017,4096063.0,813.0,813.0,51.0,30.0,21.0,0.036900368,0.062730625,0.025830258,2010s,0.0173,0.198,Brain Gain
PAN,2018,4165255.0,867.0,867.0,43.0,43.0,0.0,0.04959631,0.04959631,0.0,2010s,0.0169,0.208,Balanced
PAN,2019,4232532.0,958.0,958.0,75.0,42.0,33.0,0.043841336,0.0782881,0.034446765,2010s,0.0162,0.226,Brain Gain
PAN,2020,4294396.0,986.0,986.0,74.0,57.0,17.0,0.05780933,0.07505071,0.01724138,2020s,0.0146,0.23,Brain Gain
PAN,2021,4351267.0,1020.0,1020.0,80.0,36.0,44.0,0.03529412,0.078431375,0.043137256,2020s,0.0132,0.234,Brain Gain
PAN,2022,4408581.0,0.0,0.0,47.0,61.0,-14.0,,,,2020s,0.0132,0.0,Brain Drain
PAN,2023,4408581.0,,,,,,,,,2020s,0.0,,Unknown
PER,1996,24907304.0,384.0,384.0,0.0,0.0,0.0,0.0,0.0,0.0,1990s,,0.015,Balanced
PER,1997,25365386.0,540.0,540.0,20.0,18.0,2.0,0.033333335,0.037037037,0.0037037036,1990s,0.0184,0.021,Brain Gain
PER,1998,25818226.0,657.0,657.0,18.0,29.0,-11.0,0.04414003,0.02739726,-0.01674277,1990s,0.0179,0.025,Brain Drain
PER,1999,26252239.0,754.0,754.0,36.0,23.0,13.0,0.030503979,0.04774536,0.01724138,1990s,0.0168,0.029,Brain Gain
PER,2000,26654439.0,865.0,865.0,48.0,36.0,12.0,0.041618496,0.05549133,0.013872832,2000s,0.0153,0.032,Brain Gain
PER,2001,27014909.0,978.0,978.0,45.0,62.0,-17.0,0.06339468,0.04601227,-0.017382413,2000s,0.0135,0.036,Brain Drain
PER,2002,27334503.0,1097.0,1097.0,53.0,50.0,3.0,0.045578852,0.048313584,0.0027347312,2000s,0.0118,0.04,Brain Gain
PER,2003,27623341.0,1284.0,1284.0,62.0,40.0,22.0,0.031152649,0.048286606,0.017133957,2000s,0.0106,0.046,Brain Gain
PER,2004,27893911.0,1515.0,1515.0,62.0,43.0,19.0,0.028382838,0.04092409,0.012541254,2000s,0.0098,0.054,Brain Gain
PER,2005,28147267.0,1731.0,1731.0,61.0,46.0,15.0,0.026574235,0.035239745,0.008665511,2000s,0.0091,0.061,Brain Gain
PER,2006,28381078.0,1966.0,1966.0,93.0,45.0,48.0,0.022889115,0.047304172,0.024415055,2000s,0.0083,0.069,Brain Gain
PER,2007,28600387.0,2250.0,2250.0,86.0,70.0,16.0,0.031111112,0.038222224,0.007111111,2000s,0.0077,0.079,Brain Gain
PER,2008,28806185.0,2534.0,2534.0,105.0,74.0,31.0,0.029202841,0.041436464,0.012233622,2000s,0.0072,0.088,Brain Gain
PER,2009,29009326.0,2778.0,2778.0,86.0,100.0,-14.0,0.03599712,0.030957524,-0.005039597,2000s,0.0071,0.096,Brain Drain
PER,2010,29229572.0,2998.0,2998.0,83.0,116.0,-33.0,0.038692463,0.027685123,-0.011007338,2010s,0.0076,0.103,Brain Drain
PER,2011,29477721.0,3235.0,3235.0,90.0,98.0,-8.0,0.030293664,0.02782071,-0.002472952,2010s,0.0085,0.11,Brain Drain
PER,2012,29749589.0,3493.0,3493.0,104.0,96.0,8.0,0.027483538,0.029773833,0.002290295,2010s,0.0092,0.117,Brain Gain
PER,2013,30038809.0,3982.0,3982.0,107.0,102.0,5.0,0.02561527,0.02687092,0.0012556504,2010s,0.0097,0.133,Brain Gain
PER,2014,30353951.0,4428.0,4428.0,133.0,113.0,20.0,0.025519421,0.030036133,0.004516712,2010s,0.0105,0.146,Brain Gain
PER,2015,30711863.0,5082.0,5082.0,173.0,111.0,62.0,0.021841794,0.034041718,0.0121999215,2010s,0.0118,0.165,Brain Gain
PER,2016,31132779.0,5843.0,5843.0,183.0,161.0,22.0,0.027554339,0.03131953,0.003765189,2010s,0.0137,0.188,Brain Gain
PER,2017,31605486.0,6945.0,6945.0,216.0,151.0,65.0,0.02174226,0.031101512,0.009359252,2010s,0.0152,0.22,Brain Gain
PER,2018,32203944.0,8249.0,8249.0,254.0,170.0,84.0,0.02060856,0.03079161,0.010183052,2010s,0.0189,0.256,Brain Gain
PER,2019,32824861.0,9747.0,9747.0,257.0,195.0,62.0,0.020006156,0.026367087,0.006360932,2010s,0.0193,0.297,Brain Gain
PER,2020,33304756.0,10917.0,10917.0,316.0,194.0,122.0,0.01777045,0.02894568,0.011175231,2020s,0.0146,0.328,Brain Gain
PER,2021,33715471.0,10773.0,10773.0,295.0,224.0,71.0,0.020792723,0.027383273,0.0065905503,2020s,0.0123,0.32,Brain Gain
PER,2022,34049588.0,0.0,0.0,213.0,186.0,27.0,,,,2020s,0.0099,0.0,Brain Gain
PER,2023,34049588.0,0.0,0.0,125.0,144.0,-19.0,,,,2020s,0.0,0.0,Brain Drain
PHL,1996,70944969.0,784.0,784.0,0.0,0.0,0.0,0.0,0.0,0.0,1990s,,0.011,Balanced
PHL,1997,72718837.0,972.0,972.0,36.0,33.0,3.0,0.033950616,0.037037037,0.0030864198,1990s,0.025,0.013,Brain Gain
PHL,1998,74491918.0,1151.0,1151.0,50.0,53.0,-3.0,0.046046916,0.043440487,-0.0026064292,1990s,0.0244,0.015,Brain Drain
PHL,1999,76249064.0,1268.0,1268.0,78.0,41.0,37.0,0.032334384,0.061514195,0.029179811,1990s,0.0236,0.017,Brain Gain
PHL,2000,77958223.0,1363.0,1363.0,68.0,85.0,-17.0,0.062362436,0.04988995,-0.012472487,2000s,0.0224,0.017,Brain Drain
PHL,2001,79626086.0,1471.0,1471.0,83.0,88.0,-5.0,0.05982325,0.0564242,-0.0033990482,2000s,0.0214,0.018,Brain Drain
PHL,2002,81285572.0,1526.0,1526.0,76.0,102.0,-26.0,0.066841416,0.049803406,-0.017038008,2000s,0.0208,0.019,Brain Drain
PHL,2003,82942837.0,1658.0,1658.0,92.0,84.0,8.0,0.05066345,0.05548854,0.0048250905,2000s,0.0204,0.02,Brain Gain
PHL,2004,84607501.0,1759.0,1759.0,66.0,75.0,-9.0,0.042637862,0.037521318,-0.0051165433,2000s,0.0201,0.021,Brain Drain
PHL,2005,86261250.0,1886.0,1886.0,74.0,78.0,-4.0,0.041357372,0.03923648,-0.002120891,2000s,0.0195,0.022,Brain Drain
PHL,2006,87901835.0,2047.0,2047.0,69.0,82.0,-13.0,0.040058624,0.033707865,-0.006350757,2000s,0.019,0.023,Brain Drain
PHL,2007,89561377.0,2258.0,2258.0,82.0,73.0,9.0,0.032329496,0.036315322,0.0039858283,2000s,0.0189,0.025,Brain Gain
PHL,2008,91252326.0,2469.0,2469.0,108.0,98.0,10.0,0.039692182,0.043742407,0.0040502227,2000s,0.0189,0.027,Brain Gain
PHL,2009,92946951.0,2762.0,2762.0,103.0,111.0,-8.0,0.040188268,0.037291817,-0.0028964519,2000s,0.0186,0.03,Brain Drain
PHL,2010,94636700.0,3130.0,3130.0,146.0,109.0,37.0,0.034824282,0.046645366,0.0118210865,2010s,0.0182,0.033,Brain Gain
PHL,2011,96337913.0,3543.0,3543.0,122.0,103.0,19.0,0.02907141,0.034434095,0.005362687,2010s,0.018,0.037,Brain Gain
PHL,2012,98032317.0,3973.0,3973.0,139.0,115.0,24.0,0.02894538,0.034986157,0.006040775,2010s,0.0176,0.041,Brain Gain
PHL,2013,99700107.0,4533.0,4533.0,131.0,130.0,1.0,0.02867858,0.028899183,0.00022060446,2010s,0.017,0.045,Brain Gain
PHL,2014,101325201.0,5035.0,5035.0,153.0,141.0,12.0,0.028003972,0.03038729,0.0023833169,2010s,0.0163,0.05,Brain Gain
PHL,2015,103031365.0,5639.0,5639.0,179.0,121.0,58.0,0.021457706,0.031743217,0.010285512,2010s,0.0168,0.055,Brain Gain
PHL,2016,104875266.0,6313.0,6313.0,180.0,171.0,9.0,0.027086964,0.028512593,0.0014256296,2010s,0.0179,0.06,Brain Gain
PHL,2017,106738501.0,7188.0,7188.0,188.0,190.0,-2.0,0.026432944,0.026154703,-0.00027824152,2010s,0.0178,0.067,Brain Drain
PHL,2018,108568836.0,7979.0,7979.0,175.0,192.0,-17.0,0.024063166,0.021932572,-0.0021305927,2010s,0.0171,0.073,Brain Drain
PHL,2019,110380804.0,8796.0,8796.0,249.0,226.0,23.0,0.025693497,0.028308323,0.002614825,2010s,0.0167,0.08,Brain Gain
PHL,2020,112190977.0,9248.0,9248.0,252.0,242.0,10.0,0.02616782,0.027249135,0.0010813149,2020s,0.0164,0.082,Brain Gain
PHL,2021,113880328.0,9048.0,9048.0,225.0,233.0,-8.0,0.025751548,0.024867374,-0.0008841733,2020s,0.0151,0.079,Brain Drain
PHL,2022,115559009.0,0.0,0.0,175.0,194.0,-19.0,,,,2020s,0.0147,0.0,Brain Drain
PHL,2023,115559009.0,0.0,0.0,110.0,128.0,-18.0,,,,2020s,0.0,0.0,Brain Drain
PLW,1996,17732.0,6.0,6.0,0.0,0.0,0.0,0.0,0.0,0.0,1990s,,0.338,Balanced
PLW,1997,18297.0,4.0,4.0,0.0,2.0,-2.0,0.5,0.0,-0.5,1990s,0.0319,0.219,Brain Drain
PLW,1998,18852.0,4.0,4.0,0.0,0.0,0.0,0.0,0.0,0.0,1990s,0.0303,0.212,Balanced
PLW,1999,19380.0,,,,,,,,,1990s,0.028,,Unknown
PLW,2000,19726.0,,,,,,,,,2000s,0.0179,,Unknown
PLW,2001,19828.0,10.0,10.0,3.0,1.0,2.0,0.1,0.3,0.2,2000s,0.0052,0.504,Brain Gain
PLW,2002,19851.0,19.0,19.0,6.0,1.0,5.0,0.05263158,0.31578946,0.2631579,2000s,0.0012,0.957,Brain Gain
PLW,2003,19880.0,,,,,,,,,2000s,0.0015,,Unknown
PLW,2004,19907.0,19.0,19.0,5.0,1.0,4.0,0.05263158,0.2631579,0.21052632,2000s,0.0014,0.954,Brain Gain
PLW,2005,19831.0,21.0,21.0,3.0,2.0,1.0,0.0952381,0.14285715,0.04761905,2000s,-0.0038,1.059,Brain Gain
PLW,2006,19619.0,21.0,21.0,2.0,2.0,0.0,0.0952381,0.0952381,0.0,2000s,-0.0107,1.07,Balanced
PLW,2007,19366.0,,,,,,,,,2000s,-0.0129,,Unknown
PLW,2008,19102.0,,,,,,,,,2000s,-0.0136,,Unknown
PLW,2009,18826.0,23.0,23.0,1.0,0.0,1.0,0.0,0.04347826,0.04347826,2000s,-0.0144,1.222,Brain Gain
PLW,2010,18540.0,22.0,22.0,0.0,0.0,0.0,0.0,0.0,0.0,2010s,-0.0152,1.187,Balanced
PLW,2011,18240.0,,,,,,,,,2010s,-0.0162,,Unknown
PLW,2012,17946.0,31.0,31.0,0.0,1.0,-1.0,0.032258064,0.0,-0.032258064,2010s,-0.0161,1.727,Brain Drain
PLW,2013,17805.0,32.0,32.0,2.0,1.0,1.0,0.03125,0.0625,0.03125,2010s,-0.0079,1.797,Brain Gain
PLW,2014,17796.0,32.0,32.0,2.0,3.0,-1.0,0.09375,0.0625,-0.03125,2010s,-0.0005,1.798,Brain Drain
PLW,2015,17794.0,36.0,36.0,1.0,0.0,1.0,0.0,0.027777778,0.027777778,2010s,-0.0001,2.023,Brain Gain
PLW,2016,17816.0,45.0,45.0,4.0,2.0,2.0,0.044444446,0.08888889,0.044444446,2010s,0.0012,2.526,Brain Gain
PLW,2017,17837.0,42.0,42.0,2.0,2.0,0.0,0.04761905,0.04761905,0.0,2010s,0.0012,2.355,Balanced
PLW,2018,17864.0,42.0,42.0,0.0,1.0,-1.0,0.023809524,0.0,-0.023809524,2010s,0.0015,2.351,Brain Drain
PLW,2019,17916.0,,,,,,,,,2010s,0.0029,,Unknown
PLW,2020,17972.0,49.0,49.0,2.0,1.0,1.0,0.020408163,0.040816326,0.020408163,2020s,0.0031,2.726,Brain Gain
PLW,2021,18024.0,,,,,,,,,2020s,0.0029,,Unknown
PLW,2022,18055.0,0.0,0.0,1.0,2.0,-1.0,,,,2020s,0.0017,0.0,Brain Drain
PLW,2023,18055.0,,,,,,,,,2020s,0.0,,Unknown
PNG,1996,4785895.0,172.0,172.0,0.0,0.0,0.0,0.0,0.0,0.0,1990s,,0.036,Balanced
PNG,1997,4960439.0,195.0,195.0,7.0,14.0,-7.0,0.071794875,0.035897437,-0.035897437,1990s,0.0365,0.039,Brain Drain
PNG,1998,5138829.0,228.0,228.0,20.0,8.0,12.0,0.03508772,0.0877193,0.05263158,1990s,0.036,0.044,Brain Gain
PNG,1999,5321388.0,236.0,236.0,15.0,15.0,0.0,0.06355932,0.06355932,0.0,1990s,0.0355,0.044,Balanced
PNG,2000,5508297.0,239.0,239.0,20.0,26.0,-6.0,0.10878661,0.08368201,-0.025104603,2000s,0.0351,0.043,Brain Drain
PNG,2001,5698489.0,229.0,229.0,13.0,29.0,-16.0,0.12663755,0.05676856,-0.069869,2000s,0.0345,0.04,Brain Drain
PNG,2002,5892596.0,221.0,221.0,16.0,14.0,2.0,0.06334842,0.07239819,0.009049774,2000s,0.0341,0.038,Brain Gain
PNG,2003,6090980.0,230.0,230.0,18.0,15.0,3.0,0.06521739,0.07826087,0.013043478,2000s,0.0337,0.038,Brain Gain
PNG,2004,6293166.0,228.0,228.0,8.0,11.0,-3.0,0.048245613,0.03508772,-0.013157895,2000s,0.0332,0.036,Brain Drain
PNG,2005,6498818.0,231.0,231.0,8.0,12.0,-4.0,0.051948052,0.034632035,-0.017316017,2000s,0.0327,0.036,Brain Drain
PNG,2006,6708217.0,240.0,240.0,5.0,5.0,0.0,0.020833334,0.020833334,0.0,2000s,0.0322,0.036,Balanced
PNG,2007,6921066.0,242.0,242.0,14.0,11.0,3.0,0.045454547,0.05785124,0.012396694,2000s,0.0317,0.035,Brain Gain
PNG,2008,7137988.0,270.0,270.0,16.0,15.0,1.0,0.055555556,0.05925926,0.0037037036,2000s,0.0313,0.038,Brain Gain
PNG,2009,7358890.0,290.0,290.0,17.0,14.0,3.0,0.048275862,0.05862069,0.010344828,2000s,0.0309,0.039,Brain Gain
PNG,2010,7583269.0,295.0,295.0,17.0,21.0,-4.0,0.07118644,0.05762712,-0.013559322,2010s,0.0305,0.039,Brain Drain
PNG,2011,7806637.0,320.0,320.0,18.0,10.0,8.0,0.03125,0.05625,0.025,2010s,0.0295,0.041,Brain Gain
PNG,2012,8026545.0,373.0,373.0,32.0,11.0,21.0,0.029490616,0.08579089,0.056300268,2010s,0.0282,0.046,Brain Gain
PNG,2013,8245627.0,370.0,370.0,13.0,15.0,-2.0,0.04054054,0.035135135,-0.0054054055,2010s,0.0273,0.045,Brain Drain
PNG,2014,8464153.0,399.0,399.0,18.0,17.0,1.0,0.042606518,0.04511278,0.0025062656,2010s,0.0265,0.047,Brain Gain
PNG,2015,8682174.0,405.0,405.0,12.0,16.0,-4.0,0.039506175,0.02962963,-0.009876544,2010s,0.0258,0.047,Brain Drain
PNG,2016,8899169.0,400.0,400.0,9.0,21.0,-12.0,0.0525,0.0225,-0.03,2010s,0.025,0.045,Brain Drain
PNG,2017,9114796.0,427.0,427.0,19.0,23.0,-4.0,0.05386417,0.044496488,-0.009367681,2010s,0.0242,0.047,Brain Drain
PNG,2018,9329227.0,454.0,454.0,23.0,12.0,11.0,0.026431719,0.050660793,0.024229076,2010s,0.0235,0.049,Brain Gain
PNG,2019,9542486.0,481.0,481.0,23.0,21.0,2.0,0.043659043,0.047817048,0.004158004,2010s,0.0229,0.05,Brain Gain
PNG,2020,9749640.0,483.0,483.0,20.0,21.0,-1.0,0.04347826,0.04140787,-0.0020703934,2020s,0.0217,0.05,Brain Drain
PNG,2021,9949437.0,454.0,454.0,19.0,21.0,-2.0,0.046255507,0.04185022,-0.004405286,2020s,0.0205,0.046,Brain Drain
PNG,2022,10142619.0,0.0,0.0,16.0,15.0,1.0,,,,2020s,0.0194,0.0,Brain Gain
PNG,2023,10142619.0,,,,,,,,,2020s,0.0,,Unknown
POL,1996,38624370.0,21964.0,21964.0,0.0,0.0,0.0,0.0,0.0,0.0,1990s,,0.569,Balanced
POL,1997,38649660.0,26057.0,26057.0,408.0,331.0,77.0,0.0127029205,0.01565798,0.00295506,1990s,0.0007,0.674,Brain Gain
POL,1998,38663481.0,29807.0,29807.0,387.0,355.0,32.0,0.011909954,0.012983527,0.0010735734,1990s,0.0004,0.771,Brain Gain
POL,1999,38660271.0,32527.0,32527.0,435.0,426.0,9.0,0.013096812,0.013373505,0.0002766932,1990s,-0.0001,0.841,Brain Gain
POL,2000,38258629.0,35467.0,35467.0,464.0,420.0,44.0,0.011841994,0.013082583,0.0012405899,2000s,-0.0104,0.927,Brain Gain
POL,2001,38248076.0,38221.0,38221.0,481.0,512.0,-31.0,0.013395777,0.012584705,-0.0008110725,2000s,-0.0003,0.999,Brain Drain
POL,2002,38230364.0,41398.0,41398.0,487.0,580.0,-93.0,0.014010339,0.011763853,-0.0022464853,2000s,-0.0005,1.083,Brain Drain
POL,2003,38204570.0,44417.0,44417.0,501.0,551.0,-50.0,0.01240516,0.011279465,-0.0011256951,2000s,-0.0007,1.163,Brain Drain
POL,2004,38182222.0,47617.0,47617.0,378.0,463.0,-85.0,0.009723418,0.007938341,-0.0017850768,2000s,-0.0006,1.247,Brain Drain
POL,2005,38165445.0,50488.0,50488.0,375.0,489.0,-114.0,0.00968547,0.0074275075,-0.0022579622,2000s,-0.0004,1.323,Brain Drain
POL,2006,38141267.0,54139.0,54139.0,415.0,511.0,-96.0,0.009438667,0.007665454,-0.0017732134,2000s,-0.0006,1.419,Brain Drain
POL,2007,38120560.0,57425.0,57425.0,457.0,538.0,-81.0,0.009368742,0.007958206,-0.0014105355,2000s,-0.0005,1.506,Brain Drain
POL,2008,38125759.0,60488.0,60488.0,432.0,653.0,-221.0,0.01079553,0.0071419124,-0.0036536173,2000s,0.0001,1.587,Brain Drain
POL,2009,38151603.0,63642.0,63642.0,497.0,574.0,-77.0,0.009019202,0.0078093084,-0.0012098928,2000s,0.0007,1.668,Brain Drain
POL,2010,38042794.0,67587.0,67587.0,516.0,589.0,-73.0,0.008714694,0.0076346043,-0.0010800894,2010s,-0.0029,1.777,Brain Drain
POL,2011,38063255.0,72040.0,72040.0,567.0,540.0,27.0,0.0074958354,0.007870628,0.0003747918,2010s,0.0005,1.893,Brain Gain
POL,2012,38063164.0,76316.0,76316.0,579.0,563.0,16.0,0.0073772212,0.0075868755,0.0002096546,2010s,-0.0,2.005,Brain Gain
POL,2013,38040196.0,80684.0,80684.0,551.0,528.0,23.0,0.0065440484,0.006829111,0.0002850627,2010s,-0.0006,2.121,Brain Gain
POL,2014,38011735.0,84994.0,84994.0,570.0,584.0,-14.0,0.006871073,0.0067063556,-0.00016471751,2010s,-0.0007,2.236,Brain Drain
POL,2015,37986412.0,88356.0,88356.0,592.0,600.0,-8.0,0.00679071,0.0067001674,-9.05428e-05,2010s,-0.0007,2.326,Brain Drain
POL,2016,37970087.0,91589.0,91589.0,634.0,696.0,-62.0,0.0075991657,0.0069222287,-0.00067693717,2010s,-0.0004,2.412,Brain Drain
POL,2017,37974826.0,95640.0,95640.0,700.0,739.0,-39.0,0.0077268924,0.0073191132,-0.00040777918,2010s,0.0001,2.519,Brain Drain
POL,2018,37974750.0,99865.0,99865.0,794.0,716.0,78.0,0.0071696793,0.007950733,0.00078105443,2010s,-0.0,2.63,Brain Gain
POL,2019,37965475.0,102890.0,102890.0,868.0,754.0,114.0,0.0073282146,0.008436194,0.0011079794,2010s,-0.0002,2.71,Brain Gain
POL,2020,37899070.0,102620.0,102620.0,806.0,751.0,55.0,0.0073182615,0.0078542195,0.0005359579,2020s,-0.0017,2.708,Brain Gain
POL,2021,37747124.0,98932.0,98932.0,900.0,739.0,161.0,0.007469777,0.009097158,0.0016273804,2020s,-0.004,2.621,Brain Gain
POL,2022,36821749.0,0.0,0.0,838.0,692.0,146.0,,,,2020s,-0.0245,0.0,Brain Gain
POL,2023,36821749.0,0.0,0.0,570.0,465.0,105.0,,,,2020s,0.0,0.0,Brain Gain
PRI,1996,3724655.0,580.0,580.0,0.0,0.0,0.0,0.0,0.0,0.0,1990s,,0.156,Balanced
PRI,1997,3759430.0,718.0,718.0,54.0,33.0,21.0,0.045961004,0.07520892,0.029247912,1990s,0.0093,0.191,Brain Gain
PRI,1998,3781101.0,843.0,843.0,78.0,51.0,27.0,0.06049822,0.09252669,0.03202847,1990s,0.0058,0.223,Brain Gain
PRI,1999,3800081.0,914.0,914.0,64.0,62.0,2.0,0.0678337,0.07002188,0.0021881838,1990s,0.005,0.241,Brain Gain
PRI,2000,3810605.0,953.0,953.0,64.0,78.0,-14.0,0.081846796,0.067156345,-0.014690451,2000s,0.0028,0.25,Brain Drain
PRI,2001,3818774.0,1034.0,1034.0,83.0,83.0,0.0,0.08027079,0.08027079,0.0,2000s,0.0021,0.271,Balanced
PRI,2002,3823701.0,1060.0,1060.0,80.0,117.0,-37.0,0.11037736,0.0754717,-0.03490566,2000s,0.0013,0.277,Brain Drain
PRI,2003,3826095.0,1159.0,1159.0,110.0,89.0,21.0,0.07679033,0.09490941,0.018119069,2000s,0.0006,0.303,Brain Gain
PRI,2004,3826878.0,1243.0,1243.0,96.0,97.0,-1.0,0.07803701,0.0772325,-0.00080450525,2000s,0.0002,0.325,Brain Drain
PRI,2005,3821362.0,1369.0,1369.0,103.0,85.0,18.0,0.062089115,0.0752374,0.013148284,2000s,-0.0014,0.358,Brain Gain
PRI,2006,3805214.0,1492.0,1492.0,120.0,125.0,-5.0,0.08378016,0.08042896,-0.0033512064,2000s,-0.0042,0.392,Brain Drain
PRI,2007,3782995.0,1594.0,1594.0,125.0,114.0,11.0,0.07151819,0.078419074,0.006900878,2000s,-0.0058,0.421,Brain Gain
PRI,2008,3760866.0,1742.0,1742.0,164.0,133.0,31.0,0.07634903,0.094144665,0.017795637,2000s,-0.0058,0.463,Brain Gain
PRI,2009,3740410.0,1764.0,1764.0,128.0,190.0,-62.0,0.10770975,0.07256236,-0.03514739,2000s,-0.0054,0.472,Brain Drain
PRI,2010,3721525.0,1889.0,1889.0,176.0,139.0,37.0,0.07358391,0.09317099,0.019587083,2010s,-0.005,0.508,Brain Gain
PRI,2011,3678732.0,1901.0,1901.0,153.0,170.0,-17.0,0.089426614,0.08048396,-0.008942662,2010s,-0.0115,0.517,Brain Drain
PRI,2012,3634488.0,1935.0,1935.0,123.0,170.0,-47.0,0.087855294,0.063565895,-0.024289405,2010s,-0.012,0.532,Brain Drain
PRI,2013,3593077.0,1857.0,1857.0,110.0,243.0,-133.0,0.13085622,0.059235327,-0.0716209,2010s,-0.0114,0.517,Brain Drain
PRI,2014,3534874.0,1800.0,1800.0,143.0,221.0,-78.0,0.122777775,0.079444446,-0.043333333,2010s,-0.0162,0.509,Brain Drain
PRI,2015,3473232.0,1726.0,1726.0,165.0,255.0,-90.0,0.14774044,0.09559675,-0.052143686,2010s,-0.0174,0.497,Brain Drain
PRI,2016,3406672.0,1842.0,1842.0,255.0,239.0,16.0,0.12975027,0.13843648,0.008686211,2010s,-0.0192,0.541,Brain Gain
PRI,2017,3325286.0,1850.0,1850.0,193.0,234.0,-41.0,0.12648648,0.104324326,-0.022162162,2010s,-0.0239,0.556,Brain Drain
PRI,2018,3193354.0,1869.0,1869.0,190.0,234.0,-44.0,0.12520064,0.10165864,-0.023542002,2010s,-0.0397,0.585,Brain Drain
PRI,2019,3193694.0,1844.0,1844.0,185.0,253.0,-68.0,0.13720174,0.10032538,-0.036876354,2010s,0.0001,0.577,Brain Drain
PRI,2020,3281557.0,1895.0,1895.0,231.0,187.0,44.0,0.09868074,0.12189974,0.023218997,2020s,0.0275,0.577,Brain Gain
PRI,2021,3262693.0,1861.0,1861.0,237.0,204.0,33.0,0.109618485,0.12735088,0.017732402,2020s,-0.0057,0.57,Brain Gain
PRI,2022,3221789.0,0.0,0.0,229.0,146.0,83.0,,,,2020s,-0.0125,0.0,Brain Gain
PRI,2023,3221789.0,,,,,,,,,2020s,0.0,,Unknown
PRK,1996,22614347.0,,,,,,,,,1990s,,,Unknown
PRK,1997,22827373.0,,,,,,,,,1990s,0.0094,,Unknown
PRK,1998,23023636.0,,,,,,,,,1990s,0.0086,,Unknown
PRK,1999,23204498.0,,,,,,,,,1990s,0.0079,,Unknown
PRK,2000,23367059.0,,,,,,,,,2000s,0.007,,Unknown
PRK,2001,23512522.0,,,,,,,,,2000s,0.0062,,Unknown
PRK,2002,23638411.0,,,,,,,,,2000s,0.0054,,Unknown
PRK,2003,23781707.0,,,,,,,,,2000s,0.0061,,Unknown
PRK,2004,23948930.0,,,,,,,,,2000s,0.007,,Unknown
PRK,2005,24100982.0,4.0,4.0,0.0,0.0,0.0,0.0,0.0,0.0,2000s,0.0063,0.0,Balanced
PRK,2006,24235761.0,,,,,,,,,2000s,0.0056,,Unknown
PRK,2007,24356506.0,21.0,21.0,2.0,1.0,1.0,0.04761905,0.0952381,0.04761905,2000s,0.005,0.001,Brain Gain
PRK,2008,24469047.0,24.0,24.0,0.0,1.0,-1.0,0.041666668,0.0,-0.041666668,2000s,0.0046,0.001,Brain Drain
PRK,2009,24581509.0,22.0,22.0,3.0,5.0,-2.0,0.22727273,0.13636364,-0.09090909,2000s,0.0046,0.001,Brain Drain
PRK,2010,24686435.0,23.0,23.0,0.0,3.0,-3.0,0.13043478,0.0,-0.13043478,2010s,0.0043,0.001,Brain Drain
PRK,2011,24783789.0,,,,,,,,,2010s,0.0039,,Unknown
PRK,2012,24887770.0,33.0,33.0,1.0,1.0,0.0,0.030303031,0.030303031,0.0,2010s,0.0042,0.001,Balanced
PRK,2013,25001819.0,55.0,55.0,1.0,2.0,-1.0,0.036363635,0.018181818,-0.018181818,2010s,0.0046,0.002,Brain Drain
PRK,2014,25126131.0,104.0,104.0,4.0,2.0,2.0,0.01923077,0.03846154,0.01923077,2010s,0.005,0.004,Brain Gain
PRK,2015,25258015.0,145.0,145.0,8.0,1.0,7.0,0.0068965517,0.055172414,0.048275862,2010s,0.0052,0.006,Brain Gain
PRK,2016,25389611.0,223.0,223.0,6.0,7.0,-1.0,0.031390134,0.02690583,-0.004484305,2010s,0.0052,0.009,Brain Drain
PRK,2017,25516321.0,342.0,342.0,14.0,9.0,5.0,0.02631579,0.040935673,0.014619883,2010s,0.005,0.013,Brain Gain
PRK,2018,25638149.0,467.0,467.0,25.0,3.0,22.0,0.006423983,0.05353319,0.04710921,2010s,0.0048,0.018,Brain Gain
PRK,2019,25755441.0,582.0,582.0,21.0,13.0,8.0,0.02233677,0.036082473,0.013745705,2010s,0.0046,0.023,Brain Gain
PRK,2020,25867467.0,639.0,639.0,23.0,13.0,10.0,0.020344287,0.03599374,0.015649453,2020s,0.0043,0.025,Brain Gain
PRK,2021,25971909.0,638.0,638.0,20.0,11.0,9.0,0.01724138,0.031347964,0.014106583,2020s,0.004,0.025,Brain Gain
PRK,2022,26069416.0,0.0,0.0,21.0,14.0,7.0,,,,2020s,0.0038,0.0,Brain Gain
PRK,2023,26069416.0,,,,,,,,,2020s,0.0,,Unknown
PRT,1996,10063945.0,6327.0,6327.0,0.0,0.0,0.0,0.0,0.0,0.0,1990s,,0.629,Balanced
PRT,1997,10108977.0,7658.0,7658.0,132.0,129.0,3.0,0.01684513,0.017236877,0.0003917472,1990s,0.0045,0.758,Brain Gain
PRT,1998,10160196.0,8957.0,8957.0,206.0,153.0,53.0,0.017081613,0.022998773,0.00591716,1990s,0.0051,0.882,Brain Gain
PRT,1999,10217828.0,9891.0,9891.0,252.0,206.0,46.0,0.020827014,0.025477707,0.0046506925,1990s,0.0057,0.968,Brain Gain
PRT,2000,10289898.0,10859.0,10859.0,298.0,198.0,100.0,0.018233724,0.027442675,0.009208951,2000s,0.0071,1.055,Brain Gain
PRT,2001,10362722.0,11873.0,11873.0,314.0,319.0,-5.0,0.026867682,0.026446559,-0.00042112355,2000s,0.0071,1.146,Brain Drain
PRT,2002,10419631.0,13162.0,13162.0,373.0,274.0,99.0,0.020817505,0.028339159,0.007521653,2000s,0.0055,1.263,Brain Gain
PRT,2003,10458821.0,14550.0,14550.0,396.0,224.0,172.0,0.015395189,0.027216494,0.011821305,2000s,0.0038,1.391,Brain Gain
PRT,2004,10483861.0,16044.0,16044.0,352.0,247.0,105.0,0.015395164,0.021939665,0.0065445025,2000s,0.0024,1.53,Brain Gain
PRT,2005,10503330.0,17589.0,17589.0,319.0,270.0,49.0,0.015350503,0.018136336,0.0027858322,2000s,0.0019,1.675,Brain Gain
PRT,2006,10522288.0,19482.0,19482.0,359.0,285.0,74.0,0.014628888,0.018427266,0.003798378,2000s,0.0018,1.851,Brain Gain
PRT,2007,10542964.0,21514.0,21514.0,381.0,307.0,74.0,0.014269778,0.017709399,0.0034396206,2000s,0.002,2.041,Brain Gain
PRT,2008,10558177.0,23778.0,23778.0,464.0,367.0,97.0,0.015434436,0.019513836,0.004079401,2000s,0.0014,2.252,Brain Gain
PRT,2009,10568247.0,26359.0,26359.0,526.0,427.0,99.0,0.0161994,0.019955233,0.003755833,2000s,0.001,2.494,Brain Gain
PRT,2010,10573100.0,29101.0,29101.0,632.0,493.0,139.0,0.016940998,0.021717466,0.004776468,2010s,0.0005,2.752,Brain Gain
PRT,2011,10557560.0,31934.0,31934.0,695.0,529.0,166.0,0.016565416,0.021763638,0.005198221,2010s,-0.0015,3.025,Brain Gain
PRT,2012,10514844.0,34908.0,34908.0,660.0,573.0,87.0,0.016414575,0.018906841,0.0024922653,2010s,-0.004,3.32,Brain Gain
PRT,2013,10457295.0,37572.0,37572.0,669.0,626.0,43.0,0.016661344,0.017805813,0.0011444692,2010s,-0.0055,3.593,Brain Gain
PRT,2014,10401062.0,39777.0,39777.0,671.0,844.0,-173.0,0.021218292,0.016869046,-0.004349247,2010s,-0.0054,3.824,Brain Drain
PRT,2015,10358076.0,41592.0,41592.0,708.0,971.0,-263.0,0.023345836,0.017022504,-0.0063233315,2010s,-0.0041,4.015,Brain Drain
PRT,2016,10325452.0,43416.0,43416.0,729.0,950.0,-221.0,0.021881334,0.016791046,-0.0050902893,2010s,-0.0031,4.205,Brain Drain
PRT,2017,10300300.0,45494.0,45494.0,752.0,1030.0,-278.0,0.022640347,0.016529651,-0.006110696,2010s,-0.0024,4.417,Brain Drain
PRT,2018,10283822.0,47866.0,47866.0,827.0,932.0,-105.0,0.019471023,0.0172774,-0.002193624,2010s,-0.0016,4.654,Brain Drain
PRT,2019,10286263.0,50091.0,50091.0,897.0,938.0,-41.0,0.018725919,0.017907409,-0.0008185103,2010s,0.0002,4.87,Brain Drain
PRT,2020,10297081.0,50784.0,50784.0,1017.0,978.0,39.0,0.019258033,0.020025993,0.0007679584,2020s,0.0011,4.932,Brain Gain
PRT,2021,10361831.0,49363.0,49363.0,972.0,920.0,52.0,0.018637441,0.019690862,0.0010534206,2020s,0.0063,4.764,Brain Gain
PRT,2022,10409704.0,0.0,0.0,904.0,808.0,96.0,,,,2020s,0.0046,0.0,Brain Gain
PRT,2023,10409704.0,0.0,0.0,498.0,489.0,9.0,,,,2020s,0.0,0.0,Brain Gain
PRY,1996,4711655.0,54.0,54.0,0.0,0.0,0.0,0.0,0.0,0.0,1990s,,0.011,Balanced
PRY,1997,4818289.0,65.0,65.0,3.0,1.0,2.0,0.015384615,0.046153847,0.03076923,1990s,0.0226,0.013,Brain Gain
PRY,1998,4923449.0,74.0,74.0,2.0,0.0,2.0,0.0,0.027027028,0.027027028,1990s,0.0218,0.015,Brain Gain
PRY,1999,5026031.0,73.0,73.0,1.0,4.0,-3.0,0.05479452,0.01369863,-0.04109589,1990s,0.0208,0.015,Brain Drain
PRY,2000,5123819.0,69.0,69.0,2.0,3.0,-1.0,0.04347826,0.028985508,-0.014492754,2000s,0.0195,0.013,Brain Drain
PRY,2001,5211541.0,73.0,73.0,5.0,2.0,3.0,0.02739726,0.06849315,0.04109589,2000s,0.0171,0.014,Brain Gain
PRY,2002,5286512.0,79.0,79.0,3.0,9.0,-6.0,0.11392405,0.03797468,-0.07594936,2000s,0.0144,0.015,Brain Drain
PRY,2003,5353254.0,98.0,98.0,6.0,3.0,3.0,0.030612245,0.06122449,0.030612245,2000s,0.0126,0.018,Brain Gain
PRY,2004,5416324.0,127.0,127.0,7.0,4.0,3.0,0.031496063,0.05511811,0.023622047,2000s,0.0118,0.023,Brain Gain
PRY,2005,5476878.0,143.0,143.0,9.0,4.0,5.0,0.027972028,0.062937066,0.034965035,2000s,0.0112,0.026,Brain Gain
PRY,2006,5534675.0,156.0,156.0,7.0,5.0,2.0,0.032051284,0.044871796,0.012820513,2000s,0.0106,0.028,Brain Gain
PRY,2007,5590145.0,181.0,181.0,10.0,7.0,3.0,0.038674034,0.055248618,0.016574586,2000s,0.01,0.032,Brain Gain
PRY,2008,5645148.0,199.0,199.0,14.0,9.0,5.0,0.04522613,0.07035176,0.025125628,2000s,0.0098,0.035,Brain Gain
PRY,2009,5702574.0,223.0,223.0,12.0,11.0,1.0,0.049327355,0.05381166,0.004484305,2000s,0.0102,0.039,Brain Gain
PRY,2010,5768613.0,249.0,249.0,5.0,11.0,-6.0,0.044176705,0.02008032,-0.024096385,2010s,0.0116,0.043,Brain Drain
PRY,2011,5843939.0,280.0,280.0,19.0,12.0,7.0,0.042857144,0.067857146,0.025,2010s,0.0131,0.048,Brain Gain
PRY,2012,5923322.0,298.0,298.0,12.0,10.0,2.0,0.033557046,0.040268455,0.0067114094,2010s,0.0136,0.05,Brain Gain
PRY,2013,6005652.0,327.0,327.0,12.0,11.0,1.0,0.033639144,0.036697246,0.003058104,2010s,0.0139,0.054,Brain Gain
PRY,2014,6090721.0,382.0,382.0,18.0,11.0,7.0,0.028795812,0.04712042,0.018324608,2010s,0.0142,0.063,Brain Gain
PRY,2015,6177950.0,450.0,450.0,22.0,7.0,15.0,0.015555556,0.04888889,0.033333335,2010s,0.0143,0.073,Brain Gain
PRY,2016,6266615.0,517.0,517.0,20.0,17.0,3.0,0.032882012,0.03868472,0.0058027077,2010s,0.0144,0.083,Brain Gain
PRY,2017,6355404.0,632.0,632.0,30.0,13.0,17.0,0.02056962,0.047468353,0.026898734,2010s,0.0142,0.099,Brain Gain
PRY,2018,6443328.0,691.0,691.0,24.0,13.0,11.0,0.018813314,0.03473227,0.015918959,2010s,0.0138,0.107,Brain Gain
PRY,2019,6530026.0,758.0,758.0,30.0,24.0,6.0,0.03166227,0.039577838,0.007915568,2010s,0.0135,0.116,Brain Gain
PRY,2020,6618695.0,805.0,805.0,38.0,20.0,18.0,0.024844721,0.047204968,0.022360248,2020s,0.0136,0.122,Brain Gain
PRY,2021,6703799.0,820.0,820.0,41.0,18.0,23.0,0.021951219,0.05,0.02804878,2020s,0.0129,0.122,Brain Gain
PRY,2022,6780744.0,0.0,0.0,26.0,18.0,8.0,,,,2020s,0.0115,0.0,Brain Gain
PRY,2023,6780744.0,,,,,,,,,2020s,0.0,,Unknown
PSE,1996,2587997.0,49.0,49.0,0.0,0.0,0.0,0.0,0.0,0.0,1990s,,0.019,Balanced
PSE,1997,2706518.0,66.0,66.0,6.0,1.0,5.0,0.015151516,0.09090909,0.07575758,1990s,0.0458,0.024,Brain Gain
PSE,1998,2776568.0,84.0,84.0,10.0,6.0,4.0,0.071428575,0.11904762,0.04761905,1990s,0.0259,0.03,Brain Gain
PSE,1999,2848431.0,97.0,97.0,7.0,10.0,-3.0,0.10309278,0.072164945,-0.030927835,1990s,0.0259,0.034,Brain Drain
PSE,2000,2922153.0,134.0,134.0,15.0,6.0,9.0,0.04477612,0.1119403,0.06716418,2000s,0.0259,0.046,Brain Gain
PSE,2001,2997784.0,171.0,171.0,27.0,7.0,20.0,0.040935673,0.15789473,0.116959065,2000s,0.0259,0.057,Brain Gain
PSE,2002,3075373.0,200.0,200.0,24.0,11.0,13.0,0.055,0.12,0.065,2000s,0.0259,0.065,Brain Gain
PSE,2003,3154969.0,233.0,233.0,24.0,11.0,13.0,0.047210302,0.10300429,0.055793993,2000s,0.0259,0.074,Brain Gain
PSE,2004,3236626.0,273.0,273.0,21.0,15.0,6.0,0.054945055,0.07692308,0.021978023,2000s,0.0259,0.084,Brain Gain
PSE,2005,3320396.0,340.0,340.0,37.0,21.0,16.0,0.061764706,0.10882353,0.047058824,2000s,0.0259,0.102,Brain Gain
PSE,2006,3406334.0,387.0,387.0,38.0,16.0,22.0,0.04134367,0.09819122,0.056847546,2000s,0.0259,0.114,Brain Gain
PSE,2007,3494496.0,432.0,432.0,34.0,11.0,23.0,0.025462963,0.0787037,0.053240743,2000s,0.0259,0.124,Brain Gain
PSE,2008,3591977.0,474.0,474.0,31.0,28.0,3.0,0.05907173,0.06540085,0.006329114,2000s,0.0279,0.132,Brain Gain
PSE,2009,3689099.0,531.0,531.0,39.0,24.0,15.0,0.04519774,0.073446326,0.028248588,2000s,0.027,0.144,Brain Gain
PSE,2010,3786161.0,578.0,578.0,55.0,39.0,16.0,0.067474045,0.09515571,0.027681662,2010s,0.0263,0.153,Brain Gain
PSE,2011,3882986.0,655.0,655.0,55.0,41.0,14.0,0.06259542,0.08396947,0.021374045,2010s,0.0256,0.169,Brain Gain
PSE,2012,3979998.0,749.0,749.0,64.0,30.0,34.0,0.040053405,0.08544727,0.045393858,2010s,0.025,0.188,Brain Gain
PSE,2013,4076708.0,808.0,808.0,55.0,44.0,11.0,0.054455444,0.06806931,0.013613861,2010s,0.0243,0.198,Brain Gain
PSE,2014,4173398.0,898.0,898.0,65.0,33.0,32.0,0.03674833,0.072383076,0.035634745,2010s,0.0237,0.215,Brain Gain
PSE,2015,4270092.0,997.0,997.0,69.0,57.0,12.0,0.057171516,0.06920762,0.012036108,2010s,0.0232,0.233,Brain Gain
PSE,2016,4367088.0,1169.0,1169.0,111.0,34.0,77.0,0.029084688,0.09495295,0.065868266,2010s,0.0227,0.268,Brain Gain
PSE,2017,4454805.0,1333.0,1333.0,74.0,52.0,22.0,0.039009754,0.055513877,0.016504126,2010s,0.0201,0.299,Brain Gain
PSE,2018,4569087.0,1546.0,1546.0,94.0,51.0,43.0,0.03298836,0.06080207,0.027813712,2010s,0.0257,0.338,Brain Gain
PSE,2019,4685306.0,1806.0,1806.0,117.0,51.0,66.0,0.028239202,0.06478405,0.036544852,2010s,0.0254,0.385,Brain Gain
PSE,2020,4803269.0,1960.0,1960.0,109.0,68.0,41.0,0.03469388,0.055612244,0.020918367,2020s,0.0252,0.408,Brain Gain
PSE,2021,4922749.0,1965.0,1965.0,117.0,69.0,48.0,0.035114504,0.059541985,0.024427481,2020s,0.0249,0.399,Brain Gain
PSE,2022,5043612.0,0.0,0.0,103.0,41.0,62.0,,,,2020s,0.0246,0.0,Brain Gain
PSE,2023,5043612.0,0.0,0.0,44.0,29.0,15.0,,,,2020s,0.0,0.0,Brain Gain
PYF,1996,235189.0,58.0,58.0,0.0,0.0,0.0,0.0,0.0,0.0,1990s,,0.247,Balanced
PYF,1997,239036.0,68.0,68.0,7.0,9.0,-2.0,0.13235295,0.10294118,-0.029411765,1990s,0.0164,0.284,Brain Drain
PYF,1998,242882.0,79.0,79.0,4.0,6.0,-2.0,0.07594936,0.050632913,-0.025316456,1990s,0.0161,0.325,Brain Drain
PYF,1999,246821.0,85.0,85.0,13.0,9.0,4.0,0.105882354,0.15294118,0.047058824,1990s,0.0162,0.344,Brain Gain
PYF,2000,250927.0,84.0,84.0,3.0,12.0,-9.0,0.14285715,0.035714287,-0.10714286,2000s,0.0166,0.335,Brain Drain
PYF,2001,255049.0,87.0,87.0,10.0,13.0,-3.0,0.14942528,0.11494253,-0.03448276,2000s,0.0164,0.341,Brain Drain
PYF,2002,259137.0,89.0,89.0,10.0,13.0,-3.0,0.14606741,0.11235955,-0.033707865,2000s,0.016,0.343,Brain Drain
PYF,2003,263173.0,89.0,89.0,10.0,11.0,-1.0,0.123595506,0.11235955,-0.011235955,2000s,0.0156,0.338,Brain Drain
PYF,2004,267132.0,84.0,84.0,6.0,11.0,-5.0,0.13095239,0.071428575,-0.05952381,2000s,0.015,0.314,Brain Drain
PYF,2005,271060.0,88.0,88.0,7.0,10.0,-3.0,0.11363637,0.07954545,-0.03409091,2000s,0.0147,0.325,Brain Drain
PYF,2006,274901.0,105.0,105.0,14.0,7.0,7.0,0.06666667,0.13333334,0.06666667,2000s,0.0142,0.382,Brain Gain
PYF,2007,278178.0,112.0,112.0,9.0,11.0,-2.0,0.09821428,0.08035714,-0.017857144,2000s,0.0119,0.403,Brain Drain
PYF,2008,280558.0,114.0,114.0,14.0,12.0,2.0,0.10526316,0.12280702,0.01754386,2000s,0.0086,0.406,Brain Gain
PYF,2009,282283.0,125.0,125.0,17.0,10.0,7.0,0.08,0.136,0.056,2000s,0.0061,0.443,Brain Gain
PYF,2010,283788.0,138.0,138.0,10.0,7.0,3.0,0.050724637,0.072463766,0.02173913,2010s,0.0053,0.486,Brain Gain
PYF,2011,285265.0,150.0,150.0,20.0,11.0,9.0,0.07333333,0.13333334,0.06,2010s,0.0052,0.526,Brain Gain
PYF,2012,286584.0,177.0,177.0,26.0,12.0,14.0,0.06779661,0.14689265,0.07909604,2010s,0.0046,0.618,Brain Gain
PYF,2013,288032.0,190.0,190.0,19.0,20.0,-1.0,0.10526316,0.1,-0.005263158,2010s,0.0051,0.66,Brain Drain
PYF,2014,289873.0,213.0,213.0,23.0,14.0,9.0,0.065727696,0.10798122,0.04225352,2010s,0.0064,0.735,Brain Gain
PYF,2015,291787.0,221.0,221.0,28.0,19.0,9.0,0.08597285,0.12669684,0.040723983,2010s,0.0066,0.757,Brain Gain
PYF,2016,293541.0,225.0,225.0,19.0,24.0,-5.0,0.10666667,0.08444444,-0.022222223,2010s,0.006,0.767,Brain Drain
PYF,2017,295450.0,217.0,217.0,20.0,32.0,-12.0,0.14746544,0.0921659,-0.05529954,2010s,0.0065,0.734,Brain Drain
PYF,2018,297606.0,236.0,236.0,40.0,24.0,16.0,0.10169491,0.16949153,0.06779661,2010s,0.0073,0.793,Brain Gain
PYF,2019,299717.0,244.0,244.0,24.0,21.0,3.0,0.086065575,0.09836066,0.012295082,2010s,0.0071,0.814,Brain Gain
PYF,2020,301920.0,236.0,236.0,21.0,23.0,-2.0,0.097457625,0.08898305,-0.008474576,2020s,0.0074,0.782,Brain Drain
PYF,2021,304032.0,221.0,221.0,26.0,28.0,-2.0,0.12669684,0.11764706,-0.009049774,2020s,0.007,0.727,Brain Drain
PYF,2022,306279.0,0.0,0.0,16.0,12.0,4.0,,,,2020s,0.0074,0.0,Brain Gain
PYF,2023,306279.0,0.0,0.0,10.0,11.0,-1.0,,,,2020s,0.0,0.0,Brain Drain
QAT,1996,529265.0,94.0,94.0,0.0,0.0,0.0,0.0,0.0,0.0,1990s,,0.178,Balanced
QAT,1997,550591.0,118.0,118.0,9.0,5.0,4.0,0.042372882,0.076271184,0.033898305,1990s,0.0403,0.214,Brain Gain
QAT,1998,580997.0,150.0,150.0,15.0,10.0,5.0,0.06666667,0.1,0.033333335,1990s,0.0552,0.258,Brain Gain
QAT,1999,613302.0,189.0,189.0,12.0,8.0,4.0,0.04232804,0.06349207,0.02116402,1990s,0.0556,0.308,Brain Gain
QAT,2000,645937.0,231.0,231.0,8.0,8.0,0.0,0.034632035,0.034632035,0.0,2000s,0.0532,0.358,Balanced
QAT,2001,678831.0,287.0,287.0,23.0,12.0,11.0,0.041811846,0.080139376,0.038327526,2000s,0.0509,0.423,Brain Gain
QAT,2002,713186.0,333.0,333.0,14.0,9.0,5.0,0.027027028,0.042042043,0.015015015,2000s,0.0506,0.467,Brain Gain
QAT,2003,748525.0,396.0,396.0,21.0,13.0,8.0,0.032828283,0.053030305,0.02020202,2000s,0.0496,0.529,Brain Gain
QAT,2004,777943.0,475.0,475.0,33.0,8.0,25.0,0.016842104,0.069473684,0.05263158,2000s,0.0393,0.611,Brain Gain
QAT,2005,848710.0,517.0,517.0,24.0,15.0,9.0,0.029013539,0.046421662,0.017408123,2000s,0.091,0.609,Brain Gain
QAT,2006,1015060.0,610.0,610.0,40.0,13.0,27.0,0.021311475,0.06557377,0.044262294,2000s,0.196,0.601,Brain Gain
QAT,2007,1231893.0,676.0,676.0,46.0,24.0,22.0,0.03550296,0.06804734,0.03254438,2000s,0.2136,0.549,Brain Gain
QAT,2008,1444277.0,811.0,811.0,73.0,19.0,54.0,0.023427866,0.09001233,0.06658446,2000s,0.1724,0.562,Brain Gain
QAT,2009,1610274.0,913.0,913.0,60.0,29.0,31.0,0.031763416,0.065717414,0.033954,2000s,0.1149,0.567,Brain Gain
QAT,2010,1713504.0,1093.0,1093.0,100.0,27.0,73.0,0.024702653,0.09149131,0.06678866,2010s,0.0641,0.638,Brain Gain
QAT,2011,1804171.0,1297.0,1297.0,123.0,43.0,80.0,0.03315343,0.09483423,0.0616808,2010s,0.0529,0.719,Brain Gain
QAT,2012,1905660.0,1613.0,1613.0,153.0,45.0,108.0,0.027898327,0.09485431,0.06695598,2010s,0.0563,0.846,Brain Gain
QAT,2013,2035501.0,2030.0,2030.0,203.0,57.0,146.0,0.028078817,0.1,0.071921185,2010s,0.0681,0.997,Brain Gain
QAT,2014,2214465.0,2562.0,2562.0,307.0,81.0,226.0,0.031615924,0.11982826,0.08821233,2010s,0.0879,1.157,Brain Gain
QAT,2015,2414573.0,3050.0,3050.0,352.0,118.0,234.0,0.038688526,0.115409836,0.07672131,2010s,0.0904,1.263,Brain Gain
QAT,2016,2595166.0,3601.0,3601.0,372.0,143.0,229.0,0.039711192,0.10330464,0.06359345,2010s,0.0748,1.388,Brain Gain
QAT,2017,2711755.0,4090.0,4090.0,297.0,187.0,110.0,0.04572127,0.07261614,0.026894866,2010s,0.0449,1.508,Brain Gain
QAT,2018,2766732.0,4758.0,4758.0,307.0,218.0,89.0,0.04581757,0.06452291,0.018705338,2010s,0.0203,1.72,Brain Gain
QAT,2019,2807235.0,5499.0,5499.0,346.0,217.0,129.0,0.03946172,0.06292053,0.02345881,2010s,0.0146,1.959,Brain Gain
QAT,2020,2760385.0,5847.0,5847.0,333.0,225.0,108.0,0.038481273,0.056952283,0.01847101,2020s,-0.0167,2.118,Brain Gain
QAT,2021,2688235.0,5764.0,5764.0,277.0,251.0,26.0,0.043546148,0.048056904,0.0045107566,2020s,-0.0261,2.144,Brain Gain
QAT,2022,2695122.0,0.0,0.0,271.0,236.0,35.0,,,,2020s,0.0026,0.0,Brain Gain
QAT,2023,2695122.0,0.0,0.0,195.0,153.0,42.0,,,,2020s,0.0,0.0,Brain Gain
REU,1996,,15.0,15.0,0.0,0.0,0.0,0.0,0.0,0.0,1990s,,,Balanced
REU,1997,,15.0,15.0,4.0,7.0,-3.0,0.46666667,0.26666668,-0.2,1990s,,,Brain Drain
REU,1998,,15.0,15.0,1.0,5.0,-4.0,0.33333334,0.06666667,-0.26666668,1990s,,,Brain Drain
REU,1999,,19.0,19.0,4.0,2.0,2.0,0.10526316,0.21052632,0.10526316,1990s,,,Brain Gain
REU,2000,,26.0,26.0,7.0,3.0,4.0,0.115384616,0.26923078,0.15384616,2000s,,,Brain Gain
REU,2001,,21.0,21.0,3.0,9.0,-6.0,0.42857143,0.14285715,-0.2857143,2000s,,,Brain Drain
REU,2002,,18.0,18.0,3.0,6.0,-3.0,0.33333334,0.16666667,-0.16666667,2000s,,,Brain Drain
REU,2003,,20.0,20.0,6.0,4.0,2.0,0.2,0.3,0.1,2000s,,,Brain Gain
REU,2004,,45.0,45.0,13.0,5.0,8.0,0.11111111,0.2888889,0.17777778,2000s,,,Brain Gain
REU,2005,,66.0,66.0,14.0,4.0,10.0,0.060606062,0.21212122,0.15151516,2000s,,,Brain Gain
REU,2006,,98.0,98.0,26.0,8.0,18.0,0.08163265,0.26530612,0.18367347,2000s,,,Brain Gain
REU,2007,,117.0,117.0,34.0,23.0,11.0,0.1965812,0.2905983,0.094017096,2000s,,,Brain Gain
REU,2008,,116.0,116.0,16.0,29.0,-13.0,0.25,0.13793103,-0.112068966,2000s,,,Brain Drain
REU,2009,,122.0,122.0,27.0,23.0,4.0,0.18852459,0.22131148,0.032786883,2000s,,,Brain Gain
REU,2010,,132.0,132.0,33.0,36.0,-3.0,0.27272728,0.25,-0.022727273,2010s,,,Brain Drain
REU,2011,,123.0,123.0,30.0,41.0,-11.0,0.33333334,0.24390244,-0.08943089,2010s,,,Brain Drain
REU,2012,,113.0,113.0,21.0,31.0,-10.0,0.27433628,0.18584071,-0.088495575,2010s,,,Brain Drain
REU,2013,,113.0,113.0,29.0,32.0,-3.0,0.28318584,0.25663716,-0.026548672,2010s,,,Brain Drain
REU,2014,,105.0,105.0,21.0,31.0,-10.0,0.2952381,0.2,-0.0952381,2010s,,,Brain Drain
REU,2015,,108.0,108.0,31.0,37.0,-6.0,0.3425926,0.28703704,-0.055555556,2010s,,,Brain Drain
REU,2016,,92.0,92.0,25.0,41.0,-16.0,0.4456522,0.27173913,-0.17391305,2010s,,,Brain Drain
REU,2017,,92.0,92.0,31.0,30.0,1.0,0.32608697,0.33695653,0.010869565,2010s,,,Brain Gain
REU,2018,,97.0,97.0,33.0,26.0,7.0,0.26804122,0.34020618,0.072164945,2010s,,,Brain Gain
REU,2019,,84.0,84.0,21.0,38.0,-17.0,0.45238096,0.25,-0.20238096,2010s,,,Brain Drain
REU,2020,,100.0,100.0,32.0,18.0,14.0,0.18,0.32,0.14,2020s,,,Brain Gain
REU,2021,,98.0,98.0,32.0,23.0,9.0,0.23469388,0.3265306,0.091836736,2020s,,,Brain Gain
REU,2022,,0.0,0.0,21.0,29.0,-8.0,,,,2020s,,,Brain Drain
ROU,1996,22619004.0,4411.0,4411.0,0.0,0.0,0.0,0.0,0.0,0.0,1990s,,0.195,Balanced
ROU,1997,22553978.0,5369.0,5369.0,92.0,82.0,10.0,0.015272862,0.017135408,0.0018625442,1990s,-0.0029,0.238,Brain Gain
ROU,1998,22507344.0,6067.0,6067.0,89.0,149.0,-60.0,0.02455909,0.014669524,-0.009889566,1990s,-0.0021,0.27,Brain Drain
ROU,1999,22472040.0,6628.0,6628.0,112.0,137.0,-25.0,0.020669885,0.016898008,-0.003771877,1990s,-0.0016,0.295,Brain Drain
ROU,2000,22442971.0,6920.0,6920.0,95.0,187.0,-92.0,0.027023122,0.013728323,-0.013294797,2000s,-0.0013,0.308,Brain Drain
ROU,2001,22131970.0,7322.0,7322.0,124.0,217.0,-93.0,0.02963671,0.016935263,-0.012701448,2000s,-0.0139,0.331,Brain Drain
ROU,2002,21730496.0,7726.0,7726.0,115.0,238.0,-123.0,0.030805074,0.014884804,-0.015920268,2000s,-0.0181,0.356,Brain Drain
ROU,2003,21574326.0,8248.0,8248.0,135.0,204.0,-69.0,0.02473327,0.016367605,-0.008365665,2000s,-0.0072,0.382,Brain Drain
ROU,2004,21451748.0,8907.0,8907.0,136.0,173.0,-37.0,0.019422926,0.015268889,-0.0041540363,2000s,-0.0057,0.415,Brain Drain
ROU,2005,21319685.0,9979.0,9979.0,154.0,158.0,-4.0,0.01583325,0.015432408,-0.00040084176,2000s,-0.0062,0.468,Brain Drain
ROU,2006,21193760.0,12419.0,12419.0,161.0,178.0,-17.0,0.0143328775,0.0129640065,-0.0013688703,2000s,-0.0059,0.586,Brain Drain
ROU,2007,20882982.0,15288.0,15288.0,207.0,183.0,24.0,0.011970173,0.013540031,0.0015698588,2000s,-0.0147,0.732,Brain Gain
ROU,2008,20537875.0,17708.0,17708.0,255.0,164.0,91.0,0.009261351,0.014400271,0.00513892,2000s,-0.0165,0.862,Brain Gain
ROU,2009,20367487.0,20118.0,20118.0,238.0,168.0,70.0,0.008350731,0.011830201,0.0034794712,2000s,-0.0083,0.988,Brain Gain
ROU,2010,20246871.0,22036.0,22036.0,218.0,219.0,-1.0,0.009938283,0.009892902,-4.5380286e-05,2010s,-0.0059,1.088,Brain Drain
ROU,2011,20147528.0,23767.0,23767.0,229.0,221.0,8.0,0.009298608,0.009635208,0.00033660117,2010s,-0.0049,1.18,Brain Gain
ROU,2012,20058035.0,24980.0,24980.0,221.0,232.0,-11.0,0.00928743,0.008847077,-0.00044035228,2010s,-0.0044,1.245,Brain Drain
ROU,2013,19983693.0,26162.0,26162.0,211.0,228.0,-17.0,0.00871493,0.008065132,-0.00064979744,2010s,-0.0037,1.309,Brain Drain
ROU,2014,19908979.0,26936.0,26936.0,193.0,261.0,-68.0,0.009689635,0.007165132,-0.0025245026,2010s,-0.0037,1.353,Brain Drain
ROU,2015,19815616.0,27566.0,27566.0,242.0,264.0,-22.0,0.009577015,0.008778931,-0.0007980846,2010s,-0.0047,1.391,Brain Drain
ROU,2016,19702267.0,28060.0,28060.0,212.0,242.0,-30.0,0.008624377,0.007555239,-0.0010691376,2010s,-0.0057,1.424,Brain Drain
ROU,2017,19588715.0,29084.0,29084.0,222.0,243.0,-21.0,0.008355109,0.007633063,-0.0007220465,2010s,-0.0058,1.485,Brain Drain
ROU,2018,19473970.0,30069.0,30069.0,227.0,209.0,18.0,0.00695068,0.007549303,0.0005986232,2010s,-0.0059,1.544,Brain Gain
ROU,2019,19371648.0,31086.0,31086.0,261.0,219.0,42.0,0.007044972,0.008396063,0.0013510905,2010s,-0.0053,1.605,Brain Gain
ROU,2020,19265250.0,31685.0,31685.0,239.0,248.0,-9.0,0.007827047,0.0075430013,-0.00028404608,2020s,-0.0055,1.645,Brain Drain
ROU,2021,19122059.0,30743.0,30743.0,212.0,233.0,-21.0,0.007578961,0.006895879,-0.0006830823,2020s,-0.0074,1.608,Brain Drain
ROU,2022,19047009.0,0.0,0.0,175.0,195.0,-20.0,,,,2020s,-0.0039,0.0,Brain Drain
ROU,2023,19047009.0,0.0,0.0,101.0,140.0,-39.0,,,,2020s,0.0,0.0,Brain Drain
RUS,1996,148160129.0,61173.0,61173.0,0.0,0.0,0.0,0.0,0.0,0.0,1990s,,0.413,Balanced
RUS,1997,147915361.0,70212.0,70212.0,816.0,1000.0,-184.0,0.014242579,0.011621945,-0.0026206346,1990s,-0.0017,0.475,Brain Drain
RUS,1998,147670784.0,78069.0,78069.0,872.0,1108.0,-236.0,0.014192573,0.011169607,-0.003022967,1990s,-0.0017,0.529,Brain Drain
RUS,1999,147214776.0,82135.0,82135.0,797.0,1335.0,-538.0,0.016253728,0.0097035365,-0.006550192,1990s,-0.0031,0.558,Brain Drain
RUS,2000,146596869.0,84672.0,84672.0,840.0,1541.0,-701.0,0.018199641,0.009920635,-0.008279006,2000s,-0.0042,0.578,Brain Drain
RUS,2001,145976482.0,85815.0,85815.0,1003.0,1709.0,-706.0,0.019914933,0.0116879335,-0.008227,2000s,-0.0042,0.588,Brain Drain
RUS,2002,145306497.0,86523.0,86523.0,1131.0,1648.0,-517.0,0.019046959,0.013071669,-0.0059752897,2000s,-0.0046,0.595,Brain Drain
RUS,2003,144648618.0,87581.0,87581.0,1109.0,1410.0,-301.0,0.016099382,0.0126625635,-0.0034368185,2000s,-0.0045,0.605,Brain Drain
RUS,2004,144067316.0,88056.0,88056.0,937.0,1132.0,-195.0,0.012855455,0.0106409555,-0.0022144997,2000s,-0.004,0.611,Brain Drain
RUS,2005,143518814.0,89290.0,89290.0,874.0,1008.0,-134.0,0.011289058,0.00978833,-0.001500728,2000s,-0.0038,0.622,Brain Drain
RUS,2006,143049637.0,91601.0,91601.0,800.0,963.0,-163.0,0.010512985,0.008733529,-0.0017794565,2000s,-0.0033,0.64,Brain Drain
RUS,2007,142805114.0,94597.0,94597.0,721.0,915.0,-194.0,0.009672611,0.007621806,-0.002050805,2000s,-0.0017,0.662,Brain Drain
RUS,2008,142742366.0,97858.0,97858.0,730.0,901.0,-171.0,0.009207219,0.0074597886,-0.00174743,2000s,-0.0004,0.686,Brain Drain
RUS,2009,142785349.0,102534.0,102534.0,759.0,898.0,-139.0,0.008758071,0.007402423,-0.0013556479,2000s,0.0003,0.718,Brain Drain
RUS,2010,142849468.0,107237.0,107237.0,769.0,908.0,-139.0,0.008467227,0.0071710325,-0.0012961944,2010s,0.0004,0.751,Brain Drain
RUS,2011,142960908.0,114343.0,114343.0,733.0,924.0,-191.0,0.008080949,0.006410537,-0.0016704127,2010s,0.0008,0.8,Brain Drain
RUS,2012,143201721.0,123653.0,123653.0,722.0,874.0,-152.0,0.0070681665,0.0058389204,-0.0012292464,2010s,0.0017,0.863,Brain Drain
RUS,2013,143506995.0,136775.0,136775.0,802.0,849.0,-47.0,0.0062072747,0.0058636446,-0.00034363006,2010s,0.0021,0.953,Brain Drain
RUS,2014,143819667.0,152151.0,152151.0,964.0,932.0,32.0,0.006125494,0.006335811,0.00021031738,2010s,0.0022,1.058,Brain Gain
RUS,2015,144096870.0,166465.0,166465.0,1165.0,943.0,222.0,0.0056648543,0.006998468,0.0013336136,2010s,0.0019,1.155,Brain Gain
RUS,2016,144342397.0,180738.0,180738.0,1192.0,956.0,236.0,0.0052894247,0.0065951818,0.0013057576,2010s,0.0017,1.252,Brain Gain
RUS,2017,144496739.0,197096.0,197096.0,1247.0,1066.0,181.0,0.005408532,0.006326866,0.00091833423,2010s,0.0011,1.364,Brain Gain
RUS,2018,144477859.0,207684.0,207684.0,1088.0,1232.0,-144.0,0.005932089,0.005238728,-0.00069336104,2010s,-0.0001,1.437,Brain Drain
RUS,2019,144406261.0,212953.0,212953.0,1053.0,1213.0,-160.0,0.0056960927,0.004944753,-0.0007513395,2010s,-0.0005,1.475,Brain Drain
RUS,2020,144073139.0,212216.0,212216.0,1034.0,1328.0,-294.0,0.0062577752,0.0048723943,-0.001385381,2020s,-0.0023,1.473,Brain Drain
RUS,2021,144130482.0,202010.0,202010.0,951.0,1312.0,-361.0,0.006494728,0.0047076875,-0.0017870403,2020s,0.0004,1.402,Brain Drain
RUS,2022,144236933.0,0.0,0.0,714.0,1257.0,-543.0,,,,2020s,0.0007,0.0,Brain Drain
RUS,2023,144236933.0,0.0,0.0,448.0,1318.0,-870.0,,,,2020s,0.0,0.0,Brain Drain
RWA,1996,6715510.0,21.0,21.0,0.0,0.0,0.0,0.0,0.0,0.0,1990s,,0.003,Balanced
RWA,1997,7666732.0,29.0,29.0,8.0,3.0,5.0,0.10344828,0.27586207,0.1724138,1990s,0.1416,0.004,Brain Gain
RWA,1998,7914645.0,28.0,28.0,2.0,5.0,-3.0,0.17857143,0.071428575,-0.10714286,1990s,0.0323,0.004,Brain Drain
RWA,1999,8009587.0,28.0,28.0,2.0,4.0,-2.0,0.14285715,0.071428575,-0.071428575,1990s,0.012,0.003,Brain Drain
RWA,2000,8109989.0,24.0,24.0,2.0,3.0,-1.0,0.125,0.083333336,-0.041666668,2000s,0.0125,0.003,Brain Drain
RWA,2001,8223941.0,23.0,23.0,4.0,3.0,1.0,0.13043478,0.17391305,0.04347826,2000s,0.0141,0.003,Brain Gain
RWA,2002,8372306.0,28.0,28.0,1.0,3.0,-2.0,0.10714286,0.035714287,-0.071428575,2000s,0.018,0.003,Brain Drain
RWA,2003,8567992.0,37.0,37.0,5.0,3.0,2.0,0.08108108,0.13513513,0.054054055,2000s,0.0234,0.004,Brain Gain
RWA,2004,8791853.0,62.0,62.0,6.0,2.0,4.0,0.032258064,0.09677419,0.06451613,2000s,0.0261,0.007,Brain Gain
RWA,2005,9026299.0,83.0,83.0,3.0,3.0,0.0,0.036144577,0.036144577,0.0,2000s,0.0267,0.009,Balanced
RWA,2006,9270066.0,110.0,110.0,4.0,6.0,-2.0,0.054545455,0.036363635,-0.018181818,2000s,0.027,0.012,Brain Drain
RWA,2007,9523168.0,162.0,162.0,13.0,5.0,8.0,0.030864198,0.08024691,0.049382716,2000s,0.0273,0.017,Brain Gain
RWA,2008,9781996.0,201.0,201.0,18.0,6.0,12.0,0.029850746,0.08955224,0.05970149,2000s,0.0272,0.021,Brain Gain
RWA,2009,10043737.0,283.0,283.0,29.0,10.0,19.0,0.03533569,0.1024735,0.06713781,2000s,0.0268,0.028,Brain Gain
RWA,2010,10309031.0,339.0,339.0,20.0,17.0,3.0,0.050147492,0.05899705,0.0088495575,2010s,0.0264,0.033,Brain Gain
RWA,2011,10576932.0,440.0,440.0,26.0,20.0,6.0,0.045454547,0.05909091,0.013636364,2010s,0.026,0.042,Brain Gain
RWA,2012,10840334.0,540.0,540.0,26.0,21.0,5.0,0.03888889,0.048148148,0.009259259,2010s,0.0249,0.05,Brain Gain
RWA,2013,11101350.0,609.0,609.0,35.0,28.0,7.0,0.04597701,0.057471264,0.011494253,2010s,0.0241,0.055,Brain Gain
RWA,2014,11368451.0,706.0,706.0,46.0,29.0,17.0,0.04107649,0.065155804,0.024079321,2010s,0.0241,0.062,Brain Gain
RWA,2015,11642959.0,758.0,758.0,36.0,48.0,-12.0,0.06332454,0.047493402,-0.015831135,2010s,0.0241,0.065,Brain Drain
RWA,2016,11930899.0,892.0,892.0,62.0,40.0,22.0,0.044843048,0.06950673,0.024663677,2010s,0.0247,0.075,Brain Gain
RWA,2017,12230339.0,1016.0,1016.0,58.0,51.0,7.0,0.05019685,0.057086613,0.0068897638,2010s,0.0251,0.083,Brain Gain
RWA,2018,12531808.0,1168.0,1168.0,61.0,59.0,2.0,0.0505137,0.052226026,0.0017123288,2010s,0.0246,0.093,Brain Gain
RWA,2019,12835028.0,1354.0,1354.0,91.0,52.0,39.0,0.038404725,0.067208275,0.028803546,2010s,0.0242,0.105,Brain Gain
RWA,2020,13146362.0,1466.0,1466.0,100.0,69.0,31.0,0.04706685,0.06821282,0.021145975,2020s,0.0243,0.112,Brain Gain
RWA,2021,13461888.0,1435.0,1435.0,88.0,82.0,6.0,0.057142857,0.06132404,0.004181185,2020s,0.024,0.107,Brain Gain
RWA,2022,13776698.0,0.0,0.0,82.0,74.0,8.0,,,,2020s,0.0234,0.0,Brain Gain
RWA,2023,13776698.0,,,,,,,,,2020s,0.0,,Unknown
SAU,1996,19410280.0,3032.0,3032.0,0.0,0.0,0.0,0.0,0.0,0.0,1990s,,0.156,Balanced
SAU,1997,19938377.0,3535.0,3535.0,122.0,95.0,27.0,0.026874116,0.034512024,0.007637907,1990s,0.0272,0.177,Brain Gain
SAU,1998,20472580.0,3973.0,3973.0,131.0,118.0,13.0,0.029700479,0.032972563,0.0032720866,1990s,0.0268,0.194,Brain Gain
SAU,1999,21009660.0,4152.0,4152.0,125.0,126.0,-1.0,0.03034682,0.030105973,-0.00024084779,1990s,0.0262,0.198,Brain Drain
SAU,2000,21547390.0,4314.0,4314.0,175.0,156.0,19.0,0.036161337,0.0405656,0.004404265,2000s,0.0256,0.2,Brain Gain
SAU,2001,22085929.0,4443.0,4443.0,207.0,154.0,53.0,0.034661263,0.046590142,0.011928877,2000s,0.025,0.201,Brain Gain
SAU,2002,22623415.0,4630.0,4630.0,223.0,155.0,68.0,0.03347732,0.048164148,0.014686825,2000s,0.0243,0.205,Brain Gain
SAU,2003,23150847.0,4828.0,4828.0,234.0,160.0,74.0,0.033140015,0.048467275,0.015327258,2000s,0.0233,0.209,Brain Gain
SAU,2004,23661808.0,5050.0,5050.0,225.0,158.0,67.0,0.03128713,0.044554457,0.013267327,2000s,0.0221,0.213,Brain Gain
SAU,2005,24397644.0,5275.0,5275.0,202.0,156.0,46.0,0.02957346,0.03829384,0.008720379,2000s,0.0311,0.216,Brain Gain
SAU,2006,25382870.0,5581.0,5581.0,261.0,198.0,63.0,0.03547751,0.04676581,0.011288299,2000s,0.0404,0.22,Brain Gain
SAU,2007,26400068.0,6229.0,6229.0,336.0,190.0,146.0,0.030502489,0.053941242,0.023438754,2000s,0.0401,0.236,Brain Gain
SAU,2008,27437353.0,7043.0,7043.0,384.0,246.0,138.0,0.034928296,0.05452222,0.019593922,2000s,0.0393,0.257,Brain Gain
SAU,2009,28483797.0,8328.0,8328.0,564.0,237.0,327.0,0.028458213,0.06772334,0.03926513,2000s,0.0381,0.292,Brain Gain
SAU,2010,29411929.0,10170.0,10170.0,872.0,288.0,584.0,0.028318584,0.08574238,0.057423797,2010s,0.0326,0.346,Brain Gain
SAU,2011,30150945.0,12457.0,12457.0,1068.0,312.0,756.0,0.025046159,0.085734926,0.060688768,2010s,0.0251,0.413,Brain Gain
SAU,2012,30821543.0,14795.0,14795.0,1147.0,453.0,694.0,0.030618452,0.07752619,0.046907738,2010s,0.0222,0.48,Brain Gain
SAU,2013,31482498.0,17261.0,17261.0,1314.0,533.0,781.0,0.03087886,0.07612537,0.045246508,2010s,0.0214,0.548,Brain Gain
SAU,2014,32125564.0,19823.0,19823.0,1417.0,686.0,731.0,0.034606267,0.07148262,0.036876354,2010s,0.0204,0.617,Brain Gain
SAU,2015,32749848.0,22543.0,22543.0,1528.0,813.0,715.0,0.03606441,0.067781575,0.031717163,2010s,0.0194,0.688,Brain Gain
SAU,2016,33416270.0,25410.0,25410.0,1660.0,1019.0,641.0,0.04010232,0.06532861,0.02522629,2010s,0.0203,0.76,Brain Gain
SAU,2017,34193122.0,28639.0,28639.0,1787.0,1104.0,683.0,0.03854883,0.06239743,0.023848599,2010s,0.0232,0.838,Brain Gain
SAU,2018,35018133.0,32875.0,32875.0,1937.0,1266.0,671.0,0.038509507,0.058920152,0.020410646,2010s,0.0241,0.939,Brain Gain
SAU,2019,35827362.0,37429.0,37429.0,2245.0,1384.0,861.0,0.036976676,0.05998023,0.023003554,2010s,0.0231,1.045,Brain Gain
SAU,2020,35997107.0,41035.0,41035.0,2337.0,1376.0,961.0,0.03353235,0.05695138,0.023419032,2020s,0.0047,1.14,Brain Gain
SAU,2021,35950396.0,41091.0,41091.0,2213.0,1422.0,791.0,0.034606118,0.053856075,0.019249957,2020s,-0.0013,1.143,Brain Gain
SAU,2022,36408820.0,0.0,0.0,1699.0,1279.0,420.0,,,,2020s,0.0128,0.0,Brain Gain
SAU,2023,36408820.0,0.0,0.0,1115.0,826.0,289.0,,,,2020s,0.0,0.0,Brain Gain
SDN,1996,23862258.0,194.0,194.0,0.0,0.0,0.0,0.0,0.0,0.0,1990s,,0.008,Balanced
SDN,1997,24454372.0,233.0,233.0,7.0,8.0,-1.0,0.034334764,0.030042918,-0.0042918455,1990s,0.0248,0.01,Brain Drain
SDN,1998,25029144.0,276.0,276.0,12.0,9.0,3.0,0.032608695,0.04347826,0.010869565,1990s,0.0235,0.011,Brain Gain
SDN,1999,25634162.0,286.0,286.0,4.0,11.0,-7.0,0.03846154,0.013986014,-0.024475524,1990s,0.0242,0.011,Brain Drain
SDN,2000,26298773.0,305.0,305.0,13.0,13.0,0.0,0.04262295,0.04262295,0.0,2000s,0.0259,0.012,Balanced
SDN,2001,26947253.0,311.0,311.0,16.0,17.0,-1.0,0.05466238,0.051446944,-0.003215434,2000s,0.0247,0.012,Brain Drain
SDN,2002,27570318.0,334.0,334.0,14.0,23.0,-9.0,0.068862274,0.04191617,-0.026946107,2000s,0.0231,0.012,Brain Drain
SDN,2003,28188977.0,384.0,384.0,32.0,12.0,20.0,0.03125,0.083333336,0.052083332,2000s,0.0224,0.014,Brain Gain
SDN,2004,28831550.0,439.0,439.0,17.0,9.0,8.0,0.020501139,0.038724374,0.018223235,2000s,0.0228,0.015,Brain Gain
SDN,2005,29540577.0,522.0,522.0,21.0,14.0,7.0,0.026819924,0.040229887,0.013409962,2000s,0.0246,0.018,Brain Gain
SDN,2006,30332968.0,622.0,622.0,28.0,15.0,13.0,0.024115756,0.045016076,0.020900322,2000s,0.0268,0.021,Brain Gain
SDN,2007,31191163.0,752.0,752.0,23.0,19.0,4.0,0.025265958,0.030585106,0.005319149,2000s,0.0283,0.024,Brain Gain
SDN,2008,32065241.0,891.0,891.0,36.0,20.0,16.0,0.022446688,0.04040404,0.017957352,2000s,0.028,0.028,Brain Gain
SDN,2009,32948155.0,1048.0,1048.0,33.0,16.0,17.0,0.015267176,0.03148855,0.016221374,2000s,0.0275,0.032,Brain Gain
SDN,2010,33739933.0,1109.0,1109.0,31.0,39.0,-8.0,0.03516682,0.02795311,-0.007213706,2010s,0.024,0.033,Brain Drain
SDN,2011,34419624.0,1201.0,1201.0,44.0,31.0,13.0,0.025811823,0.036636136,0.010824313,2010s,0.0201,0.035,Brain Gain
SDN,2012,35159792.0,1242.0,1242.0,42.0,53.0,-11.0,0.042673107,0.033816423,-0.008856683,2010s,0.0215,0.035,Brain Drain
SDN,2013,35990704.0,1223.0,1223.0,38.0,61.0,-23.0,0.04987735,0.031071136,-0.018806214,2010s,0.0236,0.034,Brain Drain
SDN,2014,37003245.0,1235.0,1235.0,57.0,75.0,-18.0,0.060728744,0.046153847,-0.014574898,2010s,0.0281,0.033,Brain Drain
SDN,2015,38171178.0,1295.0,1295.0,59.0,62.0,-3.0,0.047876447,0.045559846,-0.0023166023,2010s,0.0316,0.034,Brain Drain
SDN,2016,39377169.0,1365.0,1365.0,73.0,61.0,12.0,0.044688646,0.053479854,0.008791209,2010s,0.0316,0.035,Brain Gain
SDN,2017,40679828.0,1490.0,1490.0,65.0,66.0,-1.0,0.044295304,0.043624163,-0.00067114097,2010s,0.0331,0.037,Brain Drain
SDN,2018,41999059.0,1639.0,1639.0,79.0,72.0,7.0,0.043929227,0.048200123,0.004270897,2010s,0.0324,0.039,Brain Gain
SDN,2019,43232093.0,1765.0,1765.0,90.0,99.0,-9.0,0.056090653,0.0509915,-0.0050991504,2010s,0.0294,0.041,Brain Drain
SDN,2020,44440486.0,1880.0,1880.0,130.0,110.0,20.0,0.05851064,0.069148935,0.010638298,2020s,0.028,0.042,Brain Gain
SDN,2021,45657202.0,1813.0,1813.0,98.0,137.0,-39.0,0.07556536,0.054054055,-0.021511307,2020s,0.0274,0.04,Brain Drain
SDN,2022,46874204.0,0.0,0.0,72.0,88.0,-16.0,,,,2020s,0.0267,0.0,Brain Drain
SDN,2023,46874204.0,0.0,0.0,47.0,39.0,8.0,,,,2020s,0.0,0.0,Brain Gain
SEN,1996,8843423.0,555.0,555.0,0.0,0.0,0.0,0.0,0.0,0.0,1990s,,0.063,Balanced
SEN,1997,9051539.0,688.0,688.0,25.0,22.0,3.0,0.031976745,0.036337208,0.0043604653,1990s,0.0235,0.076,Brain Gain
SEN,1998,9261526.0,780.0,780.0,33.0,29.0,4.0,0.03717949,0.042307694,0.0051282053,1990s,0.0232,0.084,Brain Gain
SEN,1999,9478564.0,817.0,817.0,34.0,34.0,0.0,0.04161567,0.04161567,0.0,1990s,0.0234,0.086,Balanced
SEN,2000,9704287.0,831.0,831.0,23.0,60.0,-37.0,0.07220217,0.027677497,-0.04452467,2000s,0.0238,0.086,Brain Drain
SEN,2001,9938027.0,895.0,895.0,37.0,49.0,-12.0,0.054748602,0.041340783,-0.013407821,2000s,0.0241,0.09,Brain Drain
SEN,2002,10180950.0,898.0,898.0,55.0,53.0,2.0,0.059020046,0.061247215,0.0022271716,2000s,0.0244,0.088,Brain Gain
SEN,2003,10434504.0,953.0,953.0,54.0,49.0,5.0,0.05141658,0.05666317,0.00524659,2000s,0.0249,0.091,Brain Gain
SEN,2004,10698691.0,1007.0,1007.0,38.0,38.0,0.0,0.03773585,0.03773585,0.0,2000s,0.0253,0.094,Balanced
SEN,2005,10974057.0,1072.0,1072.0,50.0,43.0,7.0,0.04011194,0.04664179,0.006529851,2000s,0.0257,0.098,Brain Gain
SEN,2006,11263387.0,1110.0,1110.0,61.0,53.0,8.0,0.047747746,0.054954953,0.0072072074,2000s,0.0264,0.099,Brain Gain
SEN,2007,11563869.0,1177.0,1177.0,61.0,47.0,14.0,0.03993203,0.05182668,0.011894647,2000s,0.0267,0.102,Brain Gain
SEN,2008,11872929.0,1242.0,1242.0,55.0,49.0,6.0,0.039452497,0.044283412,0.004830918,2000s,0.0267,0.105,Brain Gain
SEN,2009,12195029.0,1355.0,1355.0,50.0,67.0,-17.0,0.049446493,0.036900368,-0.012546126,2000s,0.0271,0.111,Brain Drain
SEN,2010,12530121.0,1436.0,1436.0,65.0,64.0,1.0,0.044568244,0.045264624,0.0006963788,2010s,0.0275,0.115,Brain Gain
SEN,2011,12875880.0,1551.0,1551.0,63.0,61.0,2.0,0.039329465,0.040618956,0.0012894906,2010s,0.0276,0.12,Brain Gain
SEN,2012,13231833.0,1689.0,1689.0,78.0,62.0,16.0,0.036708113,0.046181172,0.009473061,2010s,0.0276,0.128,Brain Gain
SEN,2013,13595566.0,1843.0,1843.0,57.0,53.0,4.0,0.02875746,0.030927835,0.0021703744,2010s,0.0275,0.136,Brain Gain
SEN,2014,13970308.0,2001.0,2001.0,81.0,72.0,9.0,0.03598201,0.04047976,0.004497751,2010s,0.0276,0.143,Brain Gain
SEN,2015,14356181.0,2101.0,2101.0,85.0,89.0,-4.0,0.04236078,0.040456925,-0.0019038554,2010s,0.0276,0.146,Brain Drain
SEN,2016,14751356.0,2097.0,2097.0,86.0,107.0,-21.0,0.051025275,0.04101097,-0.010014306,2010s,0.0275,0.142,Brain Drain
SEN,2017,15157793.0,2218.0,2218.0,98.0,91.0,7.0,0.041027952,0.04418395,0.0031559963,2010s,0.0276,0.146,Brain Gain
SEN,2018,15574909.0,2285.0,2285.0,101.0,85.0,16.0,0.037199125,0.044201314,0.0070021884,2010s,0.0275,0.147,Brain Gain
SEN,2019,16000781.0,2339.0,2339.0,88.0,77.0,11.0,0.03292005,0.037622917,0.0047028647,2010s,0.0273,0.146,Brain Gain
SEN,2020,16436120.0,2341.0,2341.0,101.0,87.0,14.0,0.037163604,0.043143954,0.00598035,2020s,0.0272,0.142,Brain Gain
SEN,2021,16876720.0,2231.0,2231.0,84.0,82.0,2.0,0.036754817,0.037651278,0.000896459,2020s,0.0268,0.132,Brain Gain
SEN,2022,17316449.0,0.0,0.0,77.0,51.0,26.0,,,,2020s,0.0261,0.0,Brain Gain
SEN,2023,17316449.0,,,,,,,,,2020s,0.0,,Unknown
SGP,1996,3670704.0,3989.0,3989.0,0.0,0.0,0.0,0.0,0.0,0.0,1990s,,1.087,Balanced
SGP,1997,3796038.0,5010.0,5010.0,172.0,100.0,72.0,0.01996008,0.034331337,0.014371257,1990s,0.0341,1.32,Brain Gain
SGP,1998,3927213.0,6175.0,6175.0,283.0,130.0,153.0,0.021052632,0.04582996,0.024777329,1990s,0.0346,1.572,Brain Gain
SGP,1999,3958723.0,7192.0,7192.0,346.0,168.0,178.0,0.023359288,0.04810901,0.024749722,1990s,0.008,1.817,Brain Gain
SGP,2000,4027887.0,8234.0,8234.0,393.0,214.0,179.0,0.025989799,0.04772893,0.02173913,2000s,0.0175,2.044,Brain Gain
SGP,2001,4138012.0,9110.0,9110.0,401.0,315.0,86.0,0.03457739,0.044017565,0.009440175,2000s,0.0273,2.202,Brain Gain
SGP,2002,4175950.0,10285.0,10285.0,454.0,367.0,87.0,0.035683032,0.044141956,0.008458921,2000s,0.0092,2.463,Brain Gain
SGP,2003,4114826.0,11291.0,11291.0,436.0,419.0,17.0,0.037109204,0.038614824,0.0015056239,2000s,-0.0146,2.744,Brain Gain
SGP,2004,4166664.0,12219.0,12219.0,409.0,405.0,4.0,0.033145104,0.03347246,0.00032735904,2000s,0.0126,2.933,Brain Gain
SGP,2005,4265762.0,13079.0,13079.0,481.0,449.0,32.0,0.034329843,0.036776513,0.0024466703,2000s,0.0238,3.066,Brain Gain
SGP,2006,4401365.0,14163.0,14163.0,546.0,523.0,23.0,0.036927205,0.038551155,0.0016239497,2000s,0.0318,3.218,Brain Gain
SGP,2007,4588599.0,15301.0,15301.0,603.0,551.0,52.0,0.03601072,0.03940919,0.0033984706,2000s,0.0425,3.335,Brain Gain
SGP,2008,4839396.0,16520.0,16520.0,742.0,644.0,98.0,0.03898305,0.044915255,0.0059322035,2000s,0.0547,3.414,Brain Gain
SGP,2009,4987573.0,18146.0,18146.0,894.0,673.0,221.0,0.037088063,0.049267057,0.012178993,2000s,0.0306,3.638,Brain Gain
SGP,2010,5076732.0,19729.0,19729.0,971.0,762.0,209.0,0.038623348,0.04921689,0.010593543,2010s,0.0179,3.886,Brain Gain
SGP,2011,5183688.0,21489.0,21489.0,1056.0,753.0,303.0,0.035041183,0.049141422,0.014100238,2010s,0.0211,4.146,Brain Gain
SGP,2012,5312437.0,23297.0,23297.0,1139.0,929.0,210.0,0.03987638,0.048890416,0.0090140365,2010s,0.0248,4.385,Brain Gain
SGP,2013,5399162.0,24980.0,24980.0,1171.0,988.0,183.0,0.03955164,0.046877503,0.0073258607,2010s,0.0163,4.627,Brain Gain
SGP,2014,5469724.0,26513.0,26513.0,1217.0,1100.0,117.0,0.04148908,0.04590201,0.0044129295,2010s,0.0131,4.847,Brain Gain
SGP,2015,5535002.0,27936.0,27936.0,1346.0,1222.0,124.0,0.04374284,0.048181556,0.004438717,2010s,0.0119,5.047,Brain Gain
SGP,2016,5607283.0,29237.0,29237.0,1345.0,1247.0,98.0,0.042651433,0.046003353,0.003351917,2010s,0.0131,5.214,Brain Gain
SGP,2017,5612253.0,30308.0,30308.0,1404.0,1348.0,56.0,0.044476707,0.046324402,0.001847697,2010s,0.0009,5.4,Brain Gain
SGP,2018,5638676.0,31446.0,31446.0,1424.0,1445.0,-21.0,0.04595179,0.04528398,-0.0006678115,2010s,0.0047,5.577,Brain Drain
SGP,2019,5703569.0,32065.0,32065.0,1365.0,1565.0,-200.0,0.04880711,0.04256978,-0.0062373304,2010s,0.0115,5.622,Brain Drain
SGP,2020,5685807.0,31996.0,31996.0,1413.0,1545.0,-132.0,0.048287287,0.04416177,-0.0041255155,2020s,-0.0031,5.627,Brain Drain
SGP,2021,5453566.0,30087.0,30087.0,1266.0,1615.0,-349.0,0.053677667,0.042077973,-0.011599694,2020s,-0.0408,5.517,Brain Drain
SGP,2022,5637022.0,0.0,0.0,1092.0,1376.0,-284.0,,,,2020s,0.0336,0.0,Brain Drain
SGP,2023,5637022.0,0.0,0.0,767.0,864.0,-97.0,,,,2020s,0.0,0.0,Brain Drain
SGS,2009,,2.0,2.0,0.0,0.0,0.0,0.0,0.0,0.0,2000s,,,Balanced
SGS,2020,,1.0,1.0,0.0,1.0,-1.0,1.0,0.0,-1.0,2020s,,,Brain Drain
SHN,2009,,2.0,2.0,0.0,0.0,0.0,0.0,0.0,0.0,2000s,,,Balanced
SHN,2013,,3.0,3.0,0.0,0.0,0.0,0.0,0.0,0.0,2010s,,,Balanced
SHN,2015,,15.0,15.0,4.0,0.0,4.0,0.0,0.26666668,0.26666668,2010s,,,Brain Gain
SHN,2017,,22.0,22.0,6.0,1.0,5.0,0.045454547,0.27272728,0.22727273,2010s,,,Brain Gain
SHN,2018,,17.0,17.0,6.0,13.0,-7.0,0.7647059,0.3529412,-0.4117647,2010s,,,Brain Drain
SHN,2019,,10.0,10.0,1.0,7.0,-6.0,0.7,0.1,-0.6,2010s,,,Brain Drain
SHN,2020,,10.0,10.0,2.0,2.0,0.0,0.2,0.2,0.0,2020s,,,Balanced
SHN,2021,,8.0,8.0,3.0,4.0,-1.0,0.5,0.375,-0.125,2020s,,,Brain Drain
SJM,2004,,2.0,2.0,0.0,0.0,0.0,0.0,0.0,0.0,2000s,,,Balanced
SLB,1996,386069.0,16.0,16.0,0.0,0.0,0.0,0.0,0.0,0.0,1990s,,0.041,Balanced
SLB,1997,397050.0,19.0,19.0,3.0,0.0,3.0,0.0,0.15789473,0.15789473,1990s,0.0284,0.048,Brain Gain
SLB,1998,408145.0,22.0,22.0,1.0,1.0,0.0,0.045454547,0.045454547,0.0,1990s,0.0279,0.054,Balanced
SLB,1999,419229.0,,,,,,,,,1990s,0.0272,,Unknown
SLB,2000,429978.0,18.0,18.0,0.0,4.0,-4.0,0.22222222,0.0,-0.22222222,2000s,0.0256,0.042,Brain Drain
SLB,2001,440395.0,21.0,21.0,2.0,3.0,-1.0,0.14285715,0.0952381,-0.04761905,2000s,0.0242,0.048,Brain Drain
SLB,2002,450760.0,,,,,,,,,2000s,0.0235,,Unknown
SLB,2003,461216.0,16.0,16.0,1.0,2.0,-1.0,0.125,0.0625,-0.0625,2000s,0.0232,0.035,Brain Drain
SLB,2004,471785.0,16.0,16.0,1.0,1.0,0.0,0.0625,0.0625,0.0,2000s,0.0229,0.034,Balanced
SLB,2005,482486.0,27.0,27.0,7.0,0.0,7.0,0.0,0.25925925,0.25925925,2000s,0.0227,0.056,Brain Gain
SLB,2006,493430.0,28.0,28.0,1.0,1.0,0.0,0.035714287,0.035714287,0.0,2000s,0.0227,0.057,Balanced
SLB,2007,504619.0,36.0,36.0,1.0,0.0,1.0,0.0,0.027777778,0.027777778,2000s,0.0227,0.071,Brain Gain
SLB,2008,516001.0,43.0,43.0,1.0,2.0,-1.0,0.046511628,0.023255814,-0.023255814,2000s,0.0226,0.083,Brain Drain
SLB,2009,527833.0,59.0,59.0,2.0,1.0,1.0,0.016949153,0.033898305,0.016949153,2000s,0.0229,0.112,Brain Gain
SLB,2010,540394.0,70.0,70.0,3.0,1.0,2.0,0.014285714,0.042857144,0.028571429,2010s,0.0238,0.13,Brain Gain
SLB,2011,553721.0,69.0,69.0,1.0,4.0,-3.0,0.057971016,0.014492754,-0.04347826,2010s,0.0247,0.125,Brain Drain
SLB,2012,567763.0,73.0,73.0,1.0,1.0,0.0,0.01369863,0.01369863,0.0,2010s,0.0254,0.129,Balanced
SLB,2013,582365.0,89.0,89.0,3.0,4.0,-1.0,0.04494382,0.033707865,-0.011235955,2010s,0.0257,0.153,Brain Drain
SLB,2014,597375.0,94.0,94.0,10.0,6.0,4.0,0.06382979,0.10638298,0.04255319,2010s,0.0258,0.157,Brain Gain
SLB,2015,612660.0,112.0,112.0,11.0,3.0,8.0,0.026785715,0.09821428,0.071428575,2010s,0.0256,0.183,Brain Gain
SLB,2016,628102.0,127.0,127.0,5.0,4.0,1.0,0.031496063,0.03937008,0.007874016,2010s,0.0252,0.202,Brain Gain
SLB,2017,643634.0,127.0,127.0,4.0,7.0,-3.0,0.05511811,0.031496063,-0.023622047,2010s,0.0247,0.197,Brain Drain
SLB,2018,659249.0,125.0,125.0,4.0,4.0,0.0,0.032,0.032,0.0,2010s,0.0243,0.19,Balanced
SLB,2019,674993.0,126.0,126.0,4.0,4.0,0.0,0.031746034,0.031746034,0.0,2010s,0.0239,0.187,Balanced
SLB,2020,691191.0,130.0,130.0,6.0,3.0,3.0,0.023076924,0.046153847,0.023076924,2020s,0.024,0.188,Brain Gain
SLB,2021,707851.0,119.0,119.0,9.0,5.0,4.0,0.042016808,0.075630255,0.033613447,2020s,0.0241,0.168,Brain Gain
SLB,2022,724273.0,0.0,0.0,4.0,4.0,0.0,,,,2020s,0.0232,0.0,Balanced
SLB,2023,724273.0,,,,,,,,,2020s,0.0,,Unknown
SLE,1996,4347370.0,32.0,32.0,0.0,0.0,0.0,0.0,0.0,0.0,1990s,,0.007,Balanced
SLE,1997,4405028.0,33.0,33.0,1.0,2.0,-1.0,0.060606062,0.030303031,-0.030303031,1990s,0.0133,0.007,Brain Drain
SLE,1998,4449975.0,34.0,34.0,0.0,2.0,-2.0,0.05882353,0.0,-0.05882353,1990s,0.0102,0.008,Brain Drain
SLE,1999,4475145.0,29.0,29.0,0.0,8.0,-8.0,0.27586207,0.0,-0.27586207,1990s,0.0057,0.006,Brain Drain
SLE,2000,4584067.0,24.0,24.0,2.0,2.0,0.0,0.083333336,0.083333336,0.0,2000s,0.0243,0.005,Balanced
SLE,2001,4857096.0,25.0,25.0,3.0,1.0,2.0,0.04,0.12,0.08,2000s,0.0596,0.005,Brain Gain
SLE,2002,5140113.0,19.0,19.0,1.0,5.0,-4.0,0.2631579,0.05263158,-0.21052632,2000s,0.0583,0.004,Brain Drain
SLE,2003,5350907.0,24.0,24.0,2.0,3.0,-1.0,0.125,0.083333336,-0.041666668,2000s,0.041,0.004,Brain Drain
SLE,2004,5533329.0,26.0,26.0,1.0,0.0,1.0,0.0,0.03846154,0.03846154,2000s,0.0341,0.005,Brain Gain
SLE,2005,5683334.0,27.0,27.0,4.0,1.0,3.0,0.037037037,0.14814815,0.11111111,2000s,0.0271,0.005,Brain Gain
SLE,2006,5809774.0,35.0,35.0,2.0,3.0,-1.0,0.08571429,0.057142857,-0.028571429,2000s,0.0222,0.006,Brain Drain
SLE,2007,5939163.0,45.0,45.0,2.0,3.0,-1.0,0.06666667,0.044444446,-0.022222223,2000s,0.0223,0.008,Brain Drain
SLE,2008,6090860.0,60.0,60.0,2.0,3.0,-1.0,0.05,0.033333335,-0.016666668,2000s,0.0255,0.01,Brain Drain
SLE,2009,6259842.0,87.0,87.0,6.0,2.0,4.0,0.022988506,0.06896552,0.04597701,2000s,0.0277,0.014,Brain Gain
SLE,2010,6436698.0,98.0,98.0,7.0,4.0,3.0,0.040816326,0.071428575,0.030612245,2010s,0.0283,0.015,Brain Gain
SLE,2011,6612385.0,114.0,114.0,9.0,6.0,3.0,0.05263158,0.078947365,0.02631579,2010s,0.0273,0.017,Brain Gain
SLE,2012,6788587.0,156.0,156.0,9.0,2.0,7.0,0.012820513,0.057692308,0.044871796,2010s,0.0266,0.023,Brain Gain
SLE,2013,6964859.0,202.0,202.0,12.0,2.0,10.0,0.00990099,0.05940594,0.04950495,2010s,0.026,0.029,Brain Gain
SLE,2014,7140688.0,269.0,269.0,17.0,5.0,12.0,0.01858736,0.063197024,0.044609666,2010s,0.0252,0.038,Brain Gain
SLE,2015,7314773.0,336.0,336.0,18.0,7.0,11.0,0.020833334,0.05357143,0.032738097,2010s,0.0244,0.046,Brain Gain
SLE,2016,7493913.0,360.0,360.0,18.0,13.0,5.0,0.036111113,0.05,0.013888889,2010s,0.0245,0.048,Brain Gain
SLE,2017,7677565.0,408.0,408.0,44.0,25.0,19.0,0.06127451,0.10784314,0.04656863,2010s,0.0245,0.053,Brain Gain
SLE,2018,7861281.0,473.0,473.0,32.0,28.0,4.0,0.059196617,0.067653276,0.0084566595,2010s,0.0239,0.06,Brain Gain
SLE,2019,8046828.0,517.0,517.0,38.0,20.0,18.0,0.03868472,0.07350097,0.034816246,2010s,0.0236,0.064,Brain Gain
SLE,2020,8233970.0,534.0,534.0,38.0,28.0,10.0,0.052434456,0.07116105,0.018726591,2020s,0.0233,0.065,Brain Gain
SLE,2021,8420641.0,521.0,521.0,37.0,27.0,10.0,0.051823415,0.07101727,0.019193858,2020s,0.0227,0.062,Brain Gain
SLE,2022,8605718.0,0.0,0.0,24.0,17.0,7.0,,,,2020s,0.022,0.0,Brain Gain
SLE,2023,8605718.0,,,,,,,,,2020s,0.0,,Unknown
SLV,1996,5797140.0,17.0,17.0,0.0,0.0,0.0,0.0,0.0,0.0,1990s,,0.003,Balanced
SLV,1997,5842638.0,23.0,23.0,5.0,1.0,4.0,0.04347826,0.2173913,0.17391305,1990s,0.0078,0.004,Brain Gain
SLV,1998,5885083.0,22.0,22.0,2.0,10.0,-8.0,0.45454547,0.09090909,-0.36363637,1990s,0.0073,0.004,Brain Drain
SLV,1999,5923852.0,24.0,24.0,4.0,5.0,-1.0,0.20833333,0.16666667,-0.041666668,1990s,0.0066,0.004,Brain Drain
SLV,2000,5958482.0,35.0,35.0,5.0,2.0,3.0,0.057142857,0.14285715,0.08571429,2000s,0.0058,0.006,Brain Gain
SLV,2001,5988095.0,40.0,40.0,7.0,8.0,-1.0,0.2,0.175,-0.025,2000s,0.005,0.007,Brain Drain
SLV,2002,6011275.0,59.0,59.0,6.0,4.0,2.0,0.06779661,0.10169491,0.033898305,2000s,0.0039,0.01,Brain Gain
SLV,2003,6026849.0,65.0,65.0,9.0,4.0,5.0,0.06153846,0.13846155,0.07692308,2000s,0.0026,0.011,Brain Gain
SLV,2004,6035655.0,76.0,76.0,6.0,5.0,1.0,0.065789476,0.078947365,0.013157895,2000s,0.0015,0.013,Brain Gain
SLV,2005,6037817.0,78.0,78.0,6.0,9.0,-3.0,0.115384616,0.07692308,-0.03846154,2000s,0.0004,0.013,Brain Drain
SLV,2006,6034436.0,79.0,79.0,9.0,9.0,0.0,0.11392405,0.11392405,0.0,2000s,-0.0006,0.013,Balanced
SLV,2007,6044131.0,85.0,85.0,14.0,7.0,7.0,0.08235294,0.16470589,0.08235294,2000s,0.0016,0.014,Brain Gain
SLV,2008,6068099.0,119.0,119.0,10.0,10.0,0.0,0.084033616,0.084033616,0.0,2000s,0.004,0.02,Balanced
SLV,2009,6091188.0,141.0,141.0,15.0,11.0,4.0,0.07801419,0.10638298,0.028368793,2000s,0.0038,0.023,Brain Gain
SLV,2010,6114034.0,174.0,174.0,29.0,19.0,10.0,0.109195404,0.16666667,0.057471264,2010s,0.0038,0.028,Brain Gain
SLV,2011,6137349.0,172.0,172.0,15.0,27.0,-12.0,0.15697674,0.0872093,-0.069767445,2010s,0.0038,0.028,Brain Drain
SLV,2012,6161289.0,175.0,175.0,15.0,29.0,-14.0,0.16571428,0.08571429,-0.08,2010s,0.0039,0.028,Brain Drain
SLV,2013,6185642.0,195.0,195.0,15.0,21.0,-6.0,0.10769231,0.07692308,-0.03076923,2010s,0.004,0.032,Brain Drain
SLV,2014,6209526.0,196.0,196.0,23.0,21.0,2.0,0.10714286,0.11734694,0.010204081,2010s,0.0039,0.032,Brain Gain
SLV,2015,6231066.0,219.0,219.0,22.0,19.0,3.0,0.08675799,0.10045662,0.01369863,2010s,0.0035,0.035,Brain Gain
SLV,2016,6250510.0,219.0,219.0,16.0,24.0,-8.0,0.10958904,0.07305936,-0.03652968,2010s,0.0031,0.035,Brain Drain
SLV,2017,6266654.0,218.0,218.0,16.0,21.0,-5.0,0.09633028,0.07339449,-0.02293578,2010s,0.0026,0.035,Brain Drain
SLV,2018,6276342.0,201.0,201.0,14.0,31.0,-17.0,0.15422885,0.06965174,-0.08457711,2010s,0.0015,0.032,Brain Drain
SLV,2019,6280217.0,219.0,219.0,29.0,25.0,4.0,0.11415525,0.1324201,0.01826484,2010s,0.0006,0.035,Brain Gain
SLV,2020,6292731.0,218.0,218.0,18.0,16.0,2.0,0.07339449,0.08256881,0.0091743115,2020s,0.002,0.035,Brain Gain
SLV,2021,6314167.0,207.0,207.0,16.0,20.0,-4.0,0.096618354,0.077294685,-0.019323671,2020s,0.0034,0.033,Brain Drain
SLV,2022,6336392.0,0.0,0.0,17.0,9.0,8.0,,,,2020s,0.0035,0.0,Brain Gain
SLV,2023,6336392.0,,,,,,,,,2020s,0.0,,Unknown
SMR,1996,25235.0,7.0,7.0,0.0,0.0,0.0,0.0,0.0,0.0,1990s,,0.277,Balanced
SMR,1997,25596.0,,,,,,,,,1990s,0.0143,,Unknown
SMR,1998,25997.0,10.0,10.0,1.0,0.0,1.0,0.0,0.1,0.1,1990s,0.0157,0.385,Brain Gain
SMR,1999,26404.0,,,,,,,,,1990s,0.0157,,Unknown
SMR,2000,26823.0,14.0,14.0,2.0,0.0,2.0,0.0,0.14285715,0.14285715,2000s,0.0159,0.522,Brain Gain
SMR,2001,27335.0,8.0,8.0,0.0,2.0,-2.0,0.25,0.0,-0.25,2000s,0.0191,0.293,Brain Drain
SMR,2002,27969.0,6.0,6.0,0.0,1.0,-1.0,0.16666667,0.0,-0.16666667,2000s,0.0232,0.215,Brain Drain
SMR,2003,28601.0,,,,,,,,,2000s,0.0226,,Unknown
SMR,2004,29093.0,,,,,,,,,2000s,0.0172,,Unknown
SMR,2005,29508.0,7.0,7.0,1.0,0.0,1.0,0.0,0.14285715,0.14285715,2000s,0.0143,0.237,Brain Gain
SMR,2006,29959.0,,,,,,,,,2000s,0.0153,,Unknown
SMR,2007,30372.0,14.0,14.0,0.0,0.0,0.0,0.0,0.0,0.0,2000s,0.0138,0.461,Balanced
SMR,2008,30700.0,18.0,18.0,0.0,1.0,-1.0,0.055555556,0.0,-0.055555556,2000s,0.0108,0.586,Brain Drain
SMR,2009,31059.0,17.0,17.0,0.0,1.0,-1.0,0.05882353,0.0,-0.05882353,2000s,0.0117,0.547,Brain Drain
SMR,2010,31608.0,13.0,13.0,0.0,1.0,-1.0,0.07692308,0.0,-0.07692308,2010s,0.0177,0.411,Brain Drain
SMR,2011,32495.0,,,,,,,,,2010s,0.0281,,Unknown
SMR,2012,33132.0,19.0,19.0,6.0,1.0,5.0,0.05263158,0.31578946,0.2631579,2010s,0.0196,0.573,Brain Gain
SMR,2013,33285.0,27.0,27.0,5.0,2.0,3.0,0.074074075,0.18518518,0.11111111,2010s,0.0046,0.811,Brain Gain
SMR,2014,33389.0,30.0,30.0,1.0,3.0,-2.0,0.1,0.033333335,-0.06666667,2010s,0.0031,0.898,Brain Drain
SMR,2015,33570.0,40.0,40.0,6.0,4.0,2.0,0.1,0.15,0.05,2010s,0.0054,1.192,Brain Gain
SMR,2016,33834.0,38.0,38.0,2.0,7.0,-5.0,0.18421052,0.05263158,-0.13157895,2010s,0.0079,1.123,Brain Drain
SMR,2017,34056.0,48.0,48.0,7.0,3.0,4.0,0.0625,0.14583333,0.083333336,2010s,0.0066,1.409,Brain Gain
SMR,2018,34156.0,56.0,56.0,8.0,1.0,7.0,0.017857144,0.14285715,0.125,2010s,0.0029,1.64,Brain Gain
SMR,2019,34178.0,59.0,59.0,7.0,5.0,2.0,0.084745765,0.118644066,0.033898305,2010s,0.0006,1.726,Brain Gain
SMR,2020,34007.0,65.0,65.0,9.0,4.0,5.0,0.06153846,0.13846155,0.07692308,2020s,-0.005,1.911,Brain Gain
SMR,2021,33745.0,68.0,68.0,12.0,5.0,7.0,0.073529415,0.1764706,0.10294118,2020s,-0.0077,2.015,Brain Gain
SMR,2022,33660.0,0.0,0.0,7.0,5.0,2.0,,,,2020s,-0.0025,0.0,Brain Gain
SMR,2023,33660.0,,,,,,,,,2020s,0.0,,Unknown
SOM,1996,7472450.0,3.0,3.0,0.0,0.0,0.0,0.0,0.0,0.0,1990s,,0.0,Balanced
SOM,1997,7734313.0,3.0,3.0,1.0,1.0,0.0,0.33333334,0.33333334,0.0,1990s,0.035,0.0,Balanced
SOM,1998,8056862.0,,,,,,,,,1990s,0.0417,,Unknown
SOM,1999,8384479.0,,,,,,,,,1990s,0.0407,,Unknown
SOM,2000,8721465.0,,,,,,,,,2000s,0.0402,,Unknown
SOM,2001,9070747.0,,,,,,,,,2000s,0.04,,Unknown
SOM,2002,9411103.0,4.0,4.0,0.0,0.0,0.0,0.0,0.0,0.0,2000s,0.0375,0.0,Balanced
SOM,2003,9758281.0,4.0,4.0,0.0,0.0,0.0,0.0,0.0,0.0,2000s,0.0369,0.0,Balanced
SOM,2004,10117354.0,,,,,,,,,2000s,0.0368,,Unknown
SOM,2005,10467292.0,,,,,,,,,2000s,0.0346,,Unknown
SOM,2006,10784973.0,5.0,5.0,0.0,0.0,0.0,0.0,0.0,0.0,2000s,0.0303,0.0,Balanced
SOM,2007,11118092.0,,,,,,,,,2000s,0.0309,,Unknown
SOM,2008,11444870.0,10.0,10.0,2.0,1.0,1.0,0.1,0.2,0.1,2000s,0.0294,0.001,Brain Gain
SOM,2009,11730037.0,9.0,9.0,1.0,1.0,0.0,0.11111111,0.11111111,0.0,2000s,0.0249,0.001,Balanced
SOM,2010,12026649.0,10.0,10.0,1.0,1.0,0.0,0.1,0.1,0.0,2010s,0.0253,0.001,Balanced
SOM,2011,12216837.0,14.0,14.0,3.0,1.0,2.0,0.071428575,0.21428572,0.14285715,2010s,0.0158,0.001,Brain Gain
SOM,2012,12440326.0,15.0,15.0,1.0,2.0,-1.0,0.13333334,0.06666667,-0.06666667,2010s,0.0183,0.001,Brain Drain
SOM,2013,12852485.0,31.0,31.0,1.0,2.0,-1.0,0.06451613,0.032258064,-0.032258064,2010s,0.0331,0.002,Brain Drain
SOM,2014,13309235.0,37.0,37.0,5.0,0.0,5.0,0.0,0.13513513,0.13513513,2010s,0.0355,0.003,Brain Gain
SOM,2015,13763906.0,42.0,42.0,0.0,3.0,-3.0,0.071428575,0.0,-0.071428575,2010s,0.0342,0.003,Brain Drain
SOM,2016,14292847.0,44.0,44.0,5.0,2.0,3.0,0.045454547,0.11363637,0.06818182,2010s,0.0384,0.003,Brain Gain
SOM,2017,14864221.0,57.0,57.0,7.0,3.0,4.0,0.05263158,0.12280702,0.07017544,2010s,0.04,0.004,Brain Gain
SOM,2018,15411094.0,95.0,95.0,12.0,3.0,9.0,0.031578947,0.12631579,0.094736844,2010s,0.0368,0.006,Brain Gain
SOM,2019,15981300.0,147.0,147.0,15.0,2.0,13.0,0.013605442,0.10204082,0.088435374,2010s,0.037,0.009,Brain Gain
SOM,2020,16537016.0,225.0,225.0,25.0,3.0,22.0,0.013333334,0.11111111,0.09777778,2020s,0.0348,0.014,Brain Gain
SOM,2021,17065581.0,240.0,240.0,26.0,10.0,16.0,0.041666668,0.108333334,0.06666667,2020s,0.032,0.014,Brain Gain
SOM,2022,17597511.0,0.0,0.0,30.0,6.0,24.0,,,,2020s,0.0312,0.0,Brain Gain
SOM,2023,17597511.0,,,,,,,,,2020s,0.0,,Unknown
SPM,2012,,2.0,2.0,0.0,0.0,0.0,0.0,0.0,0.0,2010s,,,Balanced
SRB,1996,7617794.0,3562.0,3562.0,0.0,0.0,0.0,0.0,0.0,0.0,1990s,,0.468,Balanced
SRB,1997,7596501.0,4203.0,4203.0,112.0,67.0,45.0,0.015940994,0.026647633,0.010706638,1990s,-0.0028,0.553,Brain Gain
SRB,1998,7567745.0,4651.0,4651.0,95.0,146.0,-51.0,0.0313911,0.020425715,-0.010965384,1990s,-0.0038,0.615,Brain Drain
SRB,1999,7540401.0,4860.0,4860.0,93.0,157.0,-64.0,0.032304525,0.019135803,-0.013168724,1990s,-0.0036,0.645,Brain Drain
SRB,2000,7516346.0,5016.0,5016.0,84.0,180.0,-96.0,0.035885166,0.016746411,-0.019138755,2000s,-0.0032,0.667,Brain Drain
SRB,2001,7503433.0,5246.0,5246.0,146.0,165.0,-19.0,0.031452537,0.027830727,-0.003621807,2000s,-0.0017,0.699,Brain Drain
SRB,2002,7496522.0,5615.0,5615.0,157.0,194.0,-37.0,0.034550313,0.02796082,-0.0065894923,2000s,-0.0009,0.749,Brain Drain
SRB,2003,7480591.0,6201.0,6201.0,212.0,148.0,64.0,0.02386712,0.034188036,0.010320916,2000s,-0.0021,0.829,Brain Gain
SRB,2004,7463157.0,6838.0,6838.0,244.0,232.0,12.0,0.033928048,0.035682946,0.001754899,2000s,-0.0023,0.916,Brain Gain
SRB,2005,7440769.0,7755.0,7755.0,290.0,190.0,100.0,0.024500322,0.037395228,0.012894906,2000s,-0.003,1.042,Brain Gain
SRB,2006,7411569.0,8832.0,8832.0,269.0,287.0,-18.0,0.032495473,0.030457428,-0.0020380435,2000s,-0.0039,1.192,Brain Drain
SRB,2007,7381579.0,9981.0,9981.0,109.0,335.0,-226.0,0.03356377,0.010920749,-0.022643022,2000s,-0.004,1.352,Brain Drain
SRB,2008,7350222.0,11431.0,11431.0,152.0,181.0,-29.0,0.015834136,0.013297174,-0.0025369609,2000s,-0.0042,1.555,Brain Drain
SRB,2009,7320807.0,12943.0,12943.0,173.0,154.0,19.0,0.011898323,0.013366299,0.001467975,2000s,-0.004,1.768,Brain Gain
SRB,2010,7291436.0,14716.0,14716.0,183.0,109.0,74.0,0.007406904,0.012435445,0.0050285403,2010s,-0.004,2.018,Brain Gain
SRB,2011,7234099.0,16095.0,16095.0,183.0,148.0,35.0,0.009195402,0.011369991,0.0021745884,2010s,-0.0079,2.225,Brain Gain
SRB,2012,7199077.0,17095.0,17095.0,185.0,134.0,51.0,0.007838549,0.010821878,0.0029833284,2010s,-0.0048,2.375,Brain Gain
SRB,2013,7164132.0,17945.0,17945.0,158.0,138.0,20.0,0.0076901643,0.008804681,0.0011145166,2010s,-0.0049,2.505,Brain Gain
SRB,2014,7130576.0,18801.0,18801.0,170.0,195.0,-25.0,0.010371788,0.009042072,-0.0013297165,2010s,-0.0047,2.637,Brain Drain
SRB,2015,7095383.0,19321.0,19321.0,185.0,194.0,-9.0,0.010040889,0.009575074,-0.0004658144,2010s,-0.0049,2.723,Brain Drain
SRB,2016,7058322.0,19689.0,19689.0,191.0,232.0,-41.0,0.011783229,0.009700848,-0.002082381,2010s,-0.0052,2.789,Brain Drain
SRB,2017,7020858.0,20158.0,20158.0,175.0,243.0,-68.0,0.012054767,0.0086814165,-0.0033733505,2010s,-0.0053,2.871,Brain Drain
SRB,2018,6982604.0,20477.0,20477.0,167.0,257.0,-90.0,0.012550667,0.008155491,-0.0043951753,2010s,-0.0054,2.933,Brain Drain
SRB,2019,6945235.0,20770.0,20770.0,222.0,235.0,-13.0,0.011314396,0.010688493,-0.0006259027,2010s,-0.0054,2.991,Brain Drain
SRB,2020,6899126.0,20765.0,20765.0,255.0,266.0,-11.0,0.012810017,0.01228028,-0.00052973756,2020s,-0.0066,3.01,Brain Drain
SRB,2021,6834326.0,19976.0,19976.0,251.0,241.0,10.0,0.012064477,0.012565078,0.0005006007,2020s,-0.0094,2.923,Brain Gain
SRB,2022,6664449.0,0.0,0.0,205.0,212.0,-7.0,,,,2020s,-0.0249,0.0,Brain Drain
SRB,2023,6664449.0,0.0,0.0,98.0,131.0,-33.0,,,,2020s,0.0,0.0,Brain Drain
SSD,1996,5434894.0,,,,,,,,,1990s,,,Unknown
SSD,1997,5589410.0,,,,,,,,,1990s,0.0284,,Unknown
SSD,1998,5699436.0,,,,,,,,,1990s,0.0197,,Unknown
SSD,1999,5850145.0,,,,,,,,,1990s,0.0264,,Unknown
SSD,2000,6114440.0,,,,,,,,,2000s,0.0452,,Unknown
SSD,2001,6394431.0,,,,,,,,,2000s,0.0458,,Unknown
SSD,2002,6686100.0,,,,,,,,,2000s,0.0456,,Unknown
SSD,2003,6992367.0,,,,,,,,,2000s,0.0458,,Unknown
SSD,2004,7317118.0,,,,,,,,,2000s,0.0464,,Unknown
SSD,2005,7662654.0,,,,,,,,,2000s,0.0472,,Unknown
SSD,2006,8029517.0,,,,,,,,,2000s,0.0479,,Unknown
SSD,2007,8417823.0,,,,,,,,,2000s,0.0484,,Unknown
SSD,2008,8823888.0,1.0,1.0,0.0,0.0,0.0,0.0,0.0,0.0,2000s,0.0482,0.0,Balanced
SSD,2009,9229227.0,,,,,,,,,2000s,0.0459,,Unknown
SSD,2010,9714419.0,,,,,,,,,2010s,0.0526,,Unknown
SSD,2011,10243050.0,,,,,,,,,2010s,0.0544,,Unknown
SSD,2012,10701604.0,,,,,,,,,2010s,0.0448,,Unknown
SSD,2013,11106031.0,,,,,,,,,2010s,0.0378,,Unknown
SSD,2014,11213284.0,23.0,23.0,6.0,0.0,6.0,0.0,0.26086956,0.26086956,2010s,0.0097,0.002,Brain Gain
SSD,2015,11194299.0,31.0,31.0,8.0,1.0,7.0,0.032258064,0.2580645,0.22580644,2010s,-0.0017,0.003,Brain Gain
SSD,2016,11066105.0,39.0,39.0,4.0,4.0,0.0,0.102564104,0.102564104,0.0,2010s,-0.0115,0.004,Balanced
SSD,2017,10658226.0,35.0,35.0,4.0,7.0,-3.0,0.2,0.114285715,-0.08571429,2010s,-0.0369,0.003,Brain Drain
SSD,2018,10395329.0,43.0,43.0,10.0,4.0,6.0,0.093023255,0.23255815,0.13953489,2010s,-0.0247,0.004,Brain Gain
SSD,2019,10447666.0,58.0,58.0,15.0,6.0,9.0,0.10344828,0.25862068,0.15517241,2010s,0.005,0.006,Brain Gain
SSD,2020,10606227.0,74.0,74.0,12.0,5.0,7.0,0.067567565,0.16216215,0.0945946,2020s,0.0152,0.007,Brain Gain
SSD,2021,10748272.0,92.0,92.0,28.0,5.0,23.0,0.054347824,0.3043478,0.25,2020s,0.0134,0.009,Brain Gain
SSD,2022,10913164.0,0.0,0.0,18.0,4.0,14.0,,,,2020s,0.0153,0.0,Brain Gain
SSD,2023,10913164.0,,,,,,,,,2020s,0.0,,Unknown
STP,1996,135412.0,1.0,1.0,0.0,0.0,0.0,0.0,0.0,0.0,1990s,,0.007,Balanced
STP,1997,137656.0,,,,,,,,,1990s,0.0166,,Unknown
STP,1998,139790.0,,,,,,,,,1990s,0.0155,,Unknown
STP,1999,141808.0,,,,,,,,,1990s,0.0144,,Unknown
STP,2000,143714.0,3.0,3.0,0.0,1.0,-1.0,0.33333334,0.0,-0.33333334,2000s,0.0134,0.021,Brain Drain
STP,2001,146258.0,2.0,2.0,0.0,1.0,-1.0,0.5,0.0,-0.5,2000s,0.0177,0.014,Brain Drain
STP,2002,149841.0,,,,,,,,,2000s,0.0245,,Unknown
STP,2003,153762.0,,,,,,,,,2000s,0.0262,,Unknown
STP,2004,157697.0,,,,,,,,,2000s,0.0256,,Unknown
STP,2005,161680.0,8.0,8.0,0.0,0.0,0.0,0.0,0.0,0.0,2000s,0.0253,0.049,Balanced
STP,2006,165725.0,9.0,9.0,1.0,0.0,1.0,0.0,0.11111111,0.11111111,2000s,0.025,0.054,Brain Gain
STP,2007,169845.0,,,,,,,,,2000s,0.0249,,Unknown
STP,2008,174004.0,,,,,,,,,2000s,0.0245,,Unknown
STP,2009,178128.0,13.0,13.0,1.0,0.0,1.0,0.0,0.07692308,0.07692308,2000s,0.0237,0.073,Brain Gain
STP,2010,182138.0,7.0,7.0,0.0,1.0,-1.0,0.14285715,0.0,-0.14285715,2010s,0.0225,0.038,Brain Drain
STP,2011,186044.0,,,,,,,,,2010s,0.0214,,Unknown
STP,2012,189924.0,,,,,,,,,2010s,0.0209,,Unknown
STP,2013,193757.0,,,,,,,,,2010s,0.0202,,Unknown
STP,2014,197497.0,8.0,8.0,0.0,0.0,0.0,0.0,0.0,0.0,2010s,0.0193,0.041,Balanced
STP,2015,201124.0,9.0,9.0,2.0,1.0,1.0,0.11111111,0.22222222,0.11111111,2010s,0.0184,0.045,Brain Gain
STP,2016,204632.0,8.0,8.0,1.0,3.0,-2.0,0.375,0.125,-0.25,2010s,0.0174,0.039,Brain Drain
STP,2017,208036.0,11.0,11.0,1.0,0.0,1.0,0.0,0.09090909,0.09090909,2010s,0.0166,0.053,Brain Gain
STP,2018,211344.0,13.0,13.0,0.0,2.0,-2.0,0.15384616,0.0,-0.15384616,2010s,0.0159,0.062,Brain Drain
STP,2019,214599.0,20.0,20.0,5.0,0.0,5.0,0.0,0.25,0.25,2010s,0.0154,0.093,Brain Gain
STP,2020,218641.0,26.0,26.0,4.0,0.0,4.0,0.0,0.15384616,0.15384616,2020s,0.0188,0.119,Brain Gain
STP,2021,223107.0,26.0,26.0,2.0,2.0,0.0,0.07692308,0.07692308,0.0,2020s,0.0204,0.117,Balanced
STP,2022,227380.0,0.0,0.0,0.0,1.0,-1.0,,,,2020s,0.0192,0.0,Brain Drain
STP,2023,227380.0,,,,,,,,,2020s,0.0,,Unknown
SUR,1996,443834.0,9.0,9.0,0.0,0.0,0.0,0.0,0.0,0.0,1990s,,0.02,Balanced
SUR,1997,452887.0,11.0,11.0,0.0,0.0,0.0,0.0,0.0,0.0,1990s,0.0204,0.024,Balanced
SUR,1998,461749.0,,,,,,,,,1990s,0.0196,,Unknown
SUR,1999,470458.0,16.0,16.0,0.0,0.0,0.0,0.0,0.0,0.0,1990s,0.0189,0.034,Balanced
SUR,2000,478998.0,18.0,18.0,0.0,0.0,0.0,0.0,0.0,0.0,2000s,0.0182,0.038,Balanced
SUR,2001,487394.0,20.0,20.0,2.0,0.0,2.0,0.0,0.1,0.1,2000s,0.0175,0.041,Brain Gain
SUR,2002,495666.0,25.0,25.0,3.0,1.0,2.0,0.04,0.12,0.08,2000s,0.017,0.05,Brain Gain
SUR,2003,503780.0,34.0,34.0,0.0,0.0,0.0,0.0,0.0,0.0,2000s,0.0164,0.067,Balanced
SUR,2004,510572.0,38.0,38.0,2.0,0.0,2.0,0.0,0.05263158,0.05263158,2000s,0.0135,0.074,Brain Gain
SUR,2005,516220.0,36.0,36.0,0.0,2.0,-2.0,0.055555556,0.0,-0.055555556,2000s,0.0111,0.07,Brain Drain
SUR,2006,522023.0,37.0,37.0,1.0,1.0,0.0,0.027027028,0.027027028,0.0,2000s,0.0112,0.071,Balanced
SUR,2007,527946.0,37.0,37.0,0.0,1.0,-1.0,0.027027028,0.0,-0.027027028,2000s,0.0113,0.07,Brain Drain
SUR,2008,533938.0,38.0,38.0,0.0,0.0,0.0,0.0,0.0,0.0,2000s,0.0113,0.071,Balanced
SUR,2009,539987.0,41.0,41.0,2.0,1.0,1.0,0.024390243,0.048780486,0.024390243,2000s,0.0113,0.076,Brain Gain
SUR,2010,546080.0,53.0,53.0,2.0,1.0,1.0,0.018867925,0.03773585,0.018867925,2010s,0.0113,0.097,Brain Gain
SUR,2011,552146.0,49.0,49.0,2.0,1.0,1.0,0.020408163,0.040816326,0.020408163,2010s,0.0111,0.089,Brain Gain
SUR,2012,558111.0,54.0,54.0,4.0,1.0,3.0,0.018518519,0.074074075,0.055555556,2010s,0.0108,0.097,Brain Gain
SUR,2013,563947.0,80.0,80.0,6.0,1.0,5.0,0.0125,0.075,0.0625,2010s,0.0105,0.142,Brain Gain
SUR,2014,569682.0,101.0,101.0,8.0,0.0,8.0,0.0,0.07920792,0.07920792,2010s,0.0102,0.177,Brain Gain
SUR,2015,575475.0,114.0,114.0,11.0,3.0,8.0,0.02631579,0.096491225,0.07017544,2010s,0.0102,0.198,Brain Gain
SUR,2016,581453.0,111.0,111.0,1.0,6.0,-5.0,0.054054055,0.009009009,-0.045045044,2010s,0.0104,0.191,Brain Drain
SUR,2017,587559.0,124.0,124.0,4.0,4.0,0.0,0.032258064,0.032258064,0.0,2010s,0.0105,0.211,Balanced
SUR,2018,593715.0,131.0,131.0,7.0,6.0,1.0,0.045801528,0.053435113,0.007633588,2010s,0.0105,0.221,Brain Gain
SUR,2019,600301.0,141.0,141.0,13.0,3.0,10.0,0.021276595,0.09219858,0.07092199,2010s,0.0111,0.235,Brain Gain
SUR,2020,607065.0,123.0,123.0,0.0,7.0,-7.0,0.05691057,0.0,-0.05691057,2020s,0.0113,0.203,Brain Drain
SUR,2021,612985.0,128.0,128.0,9.0,7.0,2.0,0.0546875,0.0703125,0.015625,2020s,0.0098,0.209,Brain Gain
SUR,2022,618040.0,0.0,0.0,5.0,5.0,0.0,,,,2020s,0.0082,0.0,Balanced
SUR,2023,618040.0,,,,,,,,,2020s,0.0,,Unknown
SVK,1996,5373361.0,4405.0,4405.0,0.0,0.0,0.0,0.0,0.0,0.0,1990s,,0.82,Balanced
SVK,1997,5383291.0,5089.0,5089.0,98.0,98.0,0.0,0.019257221,0.019257221,0.0,1990s,0.0018,0.945,Balanced
SVK,1998,5390516.0,5723.0,5723.0,96.0,100.0,-4.0,0.017473353,0.01677442,-0.00069893413,1990s,0.0013,1.062,Brain Drain
SVK,1999,5396020.0,6075.0,6075.0,84.0,96.0,-12.0,0.01580247,0.013827161,-0.0019753086,1990s,0.001,1.126,Brain Drain
SVK,2000,5388720.0,6382.0,6382.0,113.0,141.0,-28.0,0.022093387,0.017706048,-0.0043873396,2000s,-0.0014,1.184,Brain Drain
SVK,2001,5378867.0,6653.0,6653.0,134.0,165.0,-31.0,0.024800843,0.02014129,-0.004659552,2000s,-0.0018,1.237,Brain Drain
SVK,2002,5376912.0,6914.0,6914.0,137.0,213.0,-76.0,0.030807057,0.019814868,-0.01099219,2000s,-0.0004,1.286,Brain Drain
SVK,2003,5373374.0,7183.0,7183.0,142.0,204.0,-62.0,0.02840039,0.0197689,-0.008631491,2000s,-0.0007,1.337,Brain Drain
SVK,2004,5372280.0,7435.0,7435.0,112.0,165.0,-53.0,0.022192333,0.015063887,-0.0071284464,2000s,-0.0002,1.384,Brain Drain
SVK,2005,5372807.0,7840.0,7840.0,103.0,168.0,-65.0,0.021428572,0.013137755,-0.008290816,2000s,0.0001,1.459,Brain Drain
SVK,2006,5373054.0,8334.0,8334.0,128.0,152.0,-24.0,0.01823854,0.015358771,-0.0028797695,2000s,0.0,1.551,Brain Drain
SVK,2007,5374622.0,8746.0,8746.0,139.0,165.0,-26.0,0.018865768,0.015892979,-0.0029727875,2000s,0.0003,1.627,Brain Drain
SVK,2008,5379233.0,9288.0,9288.0,146.0,191.0,-45.0,0.020564169,0.015719207,-0.004844961,2000s,0.0009,1.727,Brain Drain
SVK,2009,5386406.0,9906.0,9906.0,152.0,179.0,-27.0,0.018069856,0.015344236,-0.0027256208,2000s,0.0013,1.839,Brain Drain
SVK,2010,5391428.0,10487.0,10487.0,176.0,180.0,-4.0,0.017164107,0.016782684,-0.00038142462,2010s,0.0009,1.945,Brain Drain
SVK,2011,5398384.0,11285.0,11285.0,172.0,181.0,-9.0,0.01603899,0.015241471,-0.0007975188,2010s,0.0013,2.09,Brain Drain
SVK,2012,5407579.0,12178.0,12178.0,175.0,191.0,-16.0,0.01568402,0.014370176,-0.0013138447,2010s,0.0017,2.252,Brain Drain
SVK,2013,5413393.0,12922.0,12922.0,189.0,201.0,-12.0,0.015554868,0.014626219,-0.0009286488,2010s,0.0011,2.387,Brain Drain
SVK,2014,5418649.0,13628.0,13628.0,188.0,230.0,-42.0,0.016877018,0.013795128,-0.0030818903,2010s,0.001,2.515,Brain Drain
SVK,2015,5423801.0,14221.0,14221.0,184.0,211.0,-27.0,0.014837213,0.012938612,-0.0018986006,2010s,0.001,2.622,Brain Drain
SVK,2016,5430798.0,14704.0,14704.0,205.0,219.0,-14.0,0.014893906,0.013941784,-0.00095212186,2010s,0.0013,2.708,Brain Drain
SVK,2017,5439232.0,15150.0,15150.0,243.0,199.0,44.0,0.013135314,0.016039604,0.0029042903,2010s,0.0016,2.785,Brain Gain
SVK,2018,5446771.0,15650.0,15650.0,247.0,234.0,13.0,0.014952077,0.015782747,0.00083067094,2010s,0.0014,2.873,Brain Gain
SVK,2019,5454147.0,15920.0,15920.0,208.0,229.0,-21.0,0.014384422,0.013065327,-0.0013190955,2010s,0.0014,2.919,Brain Drain
SVK,2020,5458827.0,15794.0,15794.0,214.0,212.0,2.0,0.013422819,0.013549449,0.00012663036,2020s,0.0009,2.893,Brain Gain
SVK,2021,5447247.0,15180.0,15180.0,220.0,202.0,18.0,0.013306983,0.014492754,0.0011857707,2020s,-0.0021,2.787,Brain Gain
SVK,2022,5431752.0,0.0,0.0,184.0,160.0,24.0,,,,2020s,-0.0028,0.0,Brain Gain
SVK,2023,5431752.0,0.0,0.0,103.0,105.0,-2.0,,,,2020s,0.0,0.0,Brain Drain
SVN,1996,1988628.0,2384.0,2384.0,0.0,0.0,0.0,0.0,0.0,0.0,1990s,,1.199,Balanced
SVN,1997,1985956.0,2814.0,2814.0,31.0,41.0,-10.0,0.014570007,0.0110163465,-0.0035536604,1990s,-0.0013,1.417,Brain Drain
SVN,1998,1981629.0,3369.0,3369.0,65.0,35.0,30.0,0.010388839,0.01929356,0.00890472,1990s,-0.0022,1.7,Brain Gain
SVN,1999,1983045.0,3783.0,3783.0,47.0,52.0,-5.0,0.013745705,0.012424002,-0.0013217024,1990s,0.0007,1.908,Brain Drain
SVN,2000,1988925.0,4155.0,4155.0,53.0,51.0,2.0,0.012274369,0.012755716,0.0004813478,2000s,0.003,2.089,Brain Gain
SVN,2001,1992060.0,4555.0,4555.0,54.0,79.0,-25.0,0.017343579,0.011855104,-0.0054884744,2000s,0.0016,2.287,Brain Drain
SVN,2002,1994530.0,4937.0,4937.0,83.0,60.0,23.0,0.012153129,0.016811829,0.0046586995,2000s,0.0012,2.475,Brain Gain
SVN,2003,1995733.0,5352.0,5352.0,75.0,64.0,11.0,0.0119581465,0.014013452,0.0020553065,2000s,0.0006,2.682,Brain Gain
SVN,2004,1997012.0,5727.0,5727.0,69.0,60.0,9.0,0.01047669,0.012048192,0.0015715034,2000s,0.0006,2.868,Brain Gain
SVN,2005,2000474.0,6199.0,6199.0,84.0,60.0,24.0,0.00967898,0.013550573,0.0038715922,2000s,0.0017,3.099,Brain Gain
SVN,2006,2006868.0,6774.0,6774.0,101.0,70.0,31.0,0.010333628,0.01490995,0.004576321,2000s,0.0032,3.375,Brain Gain
SVN,2007,2018122.0,7377.0,7377.0,103.0,82.0,21.0,0.011115629,0.013962315,0.0028466857,2000s,0.0056,3.655,Brain Gain
SVN,2008,2021316.0,7923.0,7923.0,97.0,115.0,-18.0,0.014514704,0.012242837,-0.0022718667,2000s,0.0016,3.92,Brain Drain
SVN,2009,2039669.0,8514.0,8514.0,108.0,113.0,-5.0,0.0132722575,0.01268499,-0.00058726803,2000s,0.0091,4.174,Brain Drain
SVN,2010,2048583.0,8944.0,8944.0,93.0,121.0,-28.0,0.013528623,0.010398032,-0.0031305903,2010s,0.0044,4.366,Brain Drain
SVN,2011,2052843.0,9435.0,9435.0,112.0,149.0,-37.0,0.015792264,0.011870694,-0.003921569,2010s,0.0021,4.596,Brain Drain
SVN,2012,2057159.0,9833.0,9833.0,134.0,151.0,-17.0,0.015356453,0.01362758,-0.0017288722,2010s,0.0021,4.78,Brain Drain
SVN,2013,2059953.0,10213.0,10213.0,97.0,132.0,-35.0,0.012924704,0.009497699,-0.003427005,2010s,0.0014,4.958,Brain Drain
SVN,2014,2061980.0,10501.0,10501.0,112.0,175.0,-63.0,0.016665079,0.0106656505,-0.0059994287,2010s,0.001,5.093,Brain Drain
SVN,2015,2063531.0,10702.0,10702.0,113.0,154.0,-41.0,0.014389833,0.010558774,-0.0038310597,2010s,0.0008,5.186,Brain Drain
SVN,2016,2065042.0,10819.0,10819.0,136.0,185.0,-49.0,0.017099546,0.012570478,-0.004529069,2010s,0.0007,5.239,Brain Drain
SVN,2017,2066388.0,10993.0,10993.0,155.0,171.0,-16.0,0.015555354,0.014099882,-0.0014554716,2010s,0.0007,5.32,Brain Drain
SVN,2018,2073894.0,11201.0,11201.0,166.0,181.0,-15.0,0.016159272,0.014820105,-0.0013391662,2010s,0.0036,5.401,Brain Drain
SVN,2019,2088385.0,11372.0,11372.0,178.0,185.0,-7.0,0.016268026,0.01565248,-0.00061554695,2010s,0.007,5.445,Brain Drain
SVN,2020,2102419.0,11311.0,11311.0,181.0,177.0,4.0,0.015648484,0.016002122,0.00035363805,2020s,0.0067,5.38,Brain Gain
SVN,2021,2108079.0,11001.0,11001.0,195.0,162.0,33.0,0.014725934,0.017725661,0.0029997274,2020s,0.0027,5.218,Brain Gain
SVN,2022,2111986.0,0.0,0.0,128.0,141.0,-13.0,,,,2020s,0.0019,0.0,Brain Drain
SVN,2023,2111986.0,0.0,0.0,102.0,74.0,28.0,,,,2020s,0.0,0.0,Brain Gain
SWE,1996,8840998.0,25579.0,25579.0,0.0,0.0,0.0,0.0,0.0,0.0,1990s,,2.893,Balanced
SWE,1997,8846062.0,29272.0,29272.0,625.0,662.0,-37.0,0.022615468,0.021351462,-0.0012640066,1990s,0.0006,3.309,Brain Drain
SWE,1998,8850974.0,32659.0,32659.0,831.0,820.0,11.0,0.025107933,0.025444748,0.00033681374,1990s,0.0006,3.69,Brain Gain
SWE,1999,8857874.0,35169.0,35169.0,936.0,923.0,13.0,0.026244704,0.026614347,0.00036964373,1990s,0.0008,3.97,Brain Gain
SWE,2000,8872109.0,37065.0,37065.0,1051.0,1007.0,44.0,0.027168488,0.028355591,0.0011871037,2000s,0.0016,4.178,Brain Gain
SWE,2001,8895960.0,38782.0,38782.0,1199.0,1256.0,-57.0,0.032386158,0.030916404,-0.001469754,2000s,0.0027,4.36,Brain Drain
SWE,2002,8924958.0,40371.0,40371.0,1164.0,1352.0,-188.0,0.033489387,0.028832577,-0.004656808,2000s,0.0033,4.523,Brain Drain
SWE,2003,8958229.0,42060.0,42060.0,1147.0,1224.0,-77.0,0.029101284,0.027270567,-0.001830718,2000s,0.0037,4.695,Brain Drain
SWE,2004,8993531.0,43483.0,43483.0,967.0,1087.0,-120.0,0.024998276,0.022238577,-0.0027596992,2000s,0.0039,4.835,Brain Drain
SWE,2005,9029572.0,44897.0,44897.0,939.0,1097.0,-158.0,0.024433704,0.020914538,-0.003519166,2000s,0.004,4.972,Brain Drain
SWE,2006,9080505.0,46096.0,46096.0,944.0,1190.0,-246.0,0.025815688,0.020479001,-0.005336689,2000s,0.0056,5.076,Brain Drain
SWE,2007,9148092.0,47596.0,47596.0,997.0,1264.0,-267.0,0.026556853,0.020947138,-0.005609715,2000s,0.0074,5.203,Brain Drain
SWE,2008,9219637.0,48898.0,48898.0,1138.0,1262.0,-124.0,0.025808826,0.023272935,-0.002535891,2000s,0.0078,5.304,Brain Drain
SWE,2009,9298515.0,50424.0,50424.0,1228.0,1318.0,-90.0,0.026138347,0.024353482,-0.0017848643,2000s,0.0086,5.423,Brain Drain
SWE,2010,9378126.0,52279.0,52279.0,1383.0,1352.0,31.0,0.025861245,0.026454216,0.0005929723,2010s,0.0086,5.575,Brain Gain
SWE,2011,9449213.0,54319.0,54319.0,1568.0,1320.0,248.0,0.02430089,0.02886651,0.0045656217,2010s,0.0076,5.749,Brain Gain
SWE,2012,9519374.0,56435.0,56435.0,1634.0,1424.0,210.0,0.025232568,0.028953664,0.0037210952,2010s,0.0074,5.928,Brain Gain
SWE,2013,9600379.0,58812.0,58812.0,1813.0,1330.0,483.0,0.022614432,0.030827042,0.008212609,2010s,0.0085,6.126,Brain Gain
SWE,2014,9696110.0,60827.0,60827.0,1848.0,1600.0,248.0,0.026304109,0.030381246,0.004077137,2010s,0.01,6.273,Brain Gain
SWE,2015,9799186.0,62861.0,62861.0,2044.0,1520.0,524.0,0.024180334,0.032516185,0.008335852,2010s,0.0106,6.415,Brain Gain
SWE,2016,9923085.0,64352.0,64352.0,2043.0,1768.0,275.0,0.027473893,0.031747267,0.0042733713,2010s,0.0126,6.485,Brain Gain
SWE,2017,10057698.0,65695.0,65695.0,2199.0,1757.0,442.0,0.026744805,0.033472866,0.0067280615,2010s,0.0136,6.532,Brain Gain
SWE,2018,10175214.0,66922.0,66922.0,2320.0,1896.0,424.0,0.02833149,0.034667224,0.006335734,2010s,0.0117,6.577,Brain Gain
SWE,2019,10278887.0,67748.0,67748.0,2294.0,1945.0,349.0,0.028709335,0.033860777,0.0051514436,2010s,0.0102,6.591,Brain Gain
SWE,2020,10353442.0,67401.0,67401.0,2469.0,1918.0,551.0,0.028456552,0.036631502,0.008174953,2020s,0.0073,6.51,Brain Gain
SWE,2021,10415811.0,65159.0,65159.0,2458.0,1941.0,517.0,0.029788671,0.03772311,0.007934437,2020s,0.006,6.256,Brain Gain
SWE,2022,10486941.0,0.0,0.0,1935.0,1738.0,197.0,,,,2020s,0.0068,0.0,Brain Gain
SWE,2023,10486941.0,0.0,0.0,1293.0,1053.0,240.0,,,,2020s,0.0,0.0,Brain Gain
SWZ,1996,973587.0,25.0,25.0,0.0,0.0,0.0,0.0,0.0,0.0,1990s,,0.026,Balanced
SWZ,1997,990734.0,30.0,30.0,4.0,4.0,0.0,0.13333334,0.13333334,0.0,1990s,0.0176,0.03,Balanced
SWZ,1998,1005158.0,34.0,34.0,6.0,3.0,3.0,0.0882353,0.1764706,0.0882353,1990s,0.0146,0.034,Brain Gain
SWZ,1999,1018370.0,34.0,34.0,3.0,4.0,-1.0,0.11764706,0.0882353,-0.029411765,1990s,0.0131,0.033,Brain Drain
SWZ,2000,1030496.0,36.0,36.0,4.0,5.0,-1.0,0.1388889,0.11111111,-0.027777778,2000s,0.0119,0.035,Brain Drain
SWZ,2001,1041396.0,29.0,29.0,1.0,7.0,-6.0,0.2413793,0.03448276,-0.20689656,2000s,0.0106,0.028,Brain Drain
SWZ,2002,1050809.0,39.0,39.0,7.0,3.0,4.0,0.07692308,0.17948718,0.102564104,2000s,0.009,0.037,Brain Gain
SWZ,2003,1058797.0,47.0,47.0,3.0,2.0,1.0,0.04255319,0.06382979,0.021276595,2000s,0.0076,0.044,Brain Gain
SWZ,2004,1065764.0,55.0,55.0,5.0,1.0,4.0,0.018181818,0.09090909,0.07272727,2000s,0.0066,0.052,Brain Gain
SWZ,2005,1071886.0,57.0,57.0,2.0,4.0,-2.0,0.07017544,0.03508772,-0.03508772,2000s,0.0057,0.053,Brain Drain
SWZ,2006,1077735.0,68.0,68.0,5.0,3.0,2.0,0.04411765,0.073529415,0.029411765,2000s,0.0055,0.063,Brain Gain
SWZ,2007,1084008.0,81.0,81.0,8.0,3.0,5.0,0.037037037,0.09876543,0.061728396,2000s,0.0058,0.075,Brain Gain
SWZ,2008,1089870.0,108.0,108.0,11.0,6.0,5.0,0.055555556,0.10185185,0.046296295,2000s,0.0054,0.099,Brain Gain
SWZ,2009,1094886.0,123.0,123.0,17.0,12.0,5.0,0.09756097,0.13821138,0.040650405,2000s,0.0046,0.112,Brain Gain
SWZ,2010,1099920.0,131.0,131.0,20.0,19.0,1.0,0.14503817,0.15267175,0.007633588,2010s,0.0046,0.119,Brain Gain
SWZ,2011,1105371.0,130.0,130.0,18.0,17.0,1.0,0.13076924,0.13846155,0.0076923077,2010s,0.005,0.118,Brain Gain
SWZ,2012,1111444.0,139.0,139.0,24.0,27.0,-3.0,0.19424461,0.17266187,-0.021582734,2010s,0.0055,0.125,Brain Drain
SWZ,2013,1118319.0,134.0,134.0,17.0,22.0,-5.0,0.1641791,0.12686567,-0.03731343,2010s,0.0062,0.12,Brain Drain
SWZ,2014,1125865.0,155.0,155.0,17.0,18.0,-1.0,0.11612903,0.10967742,-0.006451613,2010s,0.0067,0.138,Brain Drain
SWZ,2015,1133936.0,194.0,194.0,31.0,13.0,18.0,0.067010306,0.15979381,0.0927835,2010s,0.0072,0.171,Brain Gain
SWZ,2016,1142524.0,230.0,230.0,25.0,20.0,5.0,0.08695652,0.10869565,0.02173913,2010s,0.0076,0.201,Brain Gain
SWZ,2017,1151390.0,227.0,227.0,20.0,29.0,-9.0,0.1277533,0.08810572,-0.039647575,2010s,0.0078,0.197,Brain Drain
SWZ,2018,1160428.0,253.0,253.0,27.0,22.0,5.0,0.08695652,0.10671937,0.019762846,2010s,0.0078,0.218,Brain Gain
SWZ,2019,1169613.0,272.0,272.0,31.0,29.0,2.0,0.106617644,0.113970585,0.007352941,2010s,0.0079,0.233,Brain Gain
SWZ,2020,1180655.0,275.0,275.0,33.0,31.0,2.0,0.11272727,0.12,0.0072727273,2020s,0.0094,0.233,Brain Gain
SWZ,2021,1192271.0,261.0,261.0,31.0,36.0,-5.0,0.13793103,0.118773945,-0.019157087,2020s,0.0098,0.219,Brain Drain
SWZ,2022,1201670.0,0.0,0.0,34.0,22.0,12.0,,,,2020s,0.0079,0.0,Brain Gain
SWZ,2023,1201670.0,,,,,,,,,2020s,0.0,,Unknown
SXM,1996,31410.0,,,,,,,,,1990s,,,Unknown
SXM,1997,31195.0,,,,,,,,,1990s,-0.0068,,Unknown
SXM,1998,31240.0,,,,,,,,,1990s,0.0014,,Unknown
SXM,1999,31084.0,,,,,,,,,1990s,-0.005,,Unknown
SXM,2000,30519.0,,,,,,,,,2000s,-0.0182,,Unknown
SXM,2001,30600.0,,,,,,,,,2000s,0.0027,,Unknown
SXM,2002,30777.0,,,,,,,,,2000s,0.0058,,Unknown
SXM,2003,31472.0,,,,,,,,,2000s,0.0226,,Unknown
SXM,2004,32488.0,,,,,,,,,2000s,0.0323,,Unknown
SXM,2005,33011.0,,,,,,,,,2000s,0.0161,,Unknown
SXM,2006,33441.0,,,,,,,,,2000s,0.013,,Unknown
SXM,2007,33811.0,,,,,,,,,2000s,0.0111,,Unknown
SXM,2008,33964.0,,,,,,,,,2000s,0.0045,,Unknown
SXM,2009,34238.0,,,,,,,,,2000s,0.0081,,Unknown
SXM,2010,34056.0,,,,,,,,,2010s,-0.0053,,Unknown
SXM,2011,33435.0,,,,,,,,,2010s,-0.0182,,Unknown
SXM,2012,34640.0,,,,,,,,,2010s,0.036,,Unknown
SXM,2013,36607.0,,,,,,,,,2010s,0.0568,,Unknown
SXM,2014,37685.0,,,,,,,,,2010s,0.0294,,Unknown
SXM,2015,38825.0,,,,,,,,,2010s,0.0303,,Unknown
SXM,2016,39969.0,,,,,,,,,2010s,0.0295,,Unknown
SXM,2017,40574.0,,,,,,,,,2010s,0.0151,,Unknown
SXM,2018,40895.0,,,,,,,,,2010s,0.0079,,Unknown
SXM,2019,41608.0,,,,,,,,,2010s,0.0174,,Unknown
SXM,2020,42310.0,,,,,,,,,2020s,0.0169,,Unknown
SXM,2021,42668.0,8.0,8.0,3.0,0.0,3.0,0.0,0.375,0.375,2020s,0.0085,0.187,Brain Gain
SXM,2022,42848.0,0.0,0.0,10.0,3.0,7.0,,,,2020s,0.0042,0.0,Brain Gain
SXM,2023,42848.0,,,,,,,,,2020s,0.0,,Unknown
SYC,1996,76417.0,12.0,12.0,0.0,0.0,0.0,0.0,0.0,0.0,1990s,,0.157,Balanced
SYC,1997,77319.0,13.0,13.0,1.0,0.0,1.0,0.0,0.07692308,0.07692308,1990s,0.0118,0.168,Brain Gain
SYC,1998,78846.0,15.0,15.0,0.0,2.0,-2.0,0.13333334,0.0,-0.13333334,1990s,0.0197,0.19,Brain Drain
SYC,1999,80410.0,,,,,,,,,1990s,0.0198,,Unknown
SYC,2000,81131.0,17.0,17.0,1.0,0.0,1.0,0.0,0.05882353,0.05882353,2000s,0.009,0.21,Brain Gain
SYC,2001,81202.0,,,,,,,,,2000s,0.0009,,Unknown
SYC,2002,83723.0,23.0,23.0,4.0,1.0,3.0,0.04347826,0.17391305,0.13043478,2000s,0.031,0.275,Brain Gain
SYC,2003,82781.0,26.0,26.0,1.0,0.0,1.0,0.0,0.03846154,0.03846154,2000s,-0.0113,0.314,Brain Gain
SYC,2004,82475.0,36.0,36.0,3.0,1.0,2.0,0.027777778,0.083333336,0.055555556,2000s,-0.0037,0.436,Brain Gain
SYC,2005,82858.0,37.0,37.0,1.0,0.0,1.0,0.0,0.027027028,0.027027028,2000s,0.0046,0.447,Brain Gain
SYC,2006,84600.0,35.0,35.0,1.0,1.0,0.0,0.028571429,0.028571429,0.0,2000s,0.021,0.414,Balanced
SYC,2007,85033.0,37.0,37.0,2.0,2.0,0.0,0.054054055,0.054054055,0.0,2000s,0.0051,0.435,Balanced
SYC,2008,86956.0,38.0,38.0,2.0,4.0,-2.0,0.10526316,0.05263158,-0.05263158,2000s,0.0226,0.437,Brain Drain
SYC,2009,87298.0,41.0,41.0,4.0,5.0,-1.0,0.12195122,0.09756097,-0.024390243,2000s,0.0039,0.47,Brain Drain
SYC,2010,89770.0,41.0,41.0,3.0,3.0,0.0,0.07317073,0.07317073,0.0,2010s,0.0283,0.457,Balanced
SYC,2011,87441.0,47.0,47.0,7.0,4.0,3.0,0.08510638,0.14893617,0.06382979,2010s,-0.0259,0.538,Brain Gain
SYC,2012,88303.0,56.0,56.0,6.0,2.0,4.0,0.035714287,0.10714286,0.071428575,2010s,0.0099,0.634,Brain Gain
SYC,2013,89949.0,72.0,72.0,8.0,3.0,5.0,0.041666668,0.11111111,0.06944445,2010s,0.0186,0.8,Brain Gain
SYC,2014,91359.0,74.0,74.0,6.0,5.0,1.0,0.067567565,0.08108108,0.013513514,2010s,0.0157,0.81,Brain Gain
SYC,2015,93419.0,79.0,79.0,6.0,1.0,5.0,0.012658228,0.07594936,0.06329114,2010s,0.0225,0.846,Brain Gain
SYC,2016,94677.0,66.0,66.0,1.0,6.0,-5.0,0.09090909,0.015151516,-0.07575758,2010s,0.0135,0.697,Brain Drain
SYC,2017,95843.0,75.0,75.0,10.0,5.0,5.0,0.06666667,0.13333334,0.06666667,2010s,0.0123,0.783,Brain Gain
SYC,2018,96762.0,,,,,,,,,2010s,0.0096,,Unknown
SYC,2019,97625.0,98.0,98.0,4.0,9.0,-5.0,0.091836736,0.040816326,-0.05102041,2010s,0.0089,1.004,Brain Drain
SYC,2020,98462.0,102.0,102.0,9.0,6.0,3.0,0.05882353,0.0882353,0.029411765,2020s,0.0086,1.036,Brain Gain
SYC,2021,99258.0,112.0,112.0,17.0,6.0,11.0,0.05357143,0.15178572,0.09821428,2020s,0.0081,1.128,Brain Gain
SYC,2022,119878.0,0.0,0.0,7.0,4.0,3.0,,,,2020s,0.2077,0.0,Brain Gain
SYC,2023,119878.0,,,,,,,,,2020s,0.0,,Unknown
SYR,1996,14708879.0,158.0,158.0,0.0,0.0,0.0,0.0,0.0,0.0,1990s,,0.011,Balanced
SYR,1997,15103996.0,209.0,209.0,4.0,9.0,-5.0,0.043062203,0.019138755,-0.023923445,1990s,0.0269,0.014,Brain Drain
SYR,1998,15500542.0,266.0,266.0,15.0,5.0,10.0,0.018796992,0.05639098,0.037593983,1990s,0.0263,0.017,Brain Gain
SYR,1999,15901201.0,280.0,280.0,11.0,11.0,0.0,0.039285716,0.039285716,0.0,1990s,0.0258,0.018,Balanced
SYR,2000,16307654.0,303.0,303.0,21.0,13.0,8.0,0.04290429,0.06930693,0.026402641,2000s,0.0256,0.019,Brain Gain
SYR,2001,16727948.0,298.0,298.0,11.0,23.0,-12.0,0.077181205,0.03691275,-0.040268455,2000s,0.0258,0.018,Brain Drain
SYR,2002,17164021.0,329.0,329.0,17.0,13.0,4.0,0.039513677,0.051671732,0.012158055,2000s,0.0261,0.019,Brain Gain
SYR,2003,17611356.0,355.0,355.0,23.0,16.0,7.0,0.04507042,0.06478873,0.01971831,2000s,0.0261,0.02,Brain Gain
SYR,2004,18084007.0,385.0,385.0,20.0,10.0,10.0,0.025974026,0.051948052,0.025974026,2000s,0.0268,0.021,Brain Gain
SYR,2005,18583557.0,429.0,429.0,24.0,12.0,12.0,0.027972028,0.055944055,0.027972028,2000s,0.0276,0.023,Brain Gain
SYR,2006,19432009.0,492.0,492.0,32.0,22.0,10.0,0.044715445,0.06504065,0.020325202,2000s,0.0457,0.025,Brain Gain
SYR,2007,20703005.0,522.0,522.0,19.0,7.0,12.0,0.013409962,0.036398467,0.022988506,2000s,0.0654,0.025,Brain Gain
SYR,2008,21474059.0,599.0,599.0,28.0,19.0,9.0,0.031719532,0.046744574,0.015025042,2000s,0.0372,0.028,Brain Gain
SYR,2009,21827220.0,688.0,688.0,36.0,27.0,9.0,0.039244186,0.05232558,0.013081395,2000s,0.0164,0.032,Brain Gain
SYR,2010,22337563.0,785.0,785.0,34.0,27.0,7.0,0.034394905,0.043312103,0.008917198,2010s,0.0234,0.035,Brain Gain
SYR,2011,22730733.0,922.0,922.0,51.0,18.0,33.0,0.019522777,0.055314533,0.03579176,2010s,0.0176,0.041,Brain Gain
SYR,2012,22605577.0,1066.0,1066.0,44.0,26.0,18.0,0.024390243,0.041275796,0.016885553,2010s,-0.0055,0.047,Brain Gain
SYR,2013,21495821.0,1147.0,1147.0,37.0,46.0,-9.0,0.04010462,0.032258064,-0.007846557,2010s,-0.0491,0.053,Brain Drain
SYR,2014,20072232.0,1164.0,1164.0,27.0,67.0,-40.0,0.05756014,0.023195876,-0.03436426,2010s,-0.0662,0.058,Brain Drain
SYR,2015,19205178.0,1188.0,1188.0,31.0,54.0,-23.0,0.045454547,0.026094276,-0.019360268,2010s,-0.0432,0.062,Brain Drain
SYR,2016,18964252.0,1255.0,1255.0,25.0,35.0,-10.0,0.027888447,0.01992032,-0.007968128,2010s,-0.0125,0.066,Brain Drain
SYR,2017,18983373.0,1305.0,1305.0,23.0,49.0,-26.0,0.037547894,0.017624522,-0.019923372,2010s,0.001,0.069,Brain Drain
SYR,2018,19333463.0,1420.0,1420.0,34.0,34.0,0.0,0.023943663,0.023943663,0.0,2010s,0.0184,0.073,Balanced
SYR,2019,20098251.0,1558.0,1558.0,36.0,44.0,-8.0,0.028241334,0.023106547,-0.0051347883,2010s,0.0396,0.078,Brain Drain
SYR,2020,20772595.0,1671.0,1671.0,33.0,31.0,2.0,0.018551765,0.019748654,0.001196888,2020s,0.0336,0.08,Brain Gain
SYR,2021,21324367.0,1622.0,1622.0,41.0,50.0,-9.0,0.03082614,0.025277436,-0.0055487053,2020s,0.0266,0.076,Brain Drain
SYR,2022,22125249.0,0.0,0.0,24.0,29.0,-5.0,,,,2020s,0.0376,0.0,Brain Drain
SYR,2023,22125249.0,,,,,,,,,2020s,0.0,,Unknown
TCA,1996,15806.0,,,,,,,,,1990s,,,Unknown
TCA,1997,16515.0,2.0,2.0,0.0,0.0,0.0,0.0,0.0,0.0,1990s,0.0449,0.121,Balanced
TCA,1998,17239.0,,,,,,,,,1990s,0.0438,,Unknown
TCA,1999,17984.0,,,,,,,,,1990s,0.0432,,Unknown
TCA,2000,18744.0,,,,,,,,,2000s,0.0423,,Unknown
TCA,2001,19578.0,2.0,2.0,0.0,0.0,0.0,0.0,0.0,0.0,2000s,0.0445,0.102,Balanced
TCA,2002,20598.0,,,,,,,,,2000s,0.0521,,Unknown
TCA,2003,21739.0,,,,,,,,,2000s,0.0554,,Unknown
TCA,2004,22869.0,,,,,,,,,2000s,0.052,,Unknown
TCA,2005,23995.0,,,,,,,,,2000s,0.0492,,Unknown
TCA,2006,25128.0,,,,,,,,,2000s,0.0472,,Unknown
TCA,2007,26268.0,,,,,,,,,2000s,0.0454,,Unknown
TCA,2008,27422.0,10.0,10.0,0.0,0.0,0.0,0.0,0.0,0.0,2000s,0.0439,0.365,Balanced
TCA,2009,28581.0,10.0,10.0,0.0,0.0,0.0,0.0,0.0,0.0,2000s,0.0423,0.35,Balanced
TCA,2010,29726.0,,,,,,,,,2010s,0.0401,,Unknown
TCA,2011,30816.0,,,,,,,,,2010s,0.0367,,Unknown
TCA,2012,32081.0,10.0,10.0,1.0,1.0,0.0,0.1,0.1,0.0,2010s,0.0411,0.312,Balanced
TCA,2013,33594.0,9.0,9.0,1.0,0.0,1.0,0.0,0.11111111,0.11111111,2010s,0.0472,0.268,Brain Gain
TCA,2014,34985.0,,,,,,,,,2010s,0.0414,,Unknown
TCA,2015,36538.0,,,,,,,,,2010s,0.0444,,Unknown
TCA,2016,38246.0,13.0,13.0,4.0,1.0,3.0,0.07692308,0.30769232,0.23076923,2010s,0.0467,0.34,Brain Gain
TCA,2017,39844.0,,,,,,,,,2010s,0.0418,,Unknown
TCA,2018,41487.0,,,,,,,,,2010s,0.0412,,Unknown
TCA,2019,43080.0,,,,,,,,,2010s,0.0384,,Unknown
TCA,2020,44276.0,13.0,13.0,1.0,0.0,1.0,0.0,0.07692308,0.07692308,2020s,0.0278,0.294,Brain Gain
TCA,2021,45114.0,13.0,13.0,3.0,2.0,1.0,0.15384616,0.23076923,0.07692308,2020s,0.0189,0.288,Brain Gain
TCA,2022,45703.0,,,,,,,,,2020s,0.0131,,Unknown
TCA,2023,45703.0,,,,,,,,,2020s,0.0,,Unknown
TCD,1996,7200291.0,6.0,6.0,0.0,0.0,0.0,0.0,0.0,0.0,1990s,,0.001,Balanced
TCD,1997,7450874.0,8.0,8.0,0.0,2.0,-2.0,0.25,0.0,-0.25,1990s,0.0348,0.001,Brain Drain
TCD,1998,7709115.0,,,,,,,,,1990s,0.0347,,Unknown
TCD,1999,7981889.0,14.0,14.0,2.0,0.0,2.0,0.0,0.14285715,0.14285715,1990s,0.0354,0.002,Brain Gain
TCD,2000,8259137.0,,,,,,,,,2000s,0.0347,,Unknown
TCD,2001,8538804.0,27.0,27.0,2.0,0.0,2.0,0.0,0.074074075,0.074074075,2000s,0.0339,0.003,Brain Gain
TCD,2002,8838369.0,32.0,32.0,3.0,1.0,2.0,0.03125,0.09375,0.0625,2000s,0.0351,0.004,Brain Gain
TCD,2003,9196366.0,37.0,37.0,5.0,2.0,3.0,0.054054055,0.13513513,0.08108108,2000s,0.0405,0.004,Brain Gain
TCD,2004,9613503.0,47.0,47.0,5.0,2.0,3.0,0.04255319,0.10638298,0.06382979,2000s,0.0454,0.005,Brain Gain
TCD,2005,10005012.0,47.0,47.0,1.0,2.0,-1.0,0.04255319,0.021276595,-0.021276595,2000s,0.0407,0.005,Brain Drain
TCD,2006,10365614.0,43.0,43.0,1.0,4.0,-3.0,0.093023255,0.023255814,-0.069767445,2000s,0.036,0.004,Brain Drain
TCD,2007,10722731.0,44.0,44.0,2.0,2.0,0.0,0.045454547,0.045454547,0.0,2000s,0.0345,0.004,Balanced
TCD,2008,11098664.0,47.0,47.0,4.0,4.0,0.0,0.08510638,0.08510638,0.0,2000s,0.0351,0.004,Balanced
TCD,2009,11496128.0,41.0,41.0,4.0,6.0,-2.0,0.14634146,0.09756097,-0.048780486,2000s,0.0358,0.004,Brain Drain
TCD,2010,11894727.0,43.0,43.0,0.0,2.0,-2.0,0.046511628,0.0,-0.046511628,2010s,0.0347,0.004,Brain Drain
TCD,2011,12317730.0,51.0,51.0,2.0,4.0,-2.0,0.078431375,0.039215688,-0.039215688,2010s,0.0356,0.004,Brain Drain
TCD,2012,12754906.0,70.0,70.0,4.0,4.0,0.0,0.057142857,0.057142857,0.0,2010s,0.0355,0.005,Balanced
TCD,2013,13216766.0,83.0,83.0,2.0,4.0,-2.0,0.04819277,0.024096385,-0.024096385,2010s,0.0362,0.006,Brain Drain
TCD,2014,13697126.0,98.0,98.0,5.0,4.0,1.0,0.040816326,0.05102041,0.010204081,2010s,0.0363,0.007,Brain Gain
TCD,2015,14140274.0,105.0,105.0,3.0,9.0,-6.0,0.08571429,0.028571429,-0.057142857,2010s,0.0324,0.007,Brain Drain
TCD,2016,14592585.0,125.0,125.0,9.0,4.0,5.0,0.032,0.072,0.04,2010s,0.032,0.009,Brain Gain
TCD,2017,15085884.0,142.0,142.0,12.0,5.0,7.0,0.03521127,0.08450704,0.049295776,2010s,0.0338,0.009,Brain Gain
TCD,2018,15604210.0,142.0,142.0,5.0,6.0,-1.0,0.04225352,0.03521127,-0.0070422534,2010s,0.0344,0.009,Brain Drain
TCD,2019,16126866.0,167.0,167.0,17.0,1.0,16.0,0.005988024,0.1017964,0.09580839,2010s,0.0335,0.01,Brain Gain
TCD,2020,16644701.0,186.0,186.0,10.0,7.0,3.0,0.03763441,0.05376344,0.016129032,2020s,0.0321,0.011,Brain Gain
TCD,2021,17179740.0,183.0,183.0,16.0,3.0,13.0,0.016393442,0.08743169,0.07103825,2020s,0.0321,0.011,Brain Gain
TCD,2022,17723315.0,0.0,0.0,7.0,4.0,3.0,,,,2020s,0.0316,0.0,Brain Gain
TCD,2023,17723315.0,,,,,,,,,2020s,0.0,,Unknown
TGO,1996,4445883.0,106.0,106.0,0.0,0.0,0.0,0.0,0.0,0.0,1990s,,0.024,Balanced
TGO,1997,4592550.0,128.0,128.0,2.0,3.0,-1.0,0.0234375,0.015625,-0.0078125,1990s,0.033,0.028,Brain Drain
TGO,1998,4728297.0,139.0,139.0,7.0,3.0,4.0,0.021582734,0.05035971,0.02877698,1990s,0.0296,0.029,Brain Gain
TGO,1999,4867941.0,138.0,138.0,2.0,8.0,-6.0,0.057971016,0.014492754,-0.04347826,1990s,0.0295,0.028,Brain Drain
TGO,2000,5008035.0,156.0,156.0,3.0,3.0,0.0,0.01923077,0.01923077,0.0,2000s,0.0288,0.031,Balanced
TGO,2001,5145426.0,169.0,169.0,9.0,3.0,6.0,0.01775148,0.053254437,0.03550296,2000s,0.0274,0.033,Brain Gain
TGO,2002,5281538.0,154.0,154.0,6.0,8.0,-2.0,0.051948052,0.038961038,-0.012987013,2000s,0.0265,0.029,Brain Drain
TGO,2003,5421001.0,157.0,157.0,4.0,2.0,2.0,0.012738854,0.025477707,0.012738854,2000s,0.0264,0.029,Brain Gain
TGO,2004,5565218.0,167.0,167.0,9.0,8.0,1.0,0.047904193,0.053892214,0.005988024,2000s,0.0266,0.03,Brain Gain
TGO,2005,5711597.0,185.0,185.0,7.0,3.0,4.0,0.016216217,0.037837837,0.021621622,2000s,0.0263,0.032,Brain Gain
TGO,2006,5874240.0,219.0,219.0,12.0,6.0,6.0,0.02739726,0.05479452,0.02739726,2000s,0.0285,0.037,Brain Gain
TGO,2007,6047537.0,266.0,266.0,9.0,5.0,4.0,0.018796992,0.033834588,0.015037594,2000s,0.0295,0.044,Brain Gain
TGO,2008,6222482.0,301.0,301.0,7.0,5.0,2.0,0.016611295,0.023255814,0.006644518,2000s,0.0289,0.048,Brain Gain
TGO,2009,6398624.0,336.0,336.0,9.0,8.0,1.0,0.023809524,0.026785715,0.0029761905,2000s,0.0283,0.053,Brain Gain
TGO,2010,6571855.0,373.0,373.0,6.0,7.0,-1.0,0.018766755,0.01608579,-0.0026809652,2010s,0.0271,0.057,Brain Drain
TGO,2011,6748672.0,416.0,416.0,9.0,7.0,2.0,0.016826924,0.021634616,0.0048076925,2010s,0.0269,0.062,Brain Gain
TGO,2012,6926635.0,461.0,461.0,9.0,11.0,-2.0,0.023861172,0.019522777,-0.004338395,2010s,0.0264,0.067,Brain Drain
TGO,2013,7106229.0,504.0,504.0,16.0,6.0,10.0,0.011904762,0.031746034,0.01984127,2010s,0.0259,0.071,Brain Gain
TGO,2014,7288383.0,558.0,558.0,17.0,15.0,2.0,0.02688172,0.03046595,0.0035842294,2010s,0.0256,0.077,Brain Gain
TGO,2015,7473229.0,598.0,598.0,26.0,5.0,21.0,0.008361204,0.04347826,0.035117056,2010s,0.0254,0.08,Brain Gain
TGO,2016,7661354.0,637.0,637.0,10.0,14.0,-4.0,0.021978023,0.015698588,-0.006279435,2010s,0.0252,0.083,Brain Drain
TGO,2017,7852795.0,671.0,671.0,22.0,14.0,8.0,0.020864382,0.032786883,0.011922504,2010s,0.025,0.085,Brain Gain
TGO,2018,8046679.0,709.0,709.0,14.0,12.0,2.0,0.016925247,0.019746121,0.0028208746,2010s,0.0247,0.088,Brain Gain
TGO,2019,8243094.0,737.0,737.0,23.0,13.0,10.0,0.017639078,0.031207599,0.0135685215,2010s,0.0244,0.089,Brain Gain
TGO,2020,8442580.0,758.0,758.0,29.0,15.0,14.0,0.019788919,0.038258575,0.018469658,2020s,0.0242,0.09,Brain Gain
TGO,2021,8644829.0,734.0,734.0,23.0,19.0,4.0,0.025885558,0.03133515,0.005449591,2020s,0.024,0.085,Brain Gain
TGO,2022,8848699.0,0.0,0.0,17.0,6.0,11.0,,,,2020s,0.0236,0.0,Brain Gain
TGO,2023,8848699.0,,,,,,,,,2020s,0.0,,Unknown
THA,1996,60211096.0,3314.0,3314.0,0.0,0.0,0.0,0.0,0.0,0.0,1990s,,0.055,Balanced
THA,1997,60989108.0,4199.0,4199.0,110.0,55.0,55.0,0.013098356,0.026196713,0.013098356,1990s,0.0129,0.069,Brain Gain
THA,1998,61745217.0,5121.0,5121.0,142.0,88.0,54.0,0.017184144,0.02772896,0.010544815,1990s,0.0124,0.083,Brain Gain
THA,1999,62442651.0,5931.0,5931.0,165.0,123.0,42.0,0.020738492,0.02781993,0.0070814365,1990s,0.0113,0.095,Brain Gain
THA,2000,63066603.0,6778.0,6778.0,188.0,133.0,55.0,0.019622307,0.027736796,0.008114488,2000s,0.01,0.107,Brain Gain
THA,2001,63649892.0,7626.0,7626.0,255.0,208.0,47.0,0.027275112,0.03343824,0.0061631263,2000s,0.0092,0.12,Brain Gain
THA,2002,64222580.0,8560.0,8560.0,305.0,226.0,79.0,0.02640187,0.03563084,0.009228972,2000s,0.009,0.133,Brain Gain
THA,2003,64776956.0,9915.0,9915.0,401.0,207.0,194.0,0.020877458,0.04044377,0.019566314,2000s,0.0086,0.153,Brain Gain
THA,2004,65311166.0,11596.0,11596.0,418.0,193.0,225.0,0.01664367,0.03604691,0.019403242,2000s,0.0082,0.178,Brain Gain
THA,2005,65821360.0,13034.0,13034.0,432.0,224.0,208.0,0.017185822,0.033144083,0.015958263,2000s,0.0078,0.198,Brain Gain
THA,2006,66319525.0,14841.0,14841.0,425.0,231.0,194.0,0.015564989,0.028636884,0.013071896,2000s,0.0076,0.224,Brain Gain
THA,2007,66826754.0,16843.0,16843.0,504.0,297.0,207.0,0.017633438,0.029923411,0.012289972,2000s,0.0076,0.252,Brain Gain
THA,2008,67328239.0,18855.0,18855.0,542.0,305.0,237.0,0.01617608,0.02874569,0.01256961,2000s,0.0075,0.28,Brain Gain
THA,2009,67813654.0,20731.0,20731.0,531.0,300.0,231.0,0.014471082,0.025613815,0.0111427335,2000s,0.0072,0.306,Brain Gain
THA,2010,68270489.0,22681.0,22681.0,534.0,411.0,123.0,0.018120894,0.023543935,0.0054230415,2010s,0.0067,0.332,Brain Gain
THA,2011,68712846.0,24524.0,24524.0,586.0,404.0,182.0,0.016473658,0.02389496,0.0074213017,2010s,0.0065,0.357,Brain Gain
THA,2012,69157023.0,26397.0,26397.0,641.0,405.0,236.0,0.015342653,0.024283063,0.00894041,2010s,0.0065,0.382,Brain Gain
THA,2013,69578602.0,28245.0,28245.0,661.0,452.0,209.0,0.016002832,0.023402372,0.00739954,2010s,0.0061,0.406,Brain Gain
THA,2014,69960943.0,30212.0,30212.0,716.0,448.0,268.0,0.014828545,0.023699192,0.008870647,2010s,0.0055,0.432,Brain Gain
THA,2015,70294397.0,32281.0,32281.0,751.0,458.0,293.0,0.014187912,0.023264458,0.009076547,2010s,0.0048,0.459,Brain Gain
THA,2016,70607037.0,35016.0,35016.0,804.0,527.0,277.0,0.015050263,0.022960933,0.00791067,2010s,0.0044,0.496,Brain Gain
THA,2017,70898202.0,37868.0,37868.0,813.0,571.0,242.0,0.015078695,0.021469314,0.00639062,2010s,0.0041,0.534,Brain Gain
THA,2018,71127802.0,40962.0,40962.0,922.0,530.0,392.0,0.012938822,0.022508666,0.009569845,2010s,0.0032,0.576,Brain Gain
THA,2019,71307763.0,43996.0,43996.0,849.0,638.0,211.0,0.014501318,0.019297209,0.0047958908,2010s,0.0025,0.617,Brain Gain
THA,2020,71475664.0,45663.0,45663.0,946.0,697.0,249.0,0.015263999,0.020716991,0.0054529924,2020s,0.0024,0.639,Brain Gain
THA,2021,71601103.0,44975.0,44975.0,939.0,677.0,262.0,0.0150528075,0.020878267,0.0058254586,2020s,0.0018,0.628,Brain Gain
THA,2022,71697030.0,0.0,0.0,682.0,511.0,171.0,,,,2020s,0.0013,0.0,Brain Gain
THA,2023,71697030.0,0.0,0.0,430.0,402.0,28.0,,,,2020s,0.0,0.0,Brain Gain
TJK,1996,6035600.0,64.0,64.0,0.0,0.0,0.0,0.0,0.0,0.0,1990s,,0.011,Balanced
TJK,1997,6117069.0,79.0,79.0,1.0,2.0,-1.0,0.025316456,0.012658228,-0.012658228,1990s,0.0135,0.013,Brain Drain
TJK,1998,6156805.0,92.0,92.0,1.0,6.0,-5.0,0.06521739,0.010869565,-0.054347824,1990s,0.0065,0.015,Brain Drain
TJK,1999,6189565.0,97.0,97.0,2.0,0.0,2.0,0.0,0.020618556,0.020618556,1990s,0.0053,0.016,Brain Gain
TJK,2000,6272998.0,102.0,102.0,1.0,4.0,-3.0,0.039215688,0.009803922,-0.029411765,2000s,0.0135,0.016,Brain Drain
TJK,2001,6408810.0,101.0,101.0,2.0,4.0,-2.0,0.03960396,0.01980198,-0.01980198,2000s,0.0217,0.016,Brain Drain
TJK,2002,6541755.0,106.0,106.0,1.0,3.0,-2.0,0.028301887,0.009433962,-0.018867925,2000s,0.0207,0.016,Brain Drain
TJK,2003,6672492.0,107.0,107.0,1.0,6.0,-5.0,0.056074765,0.009345794,-0.046728972,2000s,0.02,0.016,Brain Drain
TJK,2004,6801204.0,108.0,108.0,2.0,2.0,0.0,0.018518519,0.018518519,0.0,2000s,0.0193,0.016,Balanced
TJK,2005,6929145.0,110.0,110.0,1.0,1.0,0.0,0.009090909,0.009090909,0.0,2000s,0.0188,0.016,Balanced
TJK,2006,7057417.0,123.0,123.0,2.0,0.0,2.0,0.0,0.016260162,0.016260162,2000s,0.0185,0.017,Brain Gain
TJK,2007,7188391.0,128.0,128.0,0.0,1.0,-1.0,0.0078125,0.0,-0.0078125,2000s,0.0186,0.018,Brain Drain
TJK,2008,7324627.0,141.0,141.0,4.0,2.0,2.0,0.014184397,0.028368793,0.014184397,2000s,0.019,0.019,Brain Gain
TJK,2009,7468596.0,135.0,135.0,0.0,5.0,-5.0,0.037037037,0.0,-0.037037037,2000s,0.0197,0.018,Brain Drain
TJK,2010,7621779.0,141.0,141.0,2.0,6.0,-4.0,0.04255319,0.014184397,-0.028368793,2010s,0.0205,0.018,Brain Drain
TJK,2011,7784819.0,181.0,181.0,6.0,2.0,4.0,0.011049724,0.03314917,0.022099448,2010s,0.0214,0.023,Brain Gain
TJK,2012,7956382.0,201.0,201.0,2.0,4.0,-2.0,0.019900497,0.0099502485,-0.0099502485,2010s,0.022,0.025,Brain Drain
TJK,2013,8136610.0,217.0,217.0,12.0,7.0,5.0,0.032258064,0.05529954,0.023041476,2010s,0.0227,0.027,Brain Gain
TJK,2014,8326348.0,242.0,242.0,8.0,14.0,-6.0,0.05785124,0.03305785,-0.024793388,2010s,0.0233,0.029,Brain Drain
TJK,2015,8524063.0,270.0,270.0,15.0,7.0,8.0,0.025925925,0.055555556,0.02962963,2010s,0.0237,0.032,Brain Gain
TJK,2016,8725318.0,282.0,282.0,4.0,10.0,-6.0,0.035460994,0.014184397,-0.021276595,2010s,0.0236,0.032,Brain Drain
TJK,2017,8925525.0,317.0,317.0,9.0,9.0,0.0,0.028391168,0.028391168,0.0,2010s,0.0229,0.036,Balanced
TJK,2018,9128132.0,365.0,365.0,14.0,5.0,9.0,0.01369863,0.038356163,0.024657534,2010s,0.0227,0.04,Brain Gain
TJK,2019,9337003.0,392.0,392.0,14.0,8.0,6.0,0.020408163,0.035714287,0.015306123,2010s,0.0229,0.042,Brain Gain
TJK,2020,9543207.0,398.0,398.0,18.0,5.0,13.0,0.012562814,0.04522613,0.032663316,2020s,0.0221,0.042,Brain Gain
TJK,2021,9750064.0,376.0,376.0,8.0,12.0,-4.0,0.031914894,0.021276595,-0.010638298,2020s,0.0217,0.039,Brain Drain
TJK,2022,9952787.0,0.0,0.0,10.0,5.0,5.0,,,,2020s,0.0208,0.0,Brain Gain
TJK,2023,9952787.0,,,,,,,,,2020s,0.0,,Unknown
TKL,2004,,1.0,1.0,0.0,0.0,0.0,0.0,0.0,0.0,2000s,,,Balanced
TKL,2009,,2.0,2.0,0.0,0.0,0.0,0.0,0.0,0.0,2000s,,,Balanced
TKM,1996,4301093.0,13.0,13.0,0.0,0.0,0.0,0.0,0.0,0.0,1990s,,0.003,Balanced
TKM,1997,4363672.0,15.0,15.0,2.0,0.0,2.0,0.0,0.13333334,0.13333334,1990s,0.0145,0.003,Brain Gain
TKM,1998,4431517.0,16.0,16.0,0.0,2.0,-2.0,0.125,0.0,-0.125,1990s,0.0155,0.004,Brain Drain
TKM,1999,4501079.0,,,,,,,,,1990s,0.0157,,Unknown
TKM,2000,4569132.0,16.0,16.0,2.0,0.0,2.0,0.0,0.125,0.125,2000s,0.0151,0.004,Brain Gain
TKM,2001,4635094.0,14.0,14.0,0.0,1.0,-1.0,0.071428575,0.0,-0.071428575,2000s,0.0144,0.003,Brain Drain
TKM,2002,4698968.0,15.0,15.0,1.0,2.0,-1.0,0.13333334,0.06666667,-0.06666667,2000s,0.0138,0.003,Brain Drain
TKM,2003,4758988.0,,,,,,,,,2000s,0.0128,,Unknown
TKM,2004,4819792.0,11.0,11.0,0.0,0.0,0.0,0.0,0.0,0.0,2000s,0.0128,0.002,Balanced
TKM,2005,4885775.0,,,,,,,,,2000s,0.0137,,Unknown
TKM,2006,4954029.0,12.0,12.0,0.0,0.0,0.0,0.0,0.0,0.0,2000s,0.014,0.002,Balanced
TKM,2007,5024894.0,15.0,15.0,0.0,0.0,0.0,0.0,0.0,0.0,2000s,0.0143,0.003,Balanced
TKM,2008,5100083.0,19.0,19.0,0.0,0.0,0.0,0.0,0.0,0.0,2000s,0.015,0.004,Balanced
TKM,2009,5180957.0,18.0,18.0,0.0,0.0,0.0,0.0,0.0,0.0,2000s,0.0159,0.003,Balanced
TKM,2010,5267970.0,18.0,18.0,1.0,3.0,-2.0,0.16666667,0.055555556,-0.11111111,2010s,0.0168,0.003,Brain Drain
TKM,2011,5360811.0,23.0,23.0,2.0,0.0,2.0,0.0,0.08695652,0.08695652,2010s,0.0176,0.004,Brain Gain
TKM,2012,5458682.0,27.0,27.0,0.0,0.0,0.0,0.0,0.0,0.0,2010s,0.0183,0.005,Balanced
TKM,2013,5560095.0,23.0,23.0,0.0,3.0,-3.0,0.13043478,0.0,-0.13043478,2010s,0.0186,0.004,Brain Drain
TKM,2014,5663152.0,24.0,24.0,3.0,0.0,3.0,0.0,0.125,0.125,2010s,0.0185,0.004,Brain Gain
TKM,2015,5766431.0,13.0,13.0,0.0,4.0,-4.0,0.30769232,0.0,-0.30769232,2010s,0.0182,0.002,Brain Drain
TKM,2016,5868561.0,,,,,,,,,2010s,0.0177,,Unknown
TKM,2017,5968383.0,,,,,,,,,2010s,0.017,,Unknown
TKM,2018,6065066.0,14.0,14.0,0.0,2.0,-2.0,0.14285715,0.0,-0.14285715,2010s,0.0162,0.002,Brain Drain
TKM,2019,6158420.0,14.0,14.0,1.0,3.0,-2.0,0.21428572,0.071428575,-0.14285715,2010s,0.0154,0.002,Brain Drain
TKM,2020,6250438.0,18.0,18.0,0.0,1.0,-1.0,0.055555556,0.0,-0.055555556,2020s,0.0149,0.003,Brain Drain
TKM,2021,6341855.0,16.0,16.0,0.0,1.0,-1.0,0.0625,0.0,-0.0625,2020s,0.0146,0.003,Brain Drain
TKM,2022,6430770.0,0.0,0.0,1.0,0.0,1.0,,,,2020s,0.014,0.0,Brain Gain
TKM,2023,6430770.0,,,,,,,,,2020s,0.0,,Unknown
TLS,1996,831269.0,,,,,,,,,1990s,,,Unknown
TLS,1997,843341.0,,,,,,,,,1990s,0.0145,,Unknown
TLS,1998,855409.0,,,,,,,,,1990s,0.0143,,Unknown
TLS,1999,866649.0,,,,,,,,,1990s,0.0131,,Unknown
TLS,2000,878360.0,,,,,,,,,2000s,0.0135,,Unknown
TLS,2001,893001.0,,,,,,,,,2000s,0.0167,,Unknown
TLS,2002,909639.0,,,,,,,,,2000s,0.0186,,Unknown
TLS,2003,926721.0,,,,,,,,,2000s,0.0188,,Unknown
TLS,2004,945989.0,,,,,,,,,2000s,0.0208,,Unknown
TLS,2005,969313.0,,,,,,,,,2000s,0.0247,,Unknown
TLS,2006,994564.0,8.0,8.0,1.0,0.0,1.0,0.0,0.125,0.125,2000s,0.0261,0.008,Brain Gain
TLS,2007,1019362.0,10.0,10.0,0.0,1.0,-1.0,0.1,0.0,-0.1,2000s,0.0249,0.01,Brain Drain
TLS,2008,1043076.0,13.0,13.0,1.0,1.0,0.0,0.07692308,0.07692308,0.0,2000s,0.0233,0.012,Balanced
TLS,2009,1065540.0,11.0,11.0,1.0,2.0,-1.0,0.18181819,0.09090909,-0.09090909,2000s,0.0215,0.01,Brain Drain
TLS,2010,1088486.0,15.0,15.0,1.0,3.0,-2.0,0.2,0.06666667,-0.13333334,2010s,0.0215,0.014,Brain Drain
TLS,2011,1112976.0,,,,,,,,,2010s,0.0225,,Unknown
TLS,2012,1137676.0,35.0,35.0,2.0,1.0,1.0,0.028571429,0.057142857,0.028571429,2010s,0.0222,0.031,Brain Gain
TLS,2013,1161555.0,40.0,40.0,5.0,2.0,3.0,0.05,0.125,0.075,2010s,0.021,0.034,Brain Gain
TLS,2014,1184830.0,52.0,52.0,9.0,3.0,6.0,0.057692308,0.17307693,0.115384616,2010s,0.02,0.044,Brain Gain
TLS,2015,1205813.0,53.0,53.0,2.0,4.0,-2.0,0.0754717,0.03773585,-0.03773585,2010s,0.0177,0.044,Brain Drain
TLS,2016,1224562.0,56.0,56.0,0.0,3.0,-3.0,0.05357143,0.0,-0.05357143,2010s,0.0155,0.046,Brain Drain
TLS,2017,1243235.0,64.0,64.0,11.0,1.0,10.0,0.015625,0.171875,0.15625,2010s,0.0152,0.051,Brain Gain
TLS,2018,1261845.0,72.0,72.0,4.0,0.0,4.0,0.0,0.055555556,0.055555556,2010s,0.015,0.057,Brain Gain
TLS,2019,1280438.0,80.0,80.0,5.0,5.0,0.0,0.0625,0.0625,0.0,2010s,0.0147,0.062,Balanced
TLS,2020,1299995.0,89.0,89.0,5.0,5.0,0.0,0.056179777,0.056179777,0.0,2020s,0.0153,0.068,Balanced
TLS,2021,1320942.0,90.0,90.0,9.0,2.0,7.0,0.022222223,0.1,0.07777778,2020s,0.0161,0.068,Brain Gain
TLS,2022,1341296.0,0.0,0.0,8.0,3.0,5.0,,,,2020s,0.0154,0.0,Brain Gain
TLS,2023,1341296.0,,,,,,,,,2020s,0.0,,Unknown
TON,1996,100195.0,,,,,,,,,1990s,,,Unknown
TON,1997,100658.0,4.0,4.0,0.0,0.0,0.0,0.0,0.0,0.0,1990s,0.0046,0.04,Balanced
TON,1998,101343.0,4.0,4.0,0.0,1.0,-1.0,0.25,0.0,-0.25,1990s,0.0068,0.039,Brain Drain
TON,1999,101982.0,6.0,6.0,0.0,0.0,0.0,0.0,0.0,0.0,1990s,0.0063,0.059,Balanced
TON,2000,102603.0,8.0,8.0,0.0,1.0,-1.0,0.125,0.0,-0.125,2000s,0.0061,0.078,Brain Drain
TON,2001,103210.0,8.0,8.0,0.0,0.0,0.0,0.0,0.0,0.0,2000s,0.0059,0.078,Balanced
TON,2002,103804.0,10.0,10.0,0.0,2.0,-2.0,0.2,0.0,-0.2,2000s,0.0058,0.096,Brain Drain
TON,2003,104410.0,10.0,10.0,1.0,0.0,1.0,0.0,0.1,0.1,2000s,0.0058,0.096,Brain Gain
TON,2004,105036.0,12.0,12.0,0.0,1.0,-1.0,0.083333336,0.0,-0.083333336,2000s,0.006,0.114,Brain Drain
TON,2005,105633.0,,,,,,,,,2000s,0.0057,,Unknown
TON,2006,106190.0,14.0,14.0,3.0,1.0,2.0,0.071428575,0.21428572,0.14285715,2000s,0.0053,0.132,Brain Gain
TON,2007,106638.0,15.0,15.0,1.0,0.0,1.0,0.0,0.06666667,0.06666667,2000s,0.0042,0.141,Brain Gain
TON,2008,106932.0,,,,,,,,,2000s,0.0028,,Unknown
TON,2009,107144.0,17.0,17.0,3.0,0.0,3.0,0.0,0.1764706,0.1764706,2000s,0.002,0.159,Brain Gain
TON,2010,107383.0,16.0,16.0,1.0,2.0,-1.0,0.125,0.0625,-0.0625,2010s,0.0022,0.149,Brain Drain
TON,2011,107611.0,19.0,19.0,1.0,0.0,1.0,0.0,0.05263158,0.05263158,2010s,0.0021,0.177,Brain Gain
TON,2012,107502.0,17.0,17.0,0.0,0.0,0.0,0.0,0.0,0.0,2010s,-0.001,0.158,Balanced
TON,2013,107089.0,20.0,20.0,0.0,0.0,0.0,0.0,0.0,0.0,2010s,-0.0038,0.187,Balanced
TON,2014,106626.0,18.0,18.0,2.0,3.0,-1.0,0.16666667,0.11111111,-0.055555556,2010s,-0.0043,0.169,Brain Drain
TON,2015,106122.0,25.0,25.0,2.0,2.0,0.0,0.08,0.08,0.0,2010s,-0.0047,0.236,Balanced
TON,2016,105707.0,26.0,26.0,1.0,2.0,-1.0,0.07692308,0.03846154,-0.03846154,2010s,-0.0039,0.246,Brain Drain
TON,2017,105415.0,29.0,29.0,2.0,1.0,1.0,0.03448276,0.06896552,0.03448276,2010s,-0.0028,0.275,Brain Gain
TON,2018,105150.0,28.0,28.0,3.0,3.0,0.0,0.10714286,0.10714286,0.0,2010s,-0.0025,0.266,Balanced
TON,2019,104951.0,35.0,35.0,6.0,2.0,4.0,0.057142857,0.17142858,0.114285715,2010s,-0.0019,0.333,Brain Gain
TON,2020,105254.0,,,,,,,,,2020s,0.0029,,Unknown
TON,2021,106017.0,32.0,32.0,2.0,2.0,0.0,0.0625,0.0625,0.0,2020s,0.0072,0.302,Balanced
TON,2022,106858.0,,,,,,,,,2020s,0.0079,,Unknown
TON,2023,106858.0,,,,,,,,,2020s,0.0,,Unknown
TTO,1996,1313434.0,209.0,209.0,0.0,0.0,0.0,0.0,0.0,0.0,1990s,,0.159,Balanced
TTO,1997,1318171.0,246.0,246.0,9.0,7.0,2.0,0.028455285,0.036585364,0.008130081,1990s,0.0036,0.187,Brain Gain
TTO,1998,1322572.0,284.0,284.0,10.0,21.0,-11.0,0.07394366,0.03521127,-0.038732395,1990s,0.0033,0.215,Brain Drain
TTO,1999,1327063.0,328.0,328.0,18.0,11.0,7.0,0.033536587,0.05487805,0.021341464,1990s,0.0034,0.247,Brain Gain
TTO,2000,1332203.0,349.0,349.0,14.0,14.0,0.0,0.04011461,0.04011461,0.0,2000s,0.0039,0.262,Balanced
TTO,2001,1338567.0,395.0,395.0,23.0,17.0,6.0,0.043037973,0.05822785,0.015189873,2000s,0.0048,0.295,Brain Gain
TTO,2002,1345964.0,417.0,417.0,23.0,18.0,5.0,0.043165468,0.055155877,0.0119904075,2000s,0.0055,0.31,Brain Gain
TTO,2003,1353548.0,453.0,453.0,30.0,24.0,6.0,0.052980132,0.06622516,0.013245033,2000s,0.0056,0.335,Brain Gain
TTO,2004,1361172.0,474.0,474.0,21.0,20.0,1.0,0.042194095,0.044303797,0.0021097045,2000s,0.0056,0.348,Brain Gain
TTO,2005,1369075.0,516.0,516.0,21.0,10.0,11.0,0.019379845,0.040697675,0.02131783,2000s,0.0058,0.377,Brain Gain
TTO,2006,1376919.0,559.0,559.0,33.0,16.0,17.0,0.02862254,0.05903399,0.030411448,2000s,0.0057,0.406,Brain Gain
TTO,2007,1384861.0,619.0,619.0,19.0,11.0,8.0,0.017770598,0.03069467,0.012924071,2000s,0.0058,0.447,Brain Gain
TTO,2008,1392803.0,652.0,652.0,43.0,26.0,17.0,0.0398773,0.06595092,0.02607362,2000s,0.0057,0.468,Brain Gain
TTO,2009,1401191.0,732.0,732.0,49.0,29.0,20.0,0.039617486,0.06693989,0.027322404,2000s,0.006,0.522,Brain Gain
TTO,2010,1410296.0,758.0,758.0,51.0,39.0,12.0,0.051451188,0.06728232,0.015831135,2010s,0.0065,0.537,Brain Gain
TTO,2011,1420020.0,754.0,754.0,39.0,58.0,-19.0,0.07692308,0.05172414,-0.025198938,2010s,0.0069,0.531,Brain Drain
TTO,2012,1430377.0,784.0,784.0,35.0,42.0,-7.0,0.05357143,0.04464286,-0.008928572,2010s,0.0073,0.548,Brain Drain
TTO,2013,1440729.0,767.0,767.0,26.0,43.0,-17.0,0.056062583,0.033898305,-0.022164276,2010s,0.0072,0.532,Brain Drain
TTO,2014,1450661.0,759.0,759.0,31.0,44.0,-13.0,0.057971016,0.040843215,-0.017127799,2010s,0.0069,0.523,Brain Drain
TTO,2015,1460177.0,808.0,808.0,47.0,43.0,4.0,0.05321782,0.058168318,0.004950495,2010s,0.0066,0.553,Brain Gain
TTO,2016,1469330.0,836.0,836.0,42.0,34.0,8.0,0.040669855,0.050239235,0.009569378,2010s,0.0063,0.569,Brain Gain
TTO,2017,1478607.0,894.0,894.0,59.0,38.0,21.0,0.042505592,0.06599553,0.023489933,2010s,0.0063,0.605,Brain Gain
TTO,2018,1504709.0,944.0,944.0,36.0,38.0,-2.0,0.04025424,0.038135592,-0.002118644,2010s,0.0177,0.627,Brain Drain
TTO,2019,1519955.0,967.0,967.0,47.0,42.0,5.0,0.043433297,0.04860393,0.0051706308,2010s,0.0101,0.636,Brain Gain
TTO,2020,1518147.0,930.0,930.0,34.0,43.0,-9.0,0.04623656,0.03655914,-0.009677419,2020s,-0.0012,0.613,Brain Drain
TTO,2021,1525663.0,879.0,879.0,28.0,45.0,-17.0,0.051194537,0.03185438,-0.01934016,2020s,0.005,0.576,Brain Drain
TTO,2022,1531044.0,0.0,0.0,19.0,17.0,2.0,,,,2020s,0.0035,0.0,Brain Gain
TTO,2023,1531044.0,,,,,,,,,2020s,0.0,,Unknown
TUN,1996,9430550.0,1850.0,1850.0,0.0,0.0,0.0,0.0,0.0,0.0,1990s,,0.196,Balanced
TUN,1997,9557948.0,2287.0,2287.0,40.0,29.0,11.0,0.012680368,0.017490162,0.0048097945,1990s,0.0135,0.239,Brain Gain
TUN,1998,9677148.0,2779.0,2779.0,56.0,36.0,20.0,0.0129543,0.020151133,0.0071968334,1990s,0.0125,0.287,Brain Gain
TUN,1999,9788067.0,3236.0,3236.0,79.0,42.0,37.0,0.012978987,0.024412856,0.011433869,1990s,0.0115,0.331,Brain Gain
TUN,2000,9893316.0,3748.0,3748.0,90.0,39.0,51.0,0.01040555,0.024012808,0.013607257,2000s,0.0108,0.379,Brain Gain
TUN,2001,9995123.0,4241.0,4241.0,98.0,69.0,29.0,0.016269747,0.023107758,0.0068380097,2000s,0.0103,0.424,Brain Gain
TUN,2002,10094561.0,4908.0,4908.0,112.0,68.0,44.0,0.013854931,0.022819886,0.008964955,2000s,0.0099,0.486,Brain Gain
TUN,2003,10193798.0,5710.0,5710.0,121.0,51.0,70.0,0.008931699,0.021190893,0.012259195,2000s,0.0098,0.56,Brain Gain
TUN,2004,10292225.0,6616.0,6616.0,117.0,52.0,65.0,0.007859734,0.017684402,0.009824667,2000s,0.0097,0.643,Brain Gain
TUN,2005,10388344.0,7541.0,7541.0,118.0,77.0,41.0,0.0102108475,0.015647791,0.005436945,2000s,0.0093,0.726,Brain Gain
TUN,2006,10483558.0,8548.0,8548.0,128.0,84.0,44.0,0.00982686,0.014974263,0.005147403,2000s,0.0092,0.815,Brain Gain
TUN,2007,10580395.0,9558.0,9558.0,141.0,96.0,45.0,0.010043942,0.014752041,0.004708098,2000s,0.0092,0.903,Brain Gain
TUN,2008,10680380.0,10577.0,10577.0,172.0,108.0,64.0,0.010210834,0.0162617,0.006050865,2000s,0.0095,0.99,Brain Gain
TUN,2009,10784504.0,11462.0,11462.0,164.0,161.0,3.0,0.014046414,0.014308149,0.0002617344,2000s,0.0097,1.063,Brain Gain
TUN,2010,10895063.0,12235.0,12235.0,182.0,170.0,12.0,0.0138945645,0.014875358,0.0009807928,2010s,0.0103,1.123,Brain Gain
TUN,2011,11032528.0,13079.0,13079.0,202.0,186.0,16.0,0.014221271,0.015444606,0.0012233352,2010s,0.0126,1.185,Brain Gain
TUN,2012,11174383.0,13973.0,13973.0,198.0,166.0,32.0,0.011880054,0.014170186,0.002290131,2010s,0.0129,1.25,Brain Gain
TUN,2013,11300284.0,14912.0,14912.0,208.0,189.0,19.0,0.012674356,0.013948498,0.0012741416,2010s,0.0113,1.32,Brain Gain
TUN,2014,11428948.0,15766.0,15766.0,225.0,241.0,-16.0,0.015286058,0.0142712165,-0.0010148421,2010s,0.0114,1.379,Brain Drain
TUN,2015,11557779.0,16633.0,16633.0,212.0,278.0,-66.0,0.016713763,0.012745746,-0.0039680153,2010s,0.0113,1.439,Brain Drain
TUN,2016,11685667.0,17416.0,17416.0,286.0,319.0,-33.0,0.01831649,0.016421681,-0.0018948094,2010s,0.0111,1.49,Brain Drain
TUN,2017,11811443.0,18165.0,18165.0,351.0,308.0,43.0,0.016955685,0.019322874,0.0023671896,2010s,0.0108,1.538,Brain Gain
TUN,2018,11933041.0,18641.0,18641.0,286.0,339.0,-53.0,0.01818572,0.015342524,-0.002843195,2010s,0.0103,1.562,Brain Drain
TUN,2019,12049314.0,18717.0,18717.0,239.0,449.0,-210.0,0.023988888,0.01276914,-0.011219746,2010s,0.0097,1.553,Brain Drain
TUN,2020,12161723.0,18515.0,18515.0,268.0,440.0,-172.0,0.023764515,0.0144747505,-0.009289765,2020s,0.0093,1.522,Brain Drain
TUN,2021,12262946.0,17676.0,17676.0,269.0,373.0,-104.0,0.02110206,0.015218375,-0.005883684,2020s,0.0083,1.441,Brain Drain
TUN,2022,12356117.0,0.0,0.0,193.0,294.0,-101.0,,,,2020s,0.0076,0.0,Brain Drain
TUN,2023,12356117.0,0.0,0.0,131.0,200.0,-69.0,,,,2020s,0.0,0.0,Brain Drain
TUR,1996,60293786.0,15211.0,15211.0,0.0,0.0,0.0,0.0,0.0,0.0,1990s,,0.252,Balanced
TUR,1997,61277426.0,18486.0,18486.0,160.0,130.0,30.0,0.007032349,0.008655199,0.0016228497,1990s,0.0163,0.302,Brain Gain
TUR,1998,62242204.0,21710.0,21710.0,232.0,162.0,70.0,0.007461999,0.010686319,0.0032243205,1990s,0.0157,0.349,Brain Gain
TUR,1999,63185615.0,24338.0,24338.0,257.0,241.0,16.0,0.009902211,0.0105596185,0.00065740815,1990s,0.0152,0.385,Brain Gain
TUR,2000,64113547.0,28052.0,28052.0,354.0,294.0,60.0,0.010480536,0.012619421,0.002138885,2000s,0.0147,0.438,Brain Gain
TUR,2001,65072018.0,32460.0,32460.0,386.0,296.0,90.0,0.009118916,0.011891559,0.0027726432,2000s,0.0149,0.499,Brain Gain
TUR,2002,65988663.0,37200.0,37200.0,450.0,311.0,139.0,0.008360215,0.012096774,0.003736559,2000s,0.0141,0.564,Brain Gain
TUR,2003,66867327.0,42623.0,42623.0,435.0,331.0,104.0,0.00776576,0.010205758,0.0024399972,2000s,0.0133,0.637,Brain Gain
TUR,2004,67785075.0,47819.0,47819.0,397.0,332.0,65.0,0.006942847,0.008302139,0.0013592923,2000s,0.0137,0.705,Brain Gain
TUR,2005,68704715.0,52753.0,52753.0,434.0,375.0,59.0,0.0071086003,0.0082270205,0.0011184198,2000s,0.0136,0.768,Brain Gain
TUR,2006,69601333.0,57761.0,57761.0,438.0,377.0,61.0,0.0065268953,0.0075829714,0.0010560759,2000s,0.0131,0.83,Brain Gain
TUR,2007,70158112.0,63368.0,63368.0,457.0,410.0,47.0,0.006470143,0.007211842,0.0007416993,2000s,0.008,0.903,Brain Gain
TUR,2008,71051678.0,68709.0,68709.0,430.0,436.0,-6.0,0.0063456027,0.0062582777,-8.732481e-05,2000s,0.0127,0.967,Brain Drain
TUR,2009,72039206.0,74339.0,74339.0,516.0,461.0,55.0,0.006201321,0.006941175,0.0007398539,2000s,0.0139,1.032,Brain Gain
TUR,2010,73142150.0,79603.0,79603.0,572.0,555.0,17.0,0.006972099,0.007185659,0.00021355979,2010s,0.0153,1.088,Brain Gain
TUR,2011,74223629.0,85639.0,85639.0,640.0,602.0,38.0,0.007029508,0.007473231,0.00044372308,2010s,0.0148,1.154,Brain Gain
TUR,2012,75175827.0,91402.0,91402.0,649.0,571.0,78.0,0.006247128,0.007100501,0.000853373,2010s,0.0128,1.216,Brain Gain
TUR,2013,76147624.0,96906.0,96906.0,682.0,674.0,8.0,0.006955194,0.007037748,8.255423e-05,2010s,0.0129,1.273,Brain Gain
TUR,2014,77181884.0,102172.0,102172.0,818.0,662.0,156.0,0.0064792703,0.008006107,0.0015268371,2010s,0.0136,1.324,Brain Gain
TUR,2015,78218479.0,106445.0,106445.0,829.0,703.0,126.0,0.0066043497,0.00778806,0.00118371,2010s,0.0134,1.361,Brain Gain
TUR,2016,79277962.0,110520.0,110520.0,821.0,935.0,-114.0,0.008460008,0.00742852,-0.0010314875,2010s,0.0135,1.394,Brain Drain
TUR,2017,80312698.0,114993.0,114993.0,859.0,1146.0,-287.0,0.009965824,0.00747002,-0.002495804,2010s,0.0131,1.432,Brain Drain
TUR,2018,81407204.0,119262.0,119262.0,941.0,1225.0,-284.0,0.010271503,0.007890191,-0.0023813117,2010s,0.0136,1.465,Brain Drain
TUR,2019,82579440.0,122500.0,122500.0,955.0,1256.0,-301.0,0.010253062,0.0077959183,-0.0024571428,2010s,0.0144,1.483,Brain Drain
TUR,2020,83384680.0,124081.0,124081.0,971.0,1378.0,-407.0,0.011105649,0.007825533,-0.0032801153,2020s,0.0098,1.488,Brain Drain
TUR,2021,84147318.0,120612.0,120612.0,1013.0,1374.0,-361.0,0.011391901,0.008398833,-0.0029930687,2020s,0.0091,1.433,Brain Drain
TUR,2022,84979913.0,0.0,0.0,808.0,1144.0,-336.0,,,,2020s,0.0099,0.0,Brain Drain
TUR,2023,84979913.0,0.0,0.0,537.0,779.0,-242.0,,,,2020s,0.0,0.0,Brain Drain
TUV,1996,9611.0,,,,,,,,,1990s,,,Unknown
TUV,1997,9630.0,,,,,,,,,1990s,0.002,,Unknown
TUV,1998,9634.0,,,,,,,,,1990s,0.0004,,Unknown
TUV,1999,9640.0,,,,,,,,,1990s,0.0006,,Unknown
TUV,2000,9638.0,,,,,,,,,2000s,-0.0002,,Unknown
TUV,2001,9621.0,,,,,,,,,2000s,-0.0018,,Unknown
TUV,2002,9609.0,2.0,2.0,0.0,0.0,0.0,0.0,0.0,0.0,2000s,-0.0012,0.208,Balanced
TUV,2003,9668.0,2.0,2.0,0.0,0.0,0.0,0.0,0.0,0.0,2000s,0.0061,0.207,Balanced
TUV,2004,9791.0,,,,,,,,,2000s,0.0127,,Unknown
TUV,2005,9912.0,,,,,,,,,2000s,0.0124,,Unknown
TUV,2006,10030.0,,,,,,,,,2000s,0.0119,,Unknown
TUV,2007,10149.0,,,,,,,,,2000s,0.0119,,Unknown
TUV,2008,10272.0,,,,,,,,,2000s,0.0121,,Unknown
TUV,2009,10408.0,,,,,,,,,2000s,0.0132,,Unknown
TUV,2010,10550.0,,,,,,,,,2010s,0.0136,,Unknown
TUV,2011,10700.0,,,,,,,,,2010s,0.0142,,Unknown
TUV,2012,10854.0,2.0,2.0,0.0,0.0,0.0,0.0,0.0,0.0,2010s,0.0144,0.184,Balanced
TUV,2013,10918.0,2.0,2.0,0.0,0.0,0.0,0.0,0.0,0.0,2010s,0.0059,0.183,Balanced
TUV,2014,10899.0,,,,,,,,,2010s,-0.0017,,Unknown
TUV,2015,10877.0,,,,,,,,,2010s,-0.002,,Unknown
TUV,2016,10852.0,,,,,,,,,2010s,-0.0023,,Unknown
TUV,2017,10828.0,6.0,6.0,1.0,1.0,0.0,0.16666667,0.16666667,0.0,2010s,-0.0022,0.554,Balanced
TUV,2018,10865.0,7.0,7.0,1.0,0.0,1.0,0.0,0.14285715,0.14285715,2010s,0.0034,0.644,Brain Gain
TUV,2019,10956.0,,,,,,,,,2010s,0.0084,,Unknown
TUV,2020,11069.0,,,,,,,,,2020s,0.0103,,Unknown
TUV,2021,11204.0,,,,,,,,,2020s,0.0122,,Unknown
TUV,2022,11312.0,0.0,0.0,0.0,0.0,0.0,,,,2020s,0.0096,0.0,Balanced
TUV,2023,11312.0,,,,,,,,,2020s,0.0,,Unknown
TWN,1996,,17670.0,17670.0,0.0,0.0,0.0,0.0,0.0,0.0,1990s,,,Balanced
TWN,1997,,21423.0,21423.0,356.0,206.0,150.0,0.009615834,0.016617654,0.0070018205,1990s,,,Brain Gain
TWN,1998,,25200.0,25200.0,449.0,242.0,207.0,0.009603174,0.01781746,0.008214286,1990s,,,Brain Gain
TWN,1999,,28702.0,28702.0,434.0,286.0,148.0,0.009964462,0.015120897,0.005156435,1990s,,,Brain Gain
TWN,2000,,31821.0,31821.0,524.0,289.0,235.0,0.009082053,0.016467113,0.00738506,2000s,,,Brain Gain
TWN,2001,,34819.0,34819.0,557.0,423.0,134.0,0.01214854,0.015997013,0.0038484735,2000s,,,Brain Gain
TWN,2002,,38554.0,38554.0,632.0,492.0,140.0,0.012761322,0.016392592,0.0036312705,2000s,,,Brain Gain
TWN,2003,,42853.0,42853.0,654.0,425.0,229.0,0.009917625,0.015261475,0.00534385,2000s,,,Brain Gain
TWN,2004,,47907.0,47907.0,578.0,398.0,180.0,0.008307763,0.012065043,0.0037572798,2000s,,,Brain Gain
TWN,2005,,53030.0,53030.0,572.0,366.0,206.0,0.0069017536,0.010786347,0.0038845937,2000s,,,Brain Gain
TWN,2006,,58631.0,58631.0,671.0,411.0,260.0,0.0070099435,0.011444458,0.0044345143,2000s,,,Brain Gain
TWN,2007,,64113.0,64113.0,653.0,452.0,201.0,0.0070500523,0.010185142,0.0031350895,2000s,,,Brain Gain
TWN,2008,,69594.0,69594.0,661.0,534.0,127.0,0.0076730754,0.009497945,0.00182487,2000s,,,Brain Gain
TWN,2009,,74832.0,74832.0,817.0,597.0,220.0,0.00797787,0.010917789,0.0029399188,2000s,,,Brain Gain
TWN,2010,,79646.0,79646.0,870.0,701.0,169.0,0.008801446,0.010923335,0.0021218893,2010s,,,Brain Gain
TWN,2011,,83558.0,83558.0,828.0,801.0,27.0,0.009586155,0.009909284,0.00032312886,2010s,,,Brain Gain
TWN,2012,,86536.0,86536.0,727.0,751.0,-24.0,0.008678469,0.0084011275,-0.00027734123,2010s,,,Brain Drain
TWN,2013,,88584.0,88584.0,768.0,712.0,56.0,0.008037569,0.008669737,0.0006321683,2010s,,,Brain Gain
TWN,2014,,89557.0,89557.0,778.0,877.0,-99.0,0.009792646,0.008687205,-0.0011054412,2010s,,,Brain Drain
TWN,2015,,89629.0,89629.0,772.0,952.0,-180.0,0.010621563,0.008613284,-0.0020082786,2010s,,,Brain Drain
TWN,2016,,88769.0,88769.0,802.0,956.0,-154.0,0.010769526,0.009034686,-0.0017348399,2010s,,,Brain Drain
TWN,2017,,87927.0,87927.0,742.0,1067.0,-325.0,0.012135067,0.008438818,-0.003696248,2010s,,,Brain Drain
TWN,2018,,88196.0,88196.0,874.0,1157.0,-283.0,0.013118509,0.009909746,-0.0032087623,2010s,,,Brain Drain
TWN,2019,,88784.0,88784.0,897.0,1224.0,-327.0,0.0137862675,0.010103172,-0.003683096,2010s,,,Brain Drain
TWN,2020,,87729.0,87729.0,1029.0,1141.0,-112.0,0.013005962,0.011729303,-0.0012766588,2020s,,,Brain Drain
TWN,2021,,82498.0,82498.0,1071.0,1117.0,-46.0,0.013539722,0.012982133,-0.0005575893,2020s,,,Brain Drain
TWN,2022,,0.0,0.0,875.0,945.0,-70.0,,,,2020s,,,Brain Drain
TWN,2023,,0.0,0.0,540.0,647.0,-107.0,,,,2020s,,,Brain Drain
TZA,1996,31140733.0,435.0,435.0,0.0,0.0,0.0,0.0,0.0,0.0,1990s,,0.014,Balanced
TZA,1997,31785846.0,546.0,546.0,29.0,13.0,16.0,0.023809524,0.053113554,0.02930403,1990s,0.0207,0.017,Brain Gain
TZA,1998,32626498.0,622.0,622.0,30.0,26.0,4.0,0.041800644,0.048231512,0.006430868,1990s,0.0264,0.019,Brain Gain
TZA,1999,33499772.0,663.0,663.0,36.0,44.0,-8.0,0.06636501,0.054298643,-0.012066365,1990s,0.0268,0.02,Brain Drain
TZA,2000,34463704.0,672.0,672.0,36.0,48.0,-12.0,0.071428575,0.05357143,-0.017857144,2000s,0.0288,0.019,Brain Drain
TZA,2001,35414469.0,737.0,737.0,44.0,33.0,11.0,0.04477612,0.05970149,0.014925373,2000s,0.0276,0.021,Brain Gain
TZA,2002,36353531.0,819.0,819.0,44.0,46.0,-2.0,0.056166057,0.053724054,-0.0024420025,2000s,0.0265,0.023,Brain Drain
TZA,2003,37333918.0,942.0,942.0,63.0,24.0,39.0,0.025477707,0.06687898,0.041401275,2000s,0.027,0.025,Brain Gain
TZA,2004,38360879.0,1118.0,1118.0,44.0,34.0,10.0,0.030411448,0.039355993,0.008944544,2000s,0.0275,0.029,Brain Gain
TZA,2005,39439505.0,1291.0,1291.0,60.0,26.0,34.0,0.020139426,0.0464756,0.026336173,2000s,0.0281,0.033,Brain Gain
TZA,2006,40562052.0,1413.0,1413.0,50.0,28.0,22.0,0.019815994,0.035385706,0.01556971,2000s,0.0285,0.035,Brain Gain
TZA,2007,41716497.0,1496.0,1496.0,47.0,44.0,3.0,0.029411765,0.031417113,0.0020053475,2000s,0.0285,0.036,Brain Gain
TZA,2008,42870884.0,1654.0,1654.0,53.0,51.0,2.0,0.030834341,0.03204353,0.0012091899,2000s,0.0277,0.039,Brain Gain
TZA,2009,43957933.0,1816.0,1816.0,67.0,52.0,15.0,0.028634362,0.036894273,0.008259912,2000s,0.0254,0.041,Brain Gain
TZA,2010,45110527.0,1965.0,1965.0,85.0,54.0,31.0,0.027480915,0.043256998,0.015776081,2010s,0.0262,0.044,Brain Gain
TZA,2011,46416031.0,2107.0,2107.0,69.0,58.0,11.0,0.02752729,0.032747984,0.005220693,2010s,0.0289,0.045,Brain Gain
TZA,2012,47786137.0,2400.0,2400.0,91.0,67.0,24.0,0.027916666,0.037916668,0.01,2010s,0.0295,0.05,Brain Gain
TZA,2013,49253643.0,2642.0,2642.0,106.0,81.0,25.0,0.030658592,0.04012112,0.009462528,2010s,0.0307,0.054,Brain Gain
TZA,2014,50814552.0,2911.0,2911.0,133.0,68.0,65.0,0.02335967,0.045688767,0.022329096,2010s,0.0317,0.057,Brain Gain
TZA,2015,52542823.0,3187.0,3187.0,132.0,92.0,40.0,0.028867273,0.04141826,0.012550988,2010s,0.034,0.061,Brain Gain
TZA,2016,54401802.0,3461.0,3461.0,135.0,84.0,51.0,0.024270441,0.03900607,0.014735625,2010s,0.0354,0.064,Brain Gain
TZA,2017,56267032.0,3769.0,3769.0,147.0,100.0,47.0,0.026532236,0.03900239,0.012470151,2010s,0.0343,0.067,Brain Gain
TZA,2018,58090443.0,4101.0,4101.0,123.0,95.0,28.0,0.023165083,0.029992685,0.006827603,2010s,0.0324,0.071,Brain Gain
TZA,2019,59872579.0,4356.0,4356.0,143.0,147.0,-4.0,0.033746555,0.032828283,-0.00091827364,2010s,0.0307,0.073,Brain Drain
TZA,2020,61704518.0,4544.0,4544.0,161.0,137.0,24.0,0.030149648,0.035431337,0.00528169,2020s,0.0306,0.074,Brain Gain
TZA,2021,63588334.0,4523.0,4523.0,195.0,127.0,68.0,0.028078709,0.04311298,0.01503427,2020s,0.0305,0.071,Brain Gain
TZA,2022,65497748.0,0.0,0.0,161.0,95.0,66.0,,,,2020s,0.03,0.0,Brain Gain
TZA,2023,65497748.0,0.0,0.0,74.0,84.0,-10.0,,,,2020s,0.0,0.0,Brain Drain
UGA,1996,21249572.0,276.0,276.0,0.0,0.0,0.0,0.0,0.0,0.0,1990s,,0.013,Balanced
UGA,1997,21876935.0,355.0,355.0,13.0,15.0,-2.0,0.04225352,0.03661972,-0.0056338026,1990s,0.0295,0.016,Brain Drain
UGA,1998,22537658.0,445.0,445.0,22.0,14.0,8.0,0.031460673,0.0494382,0.017977528,1990s,0.0302,0.02,Brain Gain
UGA,1999,23279247.0,522.0,522.0,27.0,13.0,14.0,0.024904214,0.05172414,0.026819924,1990s,0.0329,0.022,Brain Gain
UGA,2000,24020697.0,580.0,580.0,17.0,27.0,-10.0,0.046551723,0.029310346,-0.01724138,2000s,0.0319,0.024,Brain Drain
UGA,2001,24763325.0,651.0,651.0,35.0,34.0,1.0,0.052227344,0.05376344,0.0015360983,2000s,0.0309,0.026,Brain Gain
UGA,2002,25545090.0,742.0,742.0,44.0,32.0,12.0,0.043126684,0.05929919,0.016172506,2000s,0.0316,0.029,Brain Gain
UGA,2003,26354736.0,845.0,845.0,56.0,28.0,28.0,0.033136096,0.06627219,0.033136096,2000s,0.0317,0.032,Brain Gain
UGA,2004,27146084.0,968.0,968.0,35.0,27.0,8.0,0.027892562,0.036157023,0.008264462,2000s,0.03,0.036,Brain Gain
UGA,2005,27946588.0,1119.0,1119.0,44.0,41.0,3.0,0.036639858,0.039320823,0.0026809652,2000s,0.0295,0.04,Brain Gain
UGA,2006,28773227.0,1308.0,1308.0,40.0,24.0,16.0,0.018348623,0.03058104,0.012232416,2000s,0.0296,0.045,Brain Gain
UGA,2007,29629804.0,1492.0,1492.0,52.0,50.0,2.0,0.033512063,0.034852546,0.0013404826,2000s,0.0298,0.05,Brain Gain
UGA,2008,30509862.0,1721.0,1721.0,72.0,47.0,25.0,0.027309705,0.041836143,0.014526438,2000s,0.0297,0.056,Brain Gain
UGA,2009,31412520.0,1986.0,1986.0,58.0,45.0,13.0,0.02265861,0.029204432,0.0065458207,2000s,0.0296,0.063,Brain Gain
UGA,2010,32341728.0,2280.0,2280.0,73.0,57.0,16.0,0.025,0.032017544,0.007017544,2010s,0.0296,0.07,Brain Gain
UGA,2011,33295738.0,2572.0,2572.0,74.0,70.0,4.0,0.027216174,0.028771384,0.00155521,2010s,0.0295,0.077,Brain Gain
UGA,2012,34273295.0,2875.0,2875.0,95.0,82.0,13.0,0.028521739,0.033043478,0.004521739,2010s,0.0294,0.084,Brain Gain
UGA,2013,35273570.0,3137.0,3137.0,82.0,95.0,-13.0,0.03028371,0.026139624,-0.0041440865,2010s,0.0292,0.089,Brain Drain
UGA,2014,36336539.0,3323.0,3323.0,98.0,116.0,-18.0,0.034908216,0.029491423,-0.005416792,2010s,0.0301,0.091,Brain Drain
UGA,2015,37477356.0,3594.0,3594.0,108.0,99.0,9.0,0.02754591,0.030050084,0.0025041737,2010s,0.0314,0.096,Brain Gain
UGA,2016,38748299.0,3922.0,3922.0,145.0,163.0,-18.0,0.04156043,0.036970932,-0.0045894952,2010s,0.0339,0.101,Brain Drain
UGA,2017,40127085.0,4252.0,4252.0,141.0,127.0,14.0,0.029868297,0.033160865,0.0032925683,2010s,0.0356,0.106,Brain Gain
UGA,2018,41515395.0,4780.0,4780.0,156.0,142.0,14.0,0.029707113,0.032635983,0.0029288703,2010s,0.0346,0.115,Brain Gain
UGA,2019,42949080.0,5284.0,5284.0,160.0,125.0,35.0,0.023656322,0.03028009,0.0066237696,2010s,0.0345,0.123,Brain Gain
UGA,2020,44404611.0,5534.0,5534.0,177.0,128.0,49.0,0.023129743,0.0319841,0.008854355,2020s,0.0339,0.125,Brain Gain
UGA,2021,45853778.0,5488.0,5488.0,174.0,162.0,12.0,0.02951895,0.03170554,0.002186589,2020s,0.0326,0.12,Brain Gain
UGA,2022,47249585.0,0.0,0.0,156.0,153.0,3.0,,,,2020s,0.0304,0.0,Brain Gain
UGA,2023,47249585.0,,,,,,,,,2020s,0.0,,Unknown
UKR,1996,51057800.0,10852.0,10852.0,0.0,0.0,0.0,0.0,0.0,0.0,1990s,,0.213,Balanced
UKR,1997,50594600.0,12574.0,12574.0,194.0,229.0,-35.0,0.018212184,0.015428662,-0.0027835215,1990s,-0.0091,0.249,Brain Drain
UKR,1998,50144500.0,13932.0,13932.0,207.0,253.0,-46.0,0.018159632,0.014857881,-0.0033017513,1990s,-0.0089,0.278,Brain Drain
UKR,1999,49674000.0,14649.0,14649.0,182.0,329.0,-147.0,0.022458872,0.012424056,-0.0100348145,1990s,-0.0094,0.295,Brain Drain
UKR,2000,49176500.0,14840.0,14840.0,182.0,380.0,-198.0,0.025606468,0.012264151,-0.013342318,2000s,-0.01,0.302,Brain Drain
UKR,2001,48662400.0,14845.0,14845.0,210.0,330.0,-120.0,0.022229707,0.014146177,-0.00808353,2000s,-0.0105,0.305,Brain Drain
UKR,2002,48202470.0,14856.0,14856.0,217.0,346.0,-129.0,0.023290252,0.014606893,-0.00868336,2000s,-0.0095,0.308,Brain Drain
UKR,2003,47812949.0,14913.0,14913.0,220.0,309.0,-89.0,0.020720176,0.01475223,-0.0059679477,2000s,-0.0081,0.312,Brain Drain
UKR,2004,47451626.0,14629.0,14629.0,180.0,240.0,-60.0,0.016405769,0.012304327,-0.004101442,2000s,-0.0076,0.308,Brain Drain
UKR,2005,47105171.0,14637.0,14637.0,153.0,264.0,-111.0,0.018036483,0.010452962,-0.0075835213,2000s,-0.0073,0.311,Brain Drain
UKR,2006,46787786.0,14953.0,14953.0,157.0,238.0,-81.0,0.01591654,0.010499565,-0.005416973,2000s,-0.0067,0.32,Brain Drain
UKR,2007,46509355.0,15604.0,15604.0,194.0,216.0,-22.0,0.013842604,0.012432709,-0.0014098949,2000s,-0.006,0.336,Brain Drain
UKR,2008,46258189.0,16218.0,16218.0,214.0,240.0,-26.0,0.014798372,0.013195215,-0.001603157,2000s,-0.0054,0.351,Brain Drain
UKR,2009,46053331.0,16963.0,16963.0,181.0,303.0,-122.0,0.017862406,0.010670282,-0.007192124,2000s,-0.0044,0.368,Brain Drain
UKR,2010,45870741.0,18005.0,18005.0,243.0,312.0,-69.0,0.01732852,0.013496251,-0.0038322688,2010s,-0.004,0.393,Brain Drain
UKR,2011,45706086.0,19509.0,19509.0,284.0,226.0,58.0,0.011584397,0.014557384,0.0029729868,2010s,-0.0036,0.427,Brain Gain
UKR,2012,45593342.0,21265.0,21265.0,207.0,245.0,-38.0,0.011521279,0.009734306,-0.0017869739,2010s,-0.0025,0.466,Brain Drain
UKR,2013,45489648.0,22974.0,22974.0,198.0,277.0,-79.0,0.012057108,0.008618439,-0.0034386697,2010s,-0.0023,0.505,Brain Drain
UKR,2014,45272155.0,24993.0,24993.0,199.0,408.0,-209.0,0.01632457,0.00796223,-0.008362342,2010s,-0.0048,0.552,Brain Drain
UKR,2015,45154036.0,27273.0,27273.0,188.0,473.0,-285.0,0.01734316,0.0068932646,-0.010449896,2010s,-0.0026,0.604,Brain Drain
UKR,2016,45004673.0,30303.0,30303.0,205.0,482.0,-277.0,0.015906015,0.0067650066,-0.009141009,2010s,-0.0033,0.673,Brain Drain
UKR,2017,44831135.0,35525.0,35525.0,228.0,450.0,-222.0,0.012667136,0.0064180153,-0.0062491205,2010s,-0.0039,0.792,Brain Drain
UKR,2018,44622518.0,39792.0,39792.0,285.0,379.0,-94.0,0.009524528,0.0071622436,-0.0023622839,2010s,-0.0047,0.892,Brain Drain
UKR,2019,44386203.0,42374.0,42374.0,242.0,374.0,-132.0,0.008826167,0.0057110493,-0.0031151178,2010s,-0.0053,0.955,Brain Drain
UKR,2020,44132049.0,43195.0,43195.0,257.0,384.0,-127.0,0.008889918,0.0059497626,-0.002940155,2020s,-0.0057,0.979,Brain Drain
UKR,2021,43822901.0,41756.0,41756.0,246.0,346.0,-100.0,0.008286234,0.0058913687,-0.0023948655,2020s,-0.007,0.953,Brain Drain
UKR,2022,38000000.0,0.0,0.0,183.0,362.0,-179.0,,,,2020s,-0.1329,0.0,Brain Drain
UKR,2023,38000000.0,0.0,0.0,121.0,302.0,-181.0,,,,2020s,0.0,0.0,Brain Drain
URY,1996,3226633.0,627.0,627.0,0.0,0.0,0.0,0.0,0.0,0.0,1990s,,0.194,Balanced
URY,1997,3245069.0,768.0,768.0,27.0,15.0,12.0,0.01953125,0.03515625,0.015625,1990s,0.0057,0.237,Brain Gain
URY,1998,3262683.0,886.0,886.0,25.0,29.0,-4.0,0.032731377,0.028216705,-0.004514673,1990s,0.0054,0.272,Brain Drain
URY,1999,3278963.0,1010.0,1010.0,26.0,29.0,-3.0,0.02871287,0.025742574,-0.0029702971,1990s,0.005,0.308,Brain Drain
URY,2000,3292224.0,1107.0,1107.0,38.0,31.0,7.0,0.028003613,0.03432701,0.0063233967,2000s,0.004,0.336,Brain Gain
URY,2001,3300939.0,1226.0,1226.0,56.0,38.0,18.0,0.030995106,0.045677,0.0146818925,2000s,0.0026,0.371,Brain Gain
URY,2002,3306441.0,1302.0,1302.0,40.0,54.0,-14.0,0.041474655,0.030721966,-0.010752688,2000s,0.0017,0.394,Brain Drain
URY,2003,3310202.0,1380.0,1380.0,45.0,49.0,-4.0,0.035507247,0.032608695,-0.0028985508,2000s,0.0011,0.417,Brain Drain
URY,2004,3313801.0,1481.0,1481.0,37.0,39.0,-2.0,0.02633356,0.02498312,-0.0013504389,2000s,0.0011,0.447,Brain Drain
URY,2005,3317665.0,1565.0,1565.0,40.0,44.0,-4.0,0.028115015,0.025559105,-0.0025559105,2000s,0.0012,0.472,Brain Drain
URY,2006,3322282.0,1729.0,1729.0,45.0,48.0,-3.0,0.027761713,0.026026605,-0.001735107,2000s,0.0014,0.52,Brain Drain
URY,2007,3328651.0,1912.0,1912.0,42.0,46.0,-4.0,0.024058577,0.021966526,-0.0020920502,2000s,0.0019,0.574,Brain Drain
URY,2008,3336126.0,2094.0,2094.0,49.0,47.0,2.0,0.02244508,0.023400191,0.00095510983,2000s,0.0022,0.628,Brain Gain
URY,2009,3344156.0,2313.0,2313.0,53.0,60.0,-7.0,0.025940338,0.022913964,-0.0030263728,2000s,0.0024,0.692,Brain Drain
URY,2010,3352651.0,2490.0,2490.0,56.0,44.0,12.0,0.017670684,0.02248996,0.004819277,2010s,0.0025,0.743,Brain Gain
URY,2011,3361637.0,2650.0,2650.0,50.0,48.0,2.0,0.018113207,0.018867925,0.000754717,2010s,0.0027,0.788,Brain Gain
URY,2012,3371133.0,2862.0,2862.0,74.0,57.0,17.0,0.019916143,0.025856044,0.0059399023,2010s,0.0028,0.849,Brain Gain
URY,2013,3381180.0,3030.0,3030.0,62.0,72.0,-10.0,0.023762377,0.020462045,-0.0033003301,2010s,0.003,0.896,Brain Drain
URY,2014,3391662.0,3258.0,3258.0,88.0,49.0,39.0,0.015039902,0.027010435,0.011970534,2010s,0.0031,0.961,Brain Gain
URY,2015,3402818.0,3451.0,3451.0,91.0,62.0,29.0,0.017965807,0.026369167,0.008403362,2010s,0.0033,1.014,Brain Gain
URY,2016,3413766.0,3701.0,3701.0,93.0,69.0,24.0,0.01864361,0.025128344,0.006484734,2010s,0.0032,1.084,Brain Gain
URY,2017,3422200.0,3838.0,3838.0,101.0,74.0,27.0,0.019280875,0.02631579,0.007034914,2010s,0.0025,1.122,Brain Gain
URY,2018,3427042.0,4071.0,4071.0,94.0,64.0,30.0,0.015720952,0.02309015,0.007369197,2010s,0.0014,1.188,Brain Gain
URY,2019,3428409.0,4190.0,4190.0,92.0,79.0,13.0,0.018854415,0.02195704,0.0031026253,2010s,0.0004,1.222,Brain Gain
URY,2020,3429086.0,4259.0,4259.0,129.0,75.0,54.0,0.017609768,0.0302888,0.012679033,2020s,0.0002,1.242,Brain Gain
URY,2021,3426260.0,4149.0,4149.0,113.0,71.0,42.0,0.017112557,0.027235478,0.010122921,2020s,-0.0008,1.211,Brain Gain
URY,2022,3422794.0,0.0,0.0,73.0,60.0,13.0,,,,2020s,-0.001,0.0,Brain Gain
URY,2023,3422794.0,,,,,,,,,2020s,0.0,,Unknown
USA,1996,269394000.0,538303.0,538303.0,0.0,0.0,0.0,0.0,0.0,0.0,1990s,,1.998,Balanced
USA,1997,272657000.0,616846.0,616846.0,8875.0,9226.0,-351.0,0.014956731,0.014387708,-0.0005690237,1990s,0.0121,2.262,Brain Drain
USA,1998,275854000.0,692451.0,692451.0,11501.0,10403.0,1098.0,0.015023446,0.016609117,0.0015856718,1990s,0.0117,2.51,Brain Gain
USA,1999,279040000.0,744670.0,744670.0,13178.0,10912.0,2266.0,0.01465347,0.017696429,0.0030429587,1990s,0.0115,2.669,Brain Gain
USA,2000,282162411.0,787187.0,787187.0,15100.0,12051.0,3049.0,0.015308942,0.019182228,0.0038732856,2000s,0.0112,2.79,Brain Gain
USA,2001,284968955.0,821701.0,821701.0,17046.0,13770.0,3276.0,0.01675792,0.020744773,0.003986852,2000s,0.0099,2.883,Brain Gain
USA,2002,287625193.0,858712.0,858712.0,17770.0,15261.0,2509.0,0.017771965,0.020693783,0.0029218178,2000s,0.0093,2.986,Brain Gain
USA,2003,290107933.0,892573.0,892573.0,16638.0,15607.0,1031.0,0.017485404,0.018640492,0.0011550876,2000s,0.0086,3.077,Brain Gain
USA,2004,292805298.0,928492.0,928492.0,15192.0,14013.0,1179.0,0.015092214,0.016362015,0.0012698009,2000s,0.0093,3.171,Brain Gain
USA,2005,295516599.0,961166.0,961166.0,14775.0,14191.0,584.0,0.014764359,0.015371954,0.0006075954,2000s,0.0093,3.252,Brain Gain
USA,2006,298379912.0,1000413.0,1000413.0,15145.0,14881.0,264.0,0.014874857,0.015138748,0.000263891,2000s,0.0097,3.353,Brain Gain
USA,2007,301231207.0,1042233.0,1042233.0,15570.0,15406.0,164.0,0.014781724,0.014939078,0.00015735444,2000s,0.0096,3.46,Brain Gain
USA,2008,304093966.0,1084259.0,1084259.0,16622.0,16049.0,573.0,0.014801814,0.015330286,0.00052847154,2000s,0.0095,3.566,Brain Gain
USA,2009,306771529.0,1128212.0,1128212.0,17628.0,16734.0,894.0,0.014832319,0.015624723,0.0007924043,2000s,0.0088,3.678,Brain Gain
USA,2010,309327143.0,1170963.0,1170963.0,18517.0,18175.0,342.0,0.015521413,0.01581348,0.0002920673,2010s,0.0083,3.786,Brain Gain
USA,2011,311583481.0,1213560.0,1213560.0,19065.0,19097.0,-32.0,0.015736345,0.015709978,-2.63687e-05,2010s,0.0073,3.895,Brain Drain
USA,2012,313877662.0,1254862.0,1254862.0,19422.0,19480.0,-58.0,0.015523619,0.015477399,-4.6220222e-05,2010s,0.0074,3.998,Brain Drain
USA,2013,316059947.0,1300121.0,1300121.0,20565.0,19879.0,686.0,0.015290115,0.015817758,0.0005276432,2010s,0.007,4.114,Brain Gain
USA,2014,318386329.0,1339874.0,1339874.0,21450.0,20685.0,765.0,0.015438018,0.016008968,0.0005709492,2010s,0.0074,4.208,Brain Gain
USA,2015,320738994.0,1378251.0,1378251.0,22177.0,21214.0,963.0,0.015391971,0.016090684,0.0006987116,2010s,0.0074,4.297,Brain Gain
USA,2016,323071755.0,1414582.0,1414582.0,23346.0,21553.0,1793.0,0.015236303,0.016503815,0.0012675122,2010s,0.0073,4.379,Brain Gain
USA,2017,325122128.0,1448410.0,1448410.0,24443.0,21600.0,2843.0,0.014912904,0.016875746,0.001962842,2010s,0.0063,4.455,Brain Gain
USA,2018,326838199.0,1481431.0,1481431.0,24990.0,22652.0,2338.0,0.015290621,0.016868824,0.0015782038,2010s,0.0053,4.533,Brain Gain
USA,2019,328329953.0,1502514.0,1502514.0,24985.0,23205.0,1780.0,0.015444116,0.016628796,0.0011846812,2010s,0.0046,4.576,Brain Gain
USA,2020,331511512.0,1486847.0,1486847.0,24932.0,23310.0,1622.0,0.01567747,0.01676837,0.0010908991,2020s,0.0097,4.485,Brain Gain
USA,2021,332031554.0,1412938.0,1412938.0,23274.0,22269.0,1005.0,0.015760776,0.01647206,0.0007112839,2020s,0.0016,4.255,Brain Gain
USA,2022,333287557.0,0.0,0.0,19112.0,19062.0,50.0,,,,2020s,0.0038,0.0,Brain Gain
USA,2023,333287557.0,0.0,0.0,13123.0,11147.0,1976.0,,,,2020s,0.0,0.0,Brain Gain
UZB,1996,23225000.0,857.0,857.0,0.0,0.0,0.0,0.0,0.0,0.0,1990s,,0.037,Balanced
UZB,1997,23667000.0,989.0,989.0,18.0,14.0,4.0,0.014155713,0.018200202,0.0040444895,1990s,0.019,0.042,Brain Gain
UZB,1998,24051000.0,1115.0,1115.0,13.0,21.0,-8.0,0.01883408,0.011659193,-0.0071748877,1990s,0.0162,0.046,Brain Drain
UZB,1999,24311650.0,1202.0,1202.0,18.0,18.0,0.0,0.014975041,0.014975041,0.0,1990s,0.0108,0.049,Balanced
UZB,2000,24650400.0,1202.0,1202.0,18.0,39.0,-21.0,0.032445922,0.014975041,-0.017470881,2000s,0.0139,0.049,Brain Drain
UZB,2001,24964450.0,1210.0,1210.0,21.0,41.0,-20.0,0.033884298,0.017355371,-0.016528925,2000s,0.0127,0.048,Brain Drain
UZB,2002,25271850.0,1231.0,1231.0,31.0,36.0,-5.0,0.029244516,0.025182778,-0.0040617385,2000s,0.0123,0.049,Brain Drain
UZB,2003,25567650.0,1243.0,1243.0,18.0,20.0,-2.0,0.016090104,0.014481094,-0.0016090105,2000s,0.0117,0.049,Brain Drain
UZB,2004,25864350.0,1210.0,1210.0,16.0,24.0,-8.0,0.01983471,0.0132231405,-0.0066115703,2000s,0.0116,0.047,Brain Drain
UZB,2005,26167000.0,1192.0,1192.0,14.0,33.0,-19.0,0.027684564,0.011744967,-0.015939597,2000s,0.0117,0.046,Brain Drain
UZB,2006,26488250.0,1208.0,1208.0,33.0,28.0,5.0,0.023178808,0.027317882,0.0041390727,2000s,0.0123,0.046,Brain Gain
UZB,2007,26868000.0,1200.0,1200.0,24.0,36.0,-12.0,0.03,0.02,-0.01,2000s,0.0143,0.045,Brain Drain
UZB,2008,27302800.0,1242.0,1242.0,23.0,22.0,1.0,0.017713366,0.018518519,0.000805153,2000s,0.0162,0.045,Brain Gain
UZB,2009,27767400.0,1338.0,1338.0,28.0,39.0,-11.0,0.029147983,0.020926757,-0.008221226,2000s,0.017,0.048,Brain Drain
UZB,2010,28562400.0,1357.0,1357.0,24.0,33.0,-9.0,0.024318349,0.017686073,-0.0066322773,2010s,0.0286,0.048,Brain Drain
UZB,2011,29339400.0,1427.0,1427.0,20.0,34.0,-14.0,0.023826208,0.014015417,-0.009810792,2010s,0.0272,0.049,Brain Drain
UZB,2012,29774500.0,1474.0,1474.0,24.0,26.0,-2.0,0.017639078,0.016282225,-0.0013568521,2010s,0.0148,0.05,Brain Drain
UZB,2013,30243200.0,1507.0,1507.0,25.0,32.0,-7.0,0.02123424,0.01658925,-0.00464499,2010s,0.0157,0.05,Brain Drain
UZB,2014,30757700.0,1502.0,1502.0,23.0,24.0,-1.0,0.015978696,0.015312916,-0.00066577893,2010s,0.017,0.049,Brain Drain
UZB,2015,31298900.0,1543.0,1543.0,23.0,34.0,-11.0,0.022034997,0.014906027,-0.0071289698,2010s,0.0176,0.049,Brain Drain
UZB,2016,31847900.0,1536.0,1536.0,25.0,31.0,-6.0,0.020182291,0.016276041,-0.00390625,2010s,0.0175,0.048,Brain Drain
UZB,2017,32388600.0,1911.0,1911.0,23.0,41.0,-18.0,0.021454737,0.012035583,-0.0094191525,2010s,0.017,0.059,Brain Drain
UZB,2018,32956100.0,2458.0,2458.0,42.0,43.0,-1.0,0.017493898,0.017087063,-0.00040683482,2010s,0.0175,0.075,Brain Drain
UZB,2019,33580350.0,2776.0,2776.0,51.0,21.0,30.0,0.0075648413,0.018371757,0.010806916,2010s,0.0189,0.083,Brain Gain
UZB,2020,34232050.0,3094.0,3094.0,87.0,19.0,68.0,0.006140918,0.02811894,0.021978023,2020s,0.0194,0.09,Brain Gain
UZB,2021,34915100.0,3120.0,3120.0,73.0,36.0,37.0,0.011538462,0.023397436,0.011858975,2020s,0.02,0.089,Brain Gain
UZB,2022,35648100.0,0.0,0.0,70.0,32.0,38.0,,,,2020s,0.021,0.0,Brain Gain
UZB,2023,35648100.0,0.0,0.0,44.0,19.0,25.0,,,,2020s,0.0,0.0,Brain Gain
VAT,2012,,4.0,4.0,1.0,1.0,0.0,0.25,0.25,0.0,2010s,,,Balanced
VAT,2017,,7.0,7.0,4.0,0.0,4.0,0.0,0.5714286,0.5714286,2010s,,,Brain Gain
VAT,2021,,5.0,5.0,1.0,0.0,1.0,0.0,0.2,0.2,2020s,,,Brain Gain
VCT,1996,114290.0,2.0,2.0,0.0,0.0,0.0,0.0,0.0,0.0,1990s,,0.017,Balanced
VCT,1997,114276.0,3.0,3.0,1.0,0.0,1.0,0.0,0.33333334,0.33333334,1990s,-0.0001,0.026,Brain Gain
VCT,1998,114165.0,,,,,,,,,1990s,-0.001,,Unknown
VCT,1999,113995.0,,,,,,,,,1990s,-0.0015,,Unknown
VCT,2000,113813.0,,,,,,,,,2000s,-0.0016,,Unknown
VCT,2001,113641.0,,,,,,,,,2000s,-0.0015,,Unknown
VCT,2002,113450.0,4.0,4.0,2.0,0.0,2.0,0.0,0.5,0.5,2000s,-0.0017,0.035,Brain Gain
VCT,2003,113108.0,4.0,4.0,0.0,0.0,0.0,0.0,0.0,0.0,2000s,-0.003,0.035,Balanced
VCT,2004,112608.0,,,,,,,,,2000s,-0.0044,,Unknown
VCT,2005,112043.0,,,,,,,,,2000s,-0.005,,Unknown
VCT,2006,111427.0,,,,,,,,,2000s,-0.0055,,Unknown
VCT,2007,110824.0,3.0,3.0,2.0,1.0,1.0,0.33333334,0.6666667,0.33333334,2000s,-0.0054,0.027,Brain Gain
VCT,2008,110316.0,,,,,,,,,2000s,-0.0046,,Unknown
VCT,2009,109840.0,,,,,,,,,2000s,-0.0043,,Unknown
VCT,2010,109308.0,3.0,3.0,1.0,1.0,0.0,0.33333334,0.33333334,0.0,2010s,-0.0048,0.027,Balanced
VCT,2011,108703.0,,,,,,,,,2010s,-0.0055,,Unknown
VCT,2012,108083.0,,,,,,,,,2010s,-0.0057,,Unknown
VCT,2013,107450.0,11.0,11.0,2.0,1.0,1.0,0.09090909,0.18181819,0.09090909,2010s,-0.0059,0.102,Brain Gain
VCT,2014,106912.0,,,,,,,,,2010s,-0.005,,Unknown
VCT,2015,106482.0,10.0,10.0,2.0,1.0,1.0,0.1,0.2,0.1,2010s,-0.004,0.094,Brain Gain
VCT,2016,105963.0,10.0,10.0,1.0,0.0,1.0,0.0,0.1,0.1,2010s,-0.0049,0.094,Brain Gain
VCT,2017,105549.0,,,,,,,,,2010s,-0.0039,,Unknown
VCT,2018,105281.0,18.0,18.0,2.0,0.0,2.0,0.0,0.11111111,0.11111111,2010s,-0.0025,0.171,Brain Gain
VCT,2019,104924.0,18.0,18.0,1.0,0.0,1.0,0.0,0.055555556,0.055555556,2010s,-0.0034,0.172,Brain Gain
VCT,2020,104632.0,21.0,21.0,3.0,3.0,0.0,0.14285715,0.14285715,0.0,2020s,-0.0028,0.201,Balanced
VCT,2021,104332.0,20.0,20.0,4.0,4.0,0.0,0.2,0.2,0.0,2020s,-0.0029,0.192,Balanced
VCT,2022,103948.0,0.0,0.0,2.0,2.0,0.0,,,,2020s,-0.0037,0.0,Balanced
VCT,2023,103948.0,,,,,,,,,2020s,0.0,,Unknown
VEN,1996,22572110.0,2200.0,2200.0,0.0,0.0,0.0,0.0,0.0,0.0,1990s,,0.097,Balanced
VEN,1997,23037561.0,2701.0,2701.0,57.0,58.0,-1.0,0.021473529,0.021103295,-0.00037023326,1990s,0.0206,0.117,Brain Drain
VEN,1998,23503819.0,3277.0,3277.0,94.0,72.0,22.0,0.021971315,0.028684773,0.0067134574,1990s,0.0202,0.139,Brain Gain
VEN,1999,23966960.0,3662.0,3662.0,113.0,85.0,28.0,0.02321136,0.030857455,0.007646095,1990s,0.0197,0.153,Brain Gain
VEN,2000,24427729.0,3946.0,3946.0,85.0,109.0,-24.0,0.027622908,0.0215408,-0.0060821082,2000s,0.0192,0.162,Brain Drain
VEN,2001,24880203.0,4231.0,4231.0,128.0,137.0,-9.0,0.032380052,0.030252894,-0.0021271566,2000s,0.0185,0.17,Brain Drain
VEN,2002,25330929.0,4513.0,4513.0,107.0,134.0,-27.0,0.029692002,0.023709284,-0.0059827166,2000s,0.0181,0.178,Brain Drain
VEN,2003,25782029.0,4780.0,4780.0,153.0,102.0,51.0,0.021338912,0.03200837,0.010669456,2000s,0.0178,0.185,Brain Gain
VEN,2004,26226927.0,5052.0,5052.0,107.0,130.0,-23.0,0.025732383,0.02117973,-0.0045526526,2000s,0.0173,0.193,Brain Drain
VEN,2005,26668785.0,5496.0,5496.0,118.0,111.0,7.0,0.020196507,0.02147016,0.0012736536,2000s,0.0168,0.206,Brain Gain
VEN,2006,27102081.0,6051.0,6051.0,126.0,122.0,4.0,0.020161957,0.020823004,0.00066104776,2000s,0.0162,0.223,Brain Gain
VEN,2007,27525097.0,6465.0,6465.0,118.0,142.0,-24.0,0.021964423,0.018252127,-0.003712297,2000s,0.0156,0.235,Brain Drain
VEN,2008,27933833.0,6685.0,6685.0,111.0,126.0,-15.0,0.018848168,0.016604338,-0.0022438294,2000s,0.0148,0.239,Brain Drain
VEN,2009,28327892.0,6859.0,6859.0,131.0,153.0,-22.0,0.022306459,0.019098993,-0.0032074647,2000s,0.0141,0.242,Brain Drain
VEN,2010,28715022.0,6879.0,6879.0,126.0,179.0,-53.0,0.026021224,0.018316615,-0.007704608,2010s,0.0137,0.24,Brain Drain
VEN,2011,29096159.0,6719.0,6719.0,104.0,171.0,-67.0,0.025450217,0.015478494,-0.009971722,2010s,0.0133,0.231,Brain Drain
VEN,2012,29470426.0,6414.0,6414.0,98.0,167.0,-69.0,0.026036795,0.015279077,-0.010757717,2010s,0.0129,0.218,Brain Drain
VEN,2013,29838021.0,6176.0,6176.0,102.0,184.0,-82.0,0.029792747,0.016515544,-0.013277202,2010s,0.0125,0.207,Brain Drain
VEN,2014,30193258.0,5958.0,5958.0,108.0,164.0,-56.0,0.027526015,0.018126888,-0.009399127,2010s,0.0119,0.197,Brain Drain
VEN,2015,30529716.0,5658.0,5658.0,85.0,206.0,-121.0,0.036408626,0.015022976,-0.02138565,2010s,0.0111,0.185,Brain Drain
VEN,2016,30741464.0,5267.0,5267.0,95.0,223.0,-128.0,0.042339094,0.018036833,-0.02430226,2010s,0.0069,0.171,Brain Drain
VEN,2017,30563433.0,4838.0,4838.0,95.0,241.0,-146.0,0.04981397,0.019636214,-0.030177759,2010s,-0.0058,0.158,Brain Drain
VEN,2018,29825653.0,4452.0,4452.0,74.0,251.0,-177.0,0.056379154,0.016621742,-0.039757412,2010s,-0.0241,0.149,Brain Drain
VEN,2019,28971683.0,4105.0,4105.0,81.0,249.0,-168.0,0.060657736,0.019732034,-0.0409257,2010s,-0.0286,0.142,Brain Drain
VEN,2020,28490453.0,3620.0,3620.0,81.0,215.0,-134.0,0.059392266,0.02237569,-0.037016574,2020s,-0.0166,0.127,Brain Drain
VEN,2021,28199867.0,3183.0,3183.0,73.0,152.0,-79.0,0.04775369,0.022934338,-0.024819354,2020s,-0.0102,0.113,Brain Drain
VEN,2022,28301696.0,0.0,0.0,47.0,112.0,-65.0,,,,2020s,0.0036,0.0,Brain Drain
VEN,2023,28301696.0,,,,,,,,,2020s,0.0,,Unknown
VGB,1996,18120.0,,,,,,,,,1990s,,,Unknown
VGB,1997,18591.0,2.0,2.0,0.0,0.0,0.0,0.0,0.0,0.0,1990s,0.026,0.108,Balanced
VGB,1998,19079.0,2.0,2.0,0.0,0.0,0.0,0.0,0.0,0.0,1990s,0.0262,0.105,Balanced
VGB,1999,19586.0,,,,,,,,,1990s,0.0266,,Unknown
VGB,2000,20104.0,,,,,,,,,2000s,0.0264,,Unknown
VGB,2001,20657.0,2.0,2.0,0.0,1.0,-1.0,0.5,0.0,-0.5,2000s,0.0275,0.097,Brain Drain
VGB,2002,21288.0,,,,,,,,,2000s,0.0305,,Unknown
VGB,2003,21982.0,,,,,,,,,2000s,0.0326,,Unknown
VGB,2004,22715.0,6.0,6.0,0.0,0.0,0.0,0.0,0.0,0.0,2000s,0.0333,0.264,Balanced
VGB,2005,23497.0,9.0,9.0,0.0,0.0,0.0,0.0,0.0,0.0,2000s,0.0344,0.383,Balanced
VGB,2006,24323.0,8.0,8.0,0.0,1.0,-1.0,0.125,0.0,-0.125,2000s,0.0352,0.329,Brain Drain
VGB,2007,25191.0,7.0,7.0,0.0,0.0,0.0,0.0,0.0,0.0,2000s,0.0357,0.278,Balanced
VGB,2008,26115.0,,,,,,,,,2000s,0.0367,,Unknown
VGB,2009,27044.0,,,,,,,,,2000s,0.0356,,Unknown
VGB,2010,27556.0,,,,,,,,,2010s,0.0189,,Unknown
VGB,2011,27962.0,11.0,11.0,5.0,1.0,4.0,0.09090909,0.45454547,0.36363637,2010s,0.0147,0.393,Brain Gain
VGB,2012,28421.0,,,,,,,,,2010s,0.0164,,Unknown
VGB,2013,28657.0,6.0,6.0,0.0,2.0,-2.0,0.33333334,0.0,-0.33333334,2010s,0.0083,0.209,Brain Drain
VGB,2014,28971.0,,,,,,,,,2010s,0.011,,Unknown
VGB,2015,29366.0,,,,,,,,,2010s,0.0136,,Unknown
VGB,2016,29739.0,8.0,8.0,1.0,0.0,1.0,0.0,0.125,0.125,2010s,0.0127,0.269,Brain Gain
VGB,2017,30060.0,,,,,,,,,2010s,0.0108,,Unknown
VGB,2018,30335.0,8.0,8.0,1.0,2.0,-1.0,0.25,0.125,-0.125,2010s,0.0091,0.264,Brain Drain
VGB,2019,30610.0,11.0,11.0,0.0,0.0,0.0,0.0,0.0,0.0,2010s,0.0091,0.359,Balanced
VGB,2020,30910.0,,,,,,,,,2020s,0.0098,,Unknown
VGB,2021,31122.0,16.0,16.0,1.0,0.0,1.0,0.0,0.0625,0.0625,2020s,0.0069,0.514,Brain Gain
VGB,2022,31305.0,,,,,,,,,2020s,0.0059,,Unknown
VGB,2023,31305.0,,,,,,,,,2020s,0.0,,Unknown
VIR,1996,108095.0,12.0,12.0,0.0,0.0,0.0,0.0,0.0,0.0,1990s,,0.111,Balanced
VIR,1997,108357.0,16.0,16.0,2.0,0.0,2.0,0.0,0.125,0.125,1990s,0.0024,0.148,Brain Gain
VIR,1998,108537.0,13.0,13.0,0.0,5.0,-5.0,0.3846154,0.0,-0.3846154,1990s,0.0017,0.12,Brain Drain
VIR,1999,108599.0,11.0,11.0,1.0,3.0,-2.0,0.27272728,0.09090909,-0.18181819,1990s,0.0006,0.101,Brain Drain
VIR,2000,108642.0,11.0,11.0,3.0,2.0,1.0,0.18181819,0.27272728,0.09090909,2000s,0.0004,0.101,Brain Gain
VIR,2001,108549.0,,,,,,,,,2000s,-0.0009,,Unknown
VIR,2002,108509.0,,,,,,,,,2000s,-0.0004,,Unknown
VIR,2003,108505.0,16.0,16.0,3.0,3.0,0.0,0.1875,0.1875,0.0,2000s,-0.0,0.147,Balanced
VIR,2004,108466.0,24.0,24.0,3.0,1.0,2.0,0.041666668,0.125,0.083333336,2000s,-0.0004,0.221,Brain Gain
VIR,2005,108453.0,22.0,22.0,2.0,3.0,-1.0,0.13636364,0.09090909,-0.045454547,2000s,-0.0001,0.203,Brain Drain
VIR,2006,108369.0,18.0,18.0,2.0,7.0,-5.0,0.3888889,0.11111111,-0.2777778,2000s,-0.0008,0.166,Brain Drain
VIR,2007,108337.0,,,,,,,,,2000s,-0.0003,,Unknown
VIR,2008,108397.0,23.0,23.0,6.0,4.0,2.0,0.17391305,0.26086956,0.08695652,2000s,0.0006,0.212,Brain Gain
VIR,2009,108404.0,19.0,19.0,0.0,4.0,-4.0,0.21052632,0.0,-0.21052632,2000s,0.0001,0.175,Brain Drain
VIR,2010,108357.0,14.0,14.0,1.0,6.0,-5.0,0.42857143,0.071428575,-0.35714287,2010s,-0.0004,0.129,Brain Drain
VIR,2011,108290.0,,,,,,,,,2010s,-0.0006,,Unknown
VIR,2012,108188.0,16.0,16.0,3.0,2.0,1.0,0.125,0.1875,0.0625,2010s,-0.0009,0.148,Brain Gain
VIR,2013,108041.0,,,,,,,,,2010s,-0.0014,,Unknown
VIR,2014,107882.0,14.0,14.0,3.0,2.0,1.0,0.14285715,0.21428572,0.071428575,2010s,-0.0015,0.13,Brain Gain
VIR,2015,107712.0,21.0,21.0,2.0,2.0,0.0,0.0952381,0.0952381,0.0,2010s,-0.0016,0.195,Balanced
VIR,2016,107516.0,20.0,20.0,3.0,5.0,-2.0,0.25,0.15,-0.1,2010s,-0.0018,0.186,Brain Drain
VIR,2017,107281.0,20.0,20.0,3.0,0.0,3.0,0.0,0.15,0.15,2010s,-0.0022,0.186,Brain Gain
VIR,2018,107001.0,20.0,20.0,6.0,7.0,-1.0,0.35,0.3,-0.05,2010s,-0.0026,0.187,Brain Drain
VIR,2019,106669.0,,,,,,,,,2010s,-0.0031,,Unknown
VIR,2020,106290.0,16.0,16.0,6.0,1.0,5.0,0.0625,0.375,0.3125,2020s,-0.0036,0.151,Brain Gain
VIR,2021,105870.0,27.0,27.0,13.0,2.0,11.0,0.074074075,0.4814815,0.4074074,2020s,-0.004,0.255,Brain Gain
VIR,2022,105413.0,,,,,,,,,2020s,-0.0043,,Unknown
VIR,2023,105413.0,,,,,,,,,2020s,0.0,,Unknown
VNM,1996,74946448.0,440.0,440.0,0.0,0.0,0.0,0.0,0.0,0.0,1990s,,0.006,Balanced
VNM,1997,76058603.0,569.0,569.0,29.0,12.0,17.0,0.02108963,0.05096661,0.029876977,1990s,0.0148,0.007,Brain Gain
VNM,1998,77128424.0,687.0,687.0,24.0,11.0,13.0,0.016011644,0.0349345,0.018922852,1990s,0.0141,0.009,Brain Gain
VNM,1999,78123713.0,790.0,790.0,34.0,29.0,5.0,0.03670886,0.043037973,0.006329114,1990s,0.0129,0.01,Brain Gain
VNM,2000,79001142.0,849.0,849.0,34.0,39.0,-5.0,0.045936394,0.040047113,-0.0058892816,2000s,0.0112,0.011,Brain Drain
VNM,2001,79817777.0,968.0,968.0,39.0,49.0,-10.0,0.050619833,0.040289257,-0.010330578,2000s,0.0103,0.012,Brain Drain
VNM,2002,80642308.0,1131.0,1131.0,68.0,52.0,16.0,0.04597701,0.060123783,0.014146773,2000s,0.0103,0.014,Brain Gain
VNM,2003,81475825.0,1298.0,1298.0,77.0,36.0,41.0,0.027734976,0.059322033,0.031587057,2000s,0.0103,0.016,Brain Gain
VNM,2004,82311227.0,1532.0,1532.0,58.0,40.0,18.0,0.02610966,0.037859008,0.011749348,2000s,0.0103,0.019,Brain Gain
VNM,2005,83142095.0,1737.0,1737.0,59.0,44.0,15.0,0.02533103,0.03396661,0.008635579,2000s,0.0101,0.021,Brain Gain
VNM,2006,83951800.0,2099.0,2099.0,90.0,42.0,48.0,0.020009529,0.042877562,0.022868032,2000s,0.0097,0.025,Brain Gain
VNM,2007,84762269.0,2453.0,2453.0,81.0,58.0,23.0,0.023644516,0.03302079,0.0093762735,2000s,0.0097,0.029,Brain Gain
VNM,2008,85597241.0,2912.0,2912.0,122.0,60.0,62.0,0.020604396,0.041895606,0.02129121,2000s,0.0099,0.034,Brain Gain
VNM,2009,86482923.0,3431.0,3431.0,124.0,84.0,40.0,0.024482658,0.036141068,0.011658409,2000s,0.0103,0.04,Brain Gain
VNM,2010,87411012.0,4127.0,4127.0,193.0,115.0,78.0,0.027865278,0.046765205,0.018899927,2010s,0.0107,0.047,Brain Gain
VNM,2011,88349117.0,4968.0,4968.0,249.0,86.0,163.0,0.017310789,0.050120775,0.032809984,2010s,0.0107,0.056,Brain Gain
VNM,2012,89301326.0,5806.0,5806.0,242.0,132.0,110.0,0.022735102,0.04168102,0.018945917,2010s,0.0108,0.065,Brain Gain
VNM,2013,90267739.0,6804.0,6804.0,298.0,140.0,158.0,0.020576132,0.043797765,0.023221634,2010s,0.0108,0.075,Brain Gain
VNM,2014,91235504.0,8028.0,8028.0,353.0,181.0,172.0,0.022546088,0.043971103,0.021425012,2010s,0.0107,0.088,Brain Gain
VNM,2015,92191398.0,9454.0,9454.0,407.0,192.0,215.0,0.020308863,0.04305056,0.022741696,2010s,0.0105,0.103,Brain Gain
VNM,2016,93126529.0,11442.0,11442.0,490.0,250.0,240.0,0.021849327,0.04282468,0.020975353,2010s,0.0101,0.123,Brain Gain
VNM,2017,94033048.0,14624.0,14624.0,621.0,240.0,381.0,0.016411379,0.042464443,0.026053064,2010s,0.0097,0.156,Brain Gain
VNM,2018,94914330.0,18446.0,18446.0,812.0,274.0,538.0,0.0148541685,0.044020385,0.029166214,2010s,0.0094,0.194,Brain Gain
VNM,2019,95776716.0,21515.0,21515.0,866.0,324.0,542.0,0.015059261,0.040250987,0.025191726,2010s,0.0091,0.225,Brain Gain
VNM,2020,96648685.0,23857.0,23857.0,943.0,389.0,554.0,0.016305488,0.03952718,0.023221696,2020s,0.0091,0.247,Brain Gain
VNM,2021,97468029.0,23797.0,23797.0,830.0,516.0,314.0,0.021683406,0.034878347,0.013194941,2020s,0.0085,0.244,Brain Gain
VNM,2022,98186856.0,0.0,0.0,585.0,416.0,169.0,,,,2020s,0.0074,0.0,Brain Gain
VNM,2023,98186856.0,0.0,0.0,380.0,258.0,122.0,,,,2020s,0.0,0.0,Brain Gain
VUT,1996,174714.0,10.0,10.0,0.0,0.0,0.0,0.0,0.0,0.0,1990s,,0.057,Balanced
VUT,1997,178871.0,12.0,12.0,1.0,0.0,1.0,0.0,0.083333336,0.083333336,1990s,0.0238,0.067,Brain Gain
VUT,1998,183088.0,17.0,17.0,0.0,1.0,-1.0,0.05882353,0.0,-0.05882353,1990s,0.0236,0.093,Brain Drain
VUT,1999,187432.0,21.0,21.0,3.0,1.0,2.0,0.04761905,0.14285715,0.0952381,1990s,0.0237,0.112,Brain Gain
VUT,2000,192074.0,22.0,22.0,1.0,0.0,1.0,0.0,0.045454547,0.045454547,2000s,0.0248,0.115,Brain Gain
VUT,2001,197034.0,20.0,20.0,0.0,3.0,-3.0,0.15,0.0,-0.15,2000s,0.0258,0.102,Brain Drain
VUT,2002,202125.0,24.0,24.0,0.0,2.0,-2.0,0.083333336,0.0,-0.083333336,2000s,0.0258,0.119,Brain Drain
VUT,2003,207258.0,23.0,23.0,2.0,3.0,-1.0,0.13043478,0.08695652,-0.04347826,2000s,0.0254,0.111,Brain Drain
VUT,2004,212422.0,27.0,27.0,2.0,2.0,0.0,0.074074075,0.074074075,0.0,2000s,0.0249,0.127,Balanced
VUT,2005,217632.0,29.0,29.0,1.0,0.0,1.0,0.0,0.03448276,0.03448276,2000s,0.0245,0.133,Brain Gain
VUT,2006,222923.0,24.0,24.0,0.0,7.0,-7.0,0.29166666,0.0,-0.29166666,2000s,0.0243,0.108,Brain Drain
VUT,2007,228345.0,26.0,26.0,2.0,3.0,-1.0,0.115384616,0.07692308,-0.03846154,2000s,0.0243,0.114,Brain Drain
VUT,2008,233952.0,29.0,29.0,0.0,2.0,-2.0,0.06896552,0.0,-0.06896552,2000s,0.0246,0.124,Brain Drain
VUT,2009,239689.0,32.0,32.0,1.0,1.0,0.0,0.03125,0.03125,0.0,2000s,0.0245,0.134,Balanced
VUT,2010,245453.0,35.0,35.0,3.0,0.0,3.0,0.0,0.08571429,0.08571429,2010s,0.024,0.143,Brain Gain
VUT,2011,251294.0,42.0,42.0,2.0,2.0,0.0,0.04761905,0.04761905,0.0,2010s,0.0238,0.167,Balanced
VUT,2012,257313.0,49.0,49.0,4.0,2.0,2.0,0.040816326,0.08163265,0.040816326,2010s,0.024,0.19,Brain Gain
VUT,2013,263534.0,49.0,49.0,1.0,2.0,-1.0,0.040816326,0.020408163,-0.020408163,2010s,0.0242,0.186,Brain Drain
VUT,2014,269927.0,55.0,55.0,5.0,3.0,2.0,0.054545455,0.09090909,0.036363635,2010s,0.0243,0.204,Brain Gain
VUT,2015,276438.0,62.0,62.0,8.0,4.0,4.0,0.06451613,0.12903225,0.06451613,2010s,0.0241,0.224,Brain Gain
VUT,2016,283218.0,68.0,68.0,3.0,6.0,-3.0,0.0882353,0.04411765,-0.04411765,2010s,0.0245,0.24,Brain Drain
VUT,2017,290239.0,72.0,72.0,3.0,4.0,-1.0,0.055555556,0.041666668,-0.013888889,2010s,0.0248,0.248,Brain Drain
VUT,2018,297298.0,72.0,72.0,6.0,5.0,1.0,0.06944445,0.083333336,0.013888889,2010s,0.0243,0.242,Brain Gain
VUT,2019,304404.0,85.0,85.0,5.0,4.0,1.0,0.047058824,0.05882353,0.011764706,2010s,0.0239,0.279,Brain Gain
VUT,2020,311685.0,87.0,87.0,3.0,4.0,-1.0,0.04597701,0.03448276,-0.011494253,2020s,0.0239,0.279,Brain Drain
VUT,2021,319137.0,88.0,88.0,5.0,2.0,3.0,0.022727273,0.056818184,0.03409091,2020s,0.0239,0.276,Brain Gain
VUT,2022,326740.0,0.0,0.0,2.0,1.0,1.0,,,,2020s,0.0238,0.0,Brain Gain
VUT,2023,326740.0,,,,,,,,,2020s,0.0,,Unknown
WLF,2005,,2.0,2.0,0.0,0.0,0.0,0.0,0.0,0.0,2000s,,,Balanced
WLF,2007,,2.0,2.0,0.0,0.0,0.0,0.0,0.0,0.0,2000s,,,Balanced
WLF,2011,,5.0,5.0,0.0,1.0,-1.0,0.2,0.0,-0.2,2010s,,,Brain Drain
WLF,2013,,4.0,4.0,0.0,1.0,-1.0,0.25,0.0,-0.25,2010s,,,Brain Drain
WLF,2015,,3.0,3.0,0.0,1.0,-1.0,0.33333334,0.0,-0.33333334,2010s,,,Brain Drain
WSM,1996,176713.0,4.0,4.0,0.0,0.0,0.0,0.0,0.0,0.0,1990s,,0.023,Balanced
WSM,1997,178543.0,11.0,11.0,4.0,0.0,4.0,0.0,0.36363637,0.36363637,1990s,0.0104,0.062,Brain Gain
WSM,1998,180385.0,11.0,11.0,1.0,1.0,0.0,0.09090909,0.09090909,0.0,1990s,0.0103,0.061,Balanced
WSM,1999,182211.0,16.0,16.0,1.0,1.0,0.0,0.0625,0.0625,0.0,1990s,0.0101,0.088,Balanced
WSM,2000,184008.0,,,,,,,,,2000s,0.0099,,Unknown
WSM,2001,185530.0,23.0,23.0,0.0,1.0,-1.0,0.04347826,0.0,-0.04347826,2000s,0.0083,0.124,Brain Drain
WSM,2002,186630.0,21.0,21.0,1.0,1.0,0.0,0.04761905,0.04761905,0.0,2000s,0.0059,0.113,Balanced
WSM,2003,187440.0,16.0,16.0,1.0,4.0,-3.0,0.25,0.0625,-0.1875,2000s,0.0043,0.085,Brain Drain
WSM,2004,188073.0,15.0,15.0,1.0,6.0,-5.0,0.4,0.06666667,-0.33333334,2000s,0.0034,0.08,Brain Drain
WSM,2005,188626.0,,,,,,,,,2000s,0.0029,,Unknown
WSM,2006,189379.0,16.0,16.0,0.0,1.0,-1.0,0.0625,0.0,-0.0625,2000s,0.004,0.084,Brain Drain
WSM,2007,190478.0,13.0,13.0,0.0,3.0,-3.0,0.23076923,0.0,-0.23076923,2000s,0.0058,0.068,Brain Drain
WSM,2008,191787.0,,,,,,,,,2000s,0.0069,,Unknown
WSM,2009,193176.0,17.0,17.0,2.0,0.0,2.0,0.0,0.11764706,0.11764706,2000s,0.0072,0.088,Brain Gain
WSM,2010,194672.0,,,,,,,,,2010s,0.0077,,Unknown
WSM,2011,196351.0,18.0,18.0,2.0,3.0,-1.0,0.16666667,0.11111111,-0.055555556,2010s,0.0086,0.092,Brain Drain
WSM,2012,198124.0,33.0,33.0,5.0,3.0,2.0,0.09090909,0.15151516,0.060606062,2010s,0.009,0.167,Brain Gain
WSM,2013,199939.0,43.0,43.0,4.0,3.0,1.0,0.069767445,0.093023255,0.023255814,2010s,0.0092,0.215,Brain Gain
WSM,2014,201757.0,54.0,54.0,6.0,2.0,4.0,0.037037037,0.11111111,0.074074075,2010s,0.0091,0.268,Brain Gain
WSM,2015,203571.0,57.0,57.0,4.0,2.0,2.0,0.03508772,0.07017544,0.03508772,2010s,0.009,0.28,Brain Gain
WSM,2016,205544.0,67.0,67.0,3.0,8.0,-5.0,0.11940298,0.04477612,-0.07462686,2010s,0.0097,0.326,Brain Drain
WSM,2017,207630.0,75.0,75.0,5.0,2.0,3.0,0.026666667,0.06666667,0.04,2010s,0.0101,0.361,Brain Gain
WSM,2018,209701.0,93.0,93.0,4.0,4.0,0.0,0.043010753,0.043010753,0.0,2010s,0.01,0.443,Balanced
WSM,2019,211905.0,102.0,102.0,3.0,3.0,0.0,0.029411765,0.029411765,0.0,2010s,0.0105,0.481,Balanced
WSM,2020,214929.0,114.0,114.0,6.0,3.0,3.0,0.02631579,0.05263158,0.02631579,2020s,0.0143,0.53,Brain Gain
WSM,2021,218764.0,112.0,112.0,9.0,9.0,0.0,0.08035714,0.08035714,0.0,2020s,0.0178,0.512,Balanced
WSM,2022,222382.0,0.0,0.0,1.0,6.0,-5.0,,,,2020s,0.0165,0.0,Brain Drain
WSM,2023,222382.0,,,,,,,,,2020s,0.0,,Unknown
XKX,1996,2059000.0,,,,,,,,,1990s,,,Unknown
XKX,1997,2086000.0,,,,,,,,,1990s,0.0131,,Unknown
XKX,1998,1966000.0,,,,,,,,,1990s,-0.0575,,Unknown
XKX,1999,1762000.0,,,,,,,,,1990s,-0.1038,,Unknown
XKX,2000,1700000.0,,,,,,,,,2000s,-0.0352,,Unknown
XKX,2001,1701154.0,,,,,,,,,2000s,0.0007,,Unknown
XKX,2002,1702310.0,,,,,,,,,2000s,0.0007,,Unknown
XKX,2003,1703466.0,,,,,,,,,2000s,0.0007,,Unknown
XKX,2004,1704622.0,,,,,,,,,2000s,0.0007,,Unknown
XKX,2005,1705780.0,,,,,,,,,2000s,0.0007,,Unknown
XKX,2006,1719536.0,,,,,,,,,2000s,0.0081,,Unknown
XKX,2007,1733404.0,,,,,,,,,2000s,0.0081,,Unknown
XKX,2008,1747383.0,,,,,,,,,2000s,0.0081,,Unknown
XKX,2009,1761474.0,,,,,,,,,2000s,0.0081,,Unknown
XKX,2010,1775680.0,,,,,,,,,2010s,0.0081,,Unknown
XKX,2011,1791000.0,,,,,,,,,2010s,0.0086,,Unknown
XKX,2012,1807106.0,,,,,,,,,2010s,0.009,,Unknown
XKX,2013,1818117.0,,,,,,,,,2010s,0.0061,,Unknown
XKX,2014,1812771.0,,,,,,,,,2010s,-0.0029,,Unknown
XKX,2015,1788196.0,,,,,,,,,2010s,-0.0136,,Unknown
XKX,2016,1777557.0,,,,,,,,,2010s,-0.0059,,Unknown
XKX,2017,1791003.0,,,,,,,,,2010s,0.0076,,Unknown
XKX,2018,1797085.0,,,,,,,,,2010s,0.0034,,Unknown
XKX,2019,1788878.0,,,,,,,,,2010s,-0.0046,,Unknown
XKX,2020,1790133.0,,,,,,,,,2020s,0.0007,,Unknown
XKX,2021,1786038.0,,,,,,,,,2020s,-0.0023,,Unknown
XKX,2022,1761985.0,,,,,,,,,2020s,-0.0135,,Unknown
XKX,2023,1761985.0,,,,,,,,,2020s,0.0,,Unknown
YEM,1996,16614326.0,65.0,65.0,0.0,0.0,0.0,0.0,0.0,0.0,1990s,,0.004,Balanced
YEM,1997,17108681.0,76.0,76.0,1.0,4.0,-3.0,0.05263158,0.013157895,-0.039473683,1990s,0.0298,0.004,Brain Drain
YEM,1998,17608133.0,92.0,92.0,6.0,4.0,2.0,0.04347826,0.06521739,0.02173913,1990s,0.0292,0.005,Brain Gain
YEM,1999,18114552.0,104.0,104.0,8.0,6.0,2.0,0.057692308,0.07692308,0.01923077,1990s,0.0288,0.006,Brain Gain
YEM,2000,18628700.0,97.0,97.0,6.0,11.0,-5.0,0.11340206,0.06185567,-0.05154639,2000s,0.0284,0.005,Brain Drain
YEM,2001,19143457.0,110.0,110.0,11.0,4.0,7.0,0.036363635,0.1,0.06363636,2000s,0.0276,0.006,Brain Gain
YEM,2002,19660653.0,125.0,125.0,6.0,6.0,0.0,0.048,0.048,0.0,2000s,0.027,0.006,Balanced
YEM,2003,20188799.0,153.0,153.0,9.0,8.0,1.0,0.052287582,0.05882353,0.006535948,2000s,0.0269,0.008,Brain Gain
YEM,2004,20733406.0,166.0,166.0,6.0,5.0,1.0,0.030120483,0.036144577,0.006024096,2000s,0.027,0.008,Brain Gain
YEM,2005,21320671.0,195.0,195.0,12.0,10.0,2.0,0.051282052,0.06153846,0.010256411,2000s,0.0283,0.009,Brain Gain
YEM,2006,21966298.0,222.0,222.0,10.0,9.0,1.0,0.04054054,0.045045044,0.0045045046,2000s,0.0303,0.01,Brain Gain
YEM,2007,22641538.0,247.0,247.0,15.0,9.0,6.0,0.036437247,0.060728744,0.024291499,2000s,0.0307,0.011,Brain Gain
YEM,2008,23329004.0,293.0,293.0,13.0,11.0,2.0,0.037542664,0.044368602,0.0068259384,2000s,0.0304,0.013,Brain Gain
YEM,2009,24029589.0,334.0,334.0,21.0,12.0,9.0,0.035928145,0.06287425,0.026946107,2000s,0.03,0.014,Brain Gain
YEM,2010,24743946.0,383.0,383.0,26.0,16.0,10.0,0.041775458,0.067885116,0.02610966,2010s,0.0297,0.015,Brain Gain
YEM,2011,25475610.0,421.0,421.0,22.0,14.0,8.0,0.033254158,0.052256532,0.019002376,2010s,0.0296,0.017,Brain Gain
YEM,2012,26223391.0,482.0,482.0,38.0,22.0,16.0,0.045643155,0.07883818,0.033195022,2010s,0.0294,0.018,Brain Gain
YEM,2013,26984002.0,492.0,492.0,32.0,16.0,16.0,0.032520324,0.06504065,0.032520324,2010s,0.029,0.018,Brain Gain
YEM,2014,27753304.0,506.0,506.0,27.0,22.0,5.0,0.04347826,0.053359684,0.009881423,2010s,0.0285,0.018,Brain Gain
YEM,2015,28516545.0,526.0,526.0,32.0,30.0,2.0,0.05703422,0.0608365,0.0038022813,2010s,0.0275,0.018,Brain Gain
YEM,2016,29274002.0,557.0,557.0,39.0,22.0,17.0,0.03949731,0.070017956,0.030520646,2010s,0.0266,0.019,Brain Gain
YEM,2017,30034389.0,580.0,580.0,47.0,28.0,19.0,0.048275862,0.08103448,0.03275862,2010s,0.026,0.019,Brain Gain
YEM,2018,30790513.0,639.0,639.0,49.0,37.0,12.0,0.057902973,0.076682314,0.018779343,2010s,0.0252,0.021,Brain Gain
YEM,2019,31546691.0,739.0,739.0,77.0,34.0,43.0,0.046008117,0.10419486,0.05818674,2010s,0.0246,0.023,Brain Gain
YEM,2020,32284046.0,781.0,781.0,69.0,49.0,20.0,0.06274008,0.08834827,0.025608195,2020s,0.0234,0.024,Brain Gain
YEM,2021,32981641.0,796.0,796.0,88.0,51.0,37.0,0.06407035,0.110552765,0.04648241,2020s,0.0216,0.024,Brain Gain
YEM,2022,33696614.0,0.0,0.0,87.0,57.0,30.0,,,,2020s,0.0217,0.0,Brain Gain
YEM,2023,33696614.0,0.0,0.0,47.0,56.0,-9.0,,,,2020s,0.0,0.0,Brain Drain
ZAF,1996,44661603.0,7277.0,7277.0,0.0,0.0,0.0,0.0,0.0,0.0,1990s,,0.163,Balanced
ZAF,1997,45285048.0,8513.0,8513.0,156.0,155.0,1.0,0.018207448,0.018324915,0.0001174674,1990s,0.014,0.188,Brain Gain
ZAF,1998,45852166.0,9668.0,9668.0,182.0,224.0,-42.0,0.023169218,0.018824989,-0.004344228,1990s,0.0125,0.211,Brain Drain
ZAF,1999,46364681.0,10512.0,10512.0,284.0,264.0,20.0,0.025114154,0.027016742,0.0019025875,1990s,0.0112,0.227,Brain Gain
ZAF,2000,46813266.0,11148.0,11148.0,275.0,314.0,-39.0,0.028166488,0.024668101,-0.0034983854,2000s,0.0097,0.238,Brain Drain
ZAF,2001,47229714.0,11729.0,11729.0,342.0,396.0,-54.0,0.03376247,0.029158495,-0.004603973,2000s,0.0089,0.248,Brain Drain
ZAF,2002,47661514.0,12430.0,12430.0,394.0,407.0,-13.0,0.032743365,0.031697504,-0.0010458567,2000s,0.0091,0.261,Brain Drain
ZAF,2003,48104048.0,13017.0,13017.0,357.0,468.0,-111.0,0.035952985,0.027425675,-0.008527311,2000s,0.0093,0.271,Brain Drain
ZAF,2004,48556071.0,13899.0,13899.0,365.0,371.0,-6.0,0.026692567,0.026260883,-0.00043168574,2000s,0.0094,0.286,Brain Drain
ZAF,2005,49017147.0,14841.0,14841.0,406.0,337.0,69.0,0.022707365,0.027356647,0.0046492824,2000s,0.0095,0.303,Brain Gain
ZAF,2006,49491756.0,15958.0,15958.0,330.0,367.0,-37.0,0.02299787,0.020679284,-0.0023185862,2000s,0.0097,0.322,Brain Drain
ZAF,2007,49996094.0,17161.0,17161.0,398.0,361.0,37.0,0.02103607,0.023192123,0.0021560516,2000s,0.0102,0.343,Brain Gain
ZAF,2008,50565812.0,18481.0,18481.0,456.0,451.0,5.0,0.024403442,0.024673989,0.00027054813,2000s,0.0114,0.365,Brain Gain
ZAF,2009,51170779.0,19968.0,19968.0,482.0,452.0,30.0,0.022636218,0.024138622,0.0015024039,2000s,0.012,0.39,Brain Gain
ZAF,2010,51784921.0,21531.0,21531.0,588.0,541.0,47.0,0.025126562,0.02730946,0.002182899,2010s,0.012,0.416,Brain Gain
ZAF,2011,52443325.0,23277.0,23277.0,657.0,543.0,114.0,0.02332775,0.028225286,0.0048975386,2010s,0.0127,0.444,Brain Gain
ZAF,2012,53145033.0,25333.0,25333.0,681.0,580.0,101.0,0.022895038,0.026881933,0.0039868946,2010s,0.0134,0.477,Brain Gain
ZAF,2013,53873616.0,27361.0,27361.0,760.0,665.0,95.0,0.024304667,0.027776763,0.0034720954,2010s,0.0137,0.508,Brain Gain
ZAF,2014,54729551.0,29692.0,29692.0,851.0,643.0,208.0,0.021655666,0.02866092,0.007005254,2010s,0.0159,0.543,Brain Gain
ZAF,2015,55876504.0,31835.0,31835.0,859.0,761.0,98.0,0.023904508,0.026982881,0.003078373,2010s,0.021,0.57,Brain Gain
ZAF,2016,56422274.0,33963.0,33963.0,908.0,825.0,83.0,0.024291141,0.026734976,0.0024438358,2010s,0.0098,0.602,Brain Gain
ZAF,2017,56641209.0,35564.0,35564.0,863.0,1137.0,-274.0,0.03197053,0.024266113,-0.00770442,2010s,0.0039,0.628,Brain Drain
ZAF,2018,57339635.0,37445.0,37445.0,984.0,1082.0,-98.0,0.028895713,0.026278542,-0.002617172,2010s,0.0123,0.653,Brain Drain
ZAF,2019,58087055.0,38747.0,38747.0,890.0,1141.0,-251.0,0.029447442,0.02296952,-0.006477921,2010s,0.013,0.667,Brain Drain
ZAF,2020,58801927.0,38758.0,38758.0,878.0,1225.0,-347.0,0.03160638,0.022653388,-0.00895299,2020s,0.0123,0.659,Brain Drain
ZAF,2021,59392255.0,36933.0,36933.0,762.0,1270.0,-508.0,0.03438659,0.020631956,-0.013754637,2020s,0.01,0.622,Brain Drain
ZAF,2022,59893885.0,0.0,0.0,719.0,1036.0,-317.0,,,,2020s,0.0084,0.0,Brain Drain
ZAF,2023,59893885.0,0.0,0.0,439.0,652.0,-213.0,,,,2020s,0.0,0.0,Brain Drain
ZMB,1996,8902019.0,138.0,138.0,0.0,0.0,0.0,0.0,0.0,0.0,1990s,,0.016,Balanced
ZMB,1997,9133156.0,165.0,165.0,11.0,8.0,3.0,0.048484847,0.06666667,0.018181818,1990s,0.026,0.018,Brain Gain
ZMB,1998,9372430.0,193.0,193.0,13.0,10.0,3.0,0.051813472,0.06735751,0.015544041,1990s,0.0262,0.021,Brain Gain
ZMB,1999,9621238.0,204.0,204.0,8.0,17.0,-9.0,0.083333336,0.039215688,-0.04411765,1990s,0.0265,0.021,Brain Drain
ZMB,2000,9891136.0,209.0,209.0,13.0,15.0,-2.0,0.07177033,0.062200956,-0.009569378,2000s,0.0281,0.021,Brain Drain
ZMB,2001,10191964.0,212.0,212.0,8.0,15.0,-7.0,0.070754714,0.03773585,-0.03301887,2000s,0.0304,0.021,Brain Drain
ZMB,2002,10508294.0,217.0,217.0,15.0,20.0,-5.0,0.0921659,0.06912442,-0.023041476,2000s,0.031,0.021,Brain Drain
ZMB,2003,10837973.0,240.0,240.0,20.0,14.0,6.0,0.058333334,0.083333336,0.025,2000s,0.0314,0.022,Brain Gain
ZMB,2004,11188040.0,275.0,275.0,14.0,8.0,6.0,0.02909091,0.05090909,0.021818181,2000s,0.0323,0.025,Brain Gain
ZMB,2005,11564870.0,326.0,326.0,12.0,7.0,5.0,0.021472393,0.036809817,0.015337423,2000s,0.0337,0.028,Brain Gain
ZMB,2006,11971567.0,380.0,380.0,18.0,12.0,6.0,0.031578947,0.047368422,0.015789473,2000s,0.0352,0.032,Brain Gain
ZMB,2007,12402073.0,417.0,417.0,12.0,14.0,-2.0,0.033573143,0.02877698,-0.004796163,2000s,0.036,0.034,Brain Drain
ZMB,2008,12852966.0,473.0,473.0,25.0,13.0,12.0,0.027484143,0.052854124,0.02536998,2000s,0.0364,0.037,Brain Gain
ZMB,2009,13318087.0,529.0,529.0,22.0,20.0,2.0,0.037807185,0.0415879,0.0037807184,2000s,0.0362,0.04,Brain Gain
ZMB,2010,13792086.0,593.0,593.0,24.0,18.0,6.0,0.030354131,0.040472176,0.010118044,2010s,0.0356,0.043,Brain Gain
ZMB,2011,14265814.0,657.0,657.0,32.0,32.0,0.0,0.04870624,0.04870624,0.0,2010s,0.0343,0.046,Balanced
ZMB,2012,14744658.0,754.0,754.0,33.0,23.0,10.0,0.030503979,0.043766577,0.0132626,2010s,0.0336,0.051,Brain Gain
ZMB,2013,15234976.0,884.0,884.0,40.0,42.0,-2.0,0.047511313,0.04524887,-0.0022624435,2010s,0.0333,0.058,Brain Drain
ZMB,2014,15737793.0,1011.0,1011.0,50.0,37.0,13.0,0.036597427,0.049455985,0.012858556,2010s,0.033,0.064,Brain Gain
ZMB,2015,16248230.0,1147.0,1147.0,52.0,34.0,18.0,0.029642547,0.045335658,0.015693113,2010s,0.0324,0.071,Brain Gain
ZMB,2016,16767761.0,1265.0,1265.0,42.0,51.0,-9.0,0.040316205,0.033201583,-0.0071146246,2010s,0.032,0.075,Brain Drain
ZMB,2017,17298054.0,1386.0,1386.0,70.0,43.0,27.0,0.03102453,0.05050505,0.019480519,2010s,0.0316,0.08,Brain Gain
ZMB,2018,17835893.0,1490.0,1490.0,66.0,64.0,2.0,0.04295302,0.044295304,0.0013422819,2010s,0.0311,0.084,Brain Gain
ZMB,2019,18380477.0,1607.0,1607.0,74.0,64.0,10.0,0.039825764,0.046048537,0.006222775,2010s,0.0305,0.087,Brain Gain
ZMB,2020,18927715.0,1663.0,1663.0,84.0,58.0,26.0,0.03487673,0.050511125,0.015634395,2020s,0.0298,0.088,Brain Gain
ZMB,2021,19473125.0,1635.0,1635.0,84.0,67.0,17.0,0.040978592,0.051376145,0.010397553,2020s,0.0288,0.084,Brain Gain
ZMB,2022,20017675.0,0.0,0.0,69.0,49.0,20.0,,,,2020s,0.028,0.0,Brain Gain
ZMB,2023,20017675.0,,,,,,,,,2020s,0.0,,Unknown
ZWE,1996,11178171.0,506.0,506.0,0.0,0.0,0.0,0.0,0.0,0.0,1990s,,0.045,Balanced
ZWE,1997,11362401.0,618.0,618.0,22.0,20.0,2.0,0.03236246,0.035598706,0.003236246,1990s,0.0165,0.054,Brain Gain
ZWE,1998,11548364.0,706.0,706.0,35.0,31.0,4.0,0.04390935,0.04957507,0.0056657223,1990s,0.0164,0.061,Brain Gain
ZWE,1999,11716454.0,723.0,723.0,29.0,35.0,-6.0,0.048409406,0.04011065,-0.008298756,1990s,0.0146,0.062,Brain Drain
ZWE,2000,11834676.0,734.0,734.0,24.0,41.0,-17.0,0.05585831,0.032697547,-0.023160763,2000s,0.0101,0.062,Brain Drain
ZWE,2001,11910978.0,742.0,742.0,28.0,44.0,-16.0,0.05929919,0.03773585,-0.021563342,2000s,0.0064,0.062,Brain Drain
ZWE,2002,11984644.0,711.0,711.0,27.0,58.0,-31.0,0.081575245,0.03797468,-0.043600563,2000s,0.0062,0.059,Brain Drain
ZWE,2003,12075828.0,712.0,712.0,36.0,40.0,-4.0,0.056179777,0.050561797,-0.0056179776,2000s,0.0076,0.059,Brain Drain
ZWE,2004,12160881.0,740.0,740.0,29.0,55.0,-26.0,0.074324325,0.03918919,-0.035135135,2000s,0.007,0.061,Brain Drain
ZWE,2005,12224753.0,782.0,782.0,29.0,54.0,-25.0,0.06905371,0.0370844,-0.03196931,2000s,0.0053,0.064,Brain Drain
ZWE,2006,12330490.0,792.0,792.0,25.0,55.0,-30.0,0.06944445,0.031565655,-0.03787879,2000s,0.0086,0.064,Brain Drain
ZWE,2007,12450568.0,789.0,789.0,21.0,61.0,-40.0,0.07731306,0.02661597,-0.050697085,2000s,0.0097,0.063,Brain Drain
ZWE,2008,12550347.0,815.0,815.0,24.0,60.0,-36.0,0.073619634,0.029447854,-0.04417178,2000s,0.008,0.065,Brain Drain
ZWE,2009,12679810.0,823.0,823.0,22.0,80.0,-58.0,0.09720535,0.02673147,-0.07047388,2000s,0.0103,0.065,Brain Drain
ZWE,2010,12839771.0,869.0,869.0,26.0,68.0,-42.0,0.07825086,0.029919447,-0.048331417,2010s,0.0126,0.068,Brain Drain
ZWE,2011,13025785.0,1000.0,1000.0,50.0,57.0,-7.0,0.057,0.05,-0.007,2010s,0.0145,0.077,Brain Drain
ZWE,2012,13265331.0,1168.0,1168.0,40.0,53.0,-13.0,0.04537671,0.034246575,-0.011130137,2010s,0.0184,0.088,Brain Drain
ZWE,2013,13555422.0,1284.0,1284.0,70.0,67.0,3.0,0.052180685,0.054517135,0.0023364485,2010s,0.0219,0.095,Brain Gain
ZWE,2014,13855753.0,1425.0,1425.0,64.0,57.0,7.0,0.04,0.044912282,0.0049122805,2010s,0.0222,0.103,Brain Gain
ZWE,2015,14154937.0,1518.0,1518.0,56.0,83.0,-27.0,0.054677207,0.036890645,-0.01778656,2010s,0.0216,0.107,Brain Drain
ZWE,2016,14452704.0,1639.0,1639.0,73.0,84.0,-11.0,0.051250763,0.044539355,-0.0067114094,2010s,0.021,0.113,Brain Drain
ZWE,2017,14751101.0,1752.0,1752.0,94.0,82.0,12.0,0.046803653,0.05365297,0.006849315,2010s,0.0206,0.119,Brain Gain
ZWE,2018,15052184.0,1918.0,1918.0,107.0,90.0,17.0,0.04692388,0.05578728,0.0088634,2010s,0.0204,0.127,Brain Gain
ZWE,2019,15354608.0,2048.0,2048.0,106.0,93.0,13.0,0.045410156,0.051757812,0.0063476562,2010s,0.0201,0.133,Brain Gain
ZWE,2020,15669666.0,2083.0,2083.0,89.0,99.0,-10.0,0.047527604,0.042726837,-0.004800768,2020s,0.0205,0.133,Brain Drain
ZWE,2021,15993524.0,2024.0,2024.0,113.0,121.0,-8.0,0.05978261,0.05583004,-0.0039525693,2020s,0.0207,0.127,Brain Drain
ZWE,2022,16320537.0,0.0,0.0,82.0,99.0,-17.0,,,,2020s,0.0204,0.0,Brain Drain
ZWE,2023,16320537.0,0.0,0.0,47.0,69.0,-22.0,,,,2020s,0.0,0.0,Brain Drain
